2025-12-04 15:59:19,141 [INFO] Activator:176 - 


2025-12-04 15:59:19,148 [INFO] Activator:177 - !SESSION log4j initialized
2025-12-04 15:59:31,531 [INFO] LogOutputStream:77 - [STDOUT_REDIRECT] 
2025-12-04 15:59:39,499 [INFO] ApplicationProperties:184 - Using Application install path: C:\ST\STM32CubeIDE_1.19.0\STM32CubeIDE\plugins\com.st.stm32cube.common.mx_6.15.0.202507011659
2025-12-04 15:59:39,525 [INFO] DbMcusXml:78 - Set database path to: C:\ST\STM32CubeIDE_1.19.0\STM32CubeIDE\plugins\com.st.stm32cube.common.mx_6.15.0.202507011659\\db\/mcu/
2025-12-04 15:59:39,525 [INFO] ApiDb:274 - Set plugin database path to: C:\ST\STM32CubeIDE_1.19.0\STM32CubeIDE\plugins\com.st.stm32cube.common.mx_6.15.0.202507011659\\db\/plugins/boardmanager/
2025-12-04 15:59:39,526 [WARN] ApiDb:259 - Overriding images path with different value:  => C:\ST\STM32CubeIDE_1.19.0\STM32CubeIDE\plugins\com.st.stm32cube.common.mx_6.15.0.202507011659\\db\/plugins/mcufinder/images/
2025-12-04 15:59:39,545 [INFO] ApiDb:250 - Set database path to: C:\Users\Ovi\.stmcufinder\plugins\mcufinder//mcu/
2025-12-04 15:59:39,547 [INFO] DbMcusAds:125 - Set database path to: C:\Users\Ovi\.stmcufinder\plugins\mcufinder//mcu/
2025-12-04 15:59:39,550 [INFO] CrossReferenceDbSqlite:203 - Set database path to: C:\Users\Ovi\.stmcufinder\plugins\mcufinder//mcu/cs/
2025-12-04 15:59:39,748 [INFO] RulesReader:64 - Compatibility file has been processed (317 Rules)
2025-12-04 15:59:39,879 [INFO] DbMcusXml:78 - Set database path to: C:\ST\STM32CubeIDE_1.19.0\STM32CubeIDE\plugins\com.st.stm32cube.common.mx_6.15.0.202507011659\\db\/mcu/
2025-12-04 15:59:39,880 [INFO] ApiDb:274 - Set plugin database path to: C:\ST\STM32CubeIDE_1.19.0\STM32CubeIDE\plugins\com.st.stm32cube.common.mx_6.15.0.202507011659\\db\/plugins/boardmanager/
2025-12-04 15:59:39,880 [INFO] ApiDb:261 - Set plugin images path to: C:\ST\STM32CubeIDE_1.19.0\STM32CubeIDE\plugins\com.st.stm32cube.common.mx_6.15.0.202507011659\\db\/plugins/mcufinder/images/
2025-12-04 15:59:39,880 [WARN] DbFile:41 - Overriding database path with different value: C:\Users\Ovi\.stmcufinder\plugins\mcufinder/ => C:\Users\Ovi\.stmcufinder\plugins\mcufinder
2025-12-04 15:59:39,880 [INFO] ApiDb:250 - Set database path to: C:\Users\Ovi\.stmcufinder\plugins\mcufinder//mcu/
2025-12-04 15:59:39,881 [WARN] DbFile:41 - Overriding database path with different value: C:\Users\Ovi\.stmcufinder\plugins\mcufinder/ => C:\Users\Ovi\.stmcufinder\plugins\mcufinder
2025-12-04 15:59:39,881 [INFO] DbMcusAds:125 - Set database path to: C:\Users\Ovi\.stmcufinder\plugins\mcufinder//mcu/
2025-12-04 15:59:39,881 [WARN] DbFile:41 - Overriding database path with different value: C:\Users\Ovi\.stmcufinder\plugins\mcufinder/ => C:\Users\Ovi\.stmcufinder\plugins\mcufinder
2025-12-04 15:59:39,881 [WARN] DbFile:41 - Overriding database path with different value: C:\Users\Ovi\.stmcufinder\plugins\mcufinder/ => C:\Users\Ovi\.stmcufinder\plugins\mcufinder
2025-12-04 15:59:39,881 [INFO] CrossReferenceDbSqlite:203 - Set database path to: C:\Users\Ovi\.stmcufinder\plugins\mcufinder//mcu/cs/
2025-12-04 15:59:39,999 [INFO] MainPanel:274 - HeapMemory: 268435456
2025-12-04 15:59:40,216 [INFO] DbMcusXml:78 - Set database path to: C:\ST\STM32CubeIDE_1.19.0\STM32CubeIDE\plugins\com.st.stm32cube.common.mx_6.15.0.202507011659\\db\/mcu/
2025-12-04 15:59:40,217 [INFO] ApiDb:274 - Set plugin database path to: C:\ST\STM32CubeIDE_1.19.0\STM32CubeIDE\plugins\com.st.stm32cube.common.mx_6.15.0.202507011659\\db\/plugins/boardmanager/
2025-12-04 15:59:40,217 [INFO] ApiDb:261 - Set plugin images path to: C:\ST\STM32CubeIDE_1.19.0\STM32CubeIDE\plugins\com.st.stm32cube.common.mx_6.15.0.202507011659\\db\/plugins/mcufinder/images/
2025-12-04 15:59:40,217 [WARN] DbFile:41 - Overriding database path with different value: C:\Users\Ovi\.stmcufinder\plugins\mcufinder/ => C:\Users\Ovi\.stmcufinder\plugins\mcufinder
2025-12-04 15:59:40,218 [INFO] ApiDb:250 - Set database path to: C:\Users\Ovi\.stmcufinder\plugins\mcufinder//mcu/
2025-12-04 15:59:40,218 [WARN] DbFile:41 - Overriding database path with different value: C:\Users\Ovi\.stmcufinder\plugins\mcufinder/ => C:\Users\Ovi\.stmcufinder\plugins\mcufinder
2025-12-04 15:59:40,218 [INFO] DbMcusAds:125 - Set database path to: C:\Users\Ovi\.stmcufinder\plugins\mcufinder//mcu/
2025-12-04 15:59:40,218 [WARN] DbFile:41 - Overriding database path with different value: C:\Users\Ovi\.stmcufinder\plugins\mcufinder/ => C:\Users\Ovi\.stmcufinder\plugins\mcufinder
2025-12-04 15:59:40,218 [WARN] DbFile:41 - Overriding database path with different value: C:\Users\Ovi\.stmcufinder\plugins\mcufinder/ => C:\Users\Ovi\.stmcufinder\plugins\mcufinder
2025-12-04 15:59:40,218 [INFO] CrossReferenceDbSqlite:203 - Set database path to: C:\Users\Ovi\.stmcufinder\plugins\mcufinder//mcu/cs/
2025-12-04 15:59:40,242 [INFO] ApplicationProperties:184 - Using Application install path: C:\ST\STM32CubeIDE_1.19.0\STM32CubeIDE\plugins\com.st.stm32cube.common.mx_6.15.0.202507011659
2025-12-04 15:59:40,244 [INFO] PluginManage:196 - Search for loadable plugins [exclusion list=, ]
2025-12-04 15:59:40,246 [INFO] PluginManage:310 - Check plugin analytics
2025-12-04 15:59:45,110 [INFO] AnalyticsPlugin:253 - Accepted Software Licenses: STM32CubeMX.6.16.0
2025-12-04 15:59:45,111 [INFO] AnalyticsPlugin:255 - Accepted CMSIS Pack Licenses: 
2025-12-04 15:59:45,111 [INFO] AnalyticsPlugin:257 - Accepted Firmware Licenses: 
2025-12-04 15:59:45,115 [INFO] PluginManage:359 - Loaded plugin analytics (category:tool,tabindex:-1)
2025-12-04 15:59:45,115 [INFO] PluginManage:310 - Check plugin cadmodel
2025-12-04 15:59:45,137 [INFO] CADModel:105 - Init CAD model plugin
2025-12-04 15:59:45,138 [INFO] PluginManage:359 - Loaded plugin cadmodel (category:power,tabindex:5)
2025-12-04 15:59:45,138 [INFO] PluginManage:310 - Check plugin clock
2025-12-04 15:59:45,166 [INFO] PluginManage:359 - Loaded plugin clock (category:base,tabindex:2)
2025-12-04 15:59:45,166 [INFO] PluginManage:310 - Check plugin ddr
2025-12-04 15:59:45,170 [INFO] PluginManage:359 - Loaded plugin ddr (category:tool,tabindex:6)
2025-12-04 15:59:45,170 [INFO] PluginManage:310 - Check plugin filemanager
2025-12-04 15:59:45,425 [INFO] PluginManage:359 - Loaded plugin filemanager (category:base,tabindex:10)
2025-12-04 15:59:45,425 [INFO] PluginManage:310 - Check plugin ipmanager
2025-12-04 15:59:45,435 [INFO] PluginManage:359 - Loaded plugin ipmanager (category:base,tabindex:5)
2025-12-04 15:59:45,435 [INFO] PluginManage:310 - Check plugin lpbam
2025-12-04 15:59:45,464 [INFO] PluginManage:359 - Loaded plugin lpbam (category:base,tabindex:0)
2025-12-04 15:59:45,465 [INFO] PluginManage:310 - Check plugin memorymap
2025-12-04 15:59:45,506 [INFO] PluginManage:359 - Loaded plugin memorymap (category:base,tabindex:4)
2025-12-04 15:59:45,506 [INFO] PluginManage:310 - Check plugin pinoutandconfiguration
2025-12-04 15:59:45,536 [INFO] PluginManage:359 - Loaded plugin pinoutandconfiguration (category:base,tabindex:1)
2025-12-04 15:59:45,536 [INFO] PluginManage:310 - Check plugin pinoutconfig
2025-12-04 15:59:45,673 [WARN] SupportedApi:132 - Cannot load RTOS API schema: s4s-elt-must-match.1: The content of 'definitions' must match (annotation?, (simpleType | complexType)?, (unique | key | keyref)*)). A problem was found starting at: attribute.
2025-12-04 15:59:45,879 [INFO] PluginManage:359 - Loaded plugin pinoutconfig (category:base,tabindex:0)
2025-12-04 15:59:45,879 [INFO] PluginManage:310 - Check plugin power
2025-12-04 15:59:45,926 [INFO] PluginManage:359 - Loaded plugin power (category:power,tabindex:4)
2025-12-04 15:59:45,927 [INFO] PluginManage:310 - Check plugin projectmanager
2025-12-04 15:59:45,956 [INFO] PluginManage:359 - Loaded plugin projectmanager (category:projectmanager,tabindex:4)
2025-12-04 15:59:45,956 [INFO] PluginManage:310 - Check plugin rif
2025-12-04 15:59:45,988 [INFO] PluginManage:359 - Loaded plugin rif (category:base,tabindex:3)
2025-12-04 15:59:45,988 [INFO] PluginManage:310 - Check plugin thirdparty
2025-12-04 15:59:46,489 [WARN] IntegrityCheckThread:84 - waiting for thirdparty lock release [integrity check]
2025-12-04 15:59:46,489 [INFO] PluginManage:359 - Loaded plugin thirdparty (category:base,tabindex:-1)
2025-12-04 15:59:46,490 [INFO] IntegrityCheckThread:86 - entering critical section [integrity check]
2025-12-04 15:59:46,490 [INFO] PluginManage:310 - Check plugin tools
2025-12-04 15:59:46,490 [INFO] ThirdPartyUpdaterWithRetryManager:70 - Updater plugin not ready yet. [1/15]
2025-12-04 15:59:46,554 [INFO] PluginManage:359 - Loaded plugin tools (category:base,tabindex:7)
2025-12-04 15:59:46,554 [INFO] PluginManage:310 - Check plugin tutovideos
2025-12-04 15:59:46,908 [INFO] PluginManage:359 - Loaded plugin tutovideos (category:base,tabindex:-1)
2025-12-04 15:59:46,909 [INFO] PluginManage:310 - Check plugin updater
2025-12-04 15:59:46,950 [INFO] PluginManage:359 - Loaded plugin updater (category:base,tabindex:12)
2025-12-04 15:59:46,951 [INFO] PluginManage:310 - Check plugin userauth
2025-12-04 15:59:46,957 [INFO] UserAuth:118 - Init User Auth plugin
2025-12-04 15:59:46,958 [INFO] PluginManage:359 - Loaded plugin userauth (category:base,tabindex:14)
2025-12-04 15:59:46,959 [INFO] PluginManage:283 - PluginManage : Loaded plugins [18]
2025-12-04 15:59:47,250 [INFO] PinOutPanel:1589 - setPackage(No Configuration,No Configuration)
2025-12-04 15:59:47,399 [INFO] CADModel:165 - CPN selected for project level
2025-12-04 15:59:47,400 [INFO] CADModel:114 - Register for checkConnection events
2025-12-04 15:59:47,449 [INFO] IPUIPlugin:80 - create IPUIPlugin
2025-12-04 15:59:47,450 [INFO] PluginManager:220 - loadIPPluginJar : add adc
2025-12-04 15:59:47,518 [INFO] IPUIPlugin:80 - create IPUIPlugin
2025-12-04 15:59:47,518 [INFO] PluginManager:220 - loadIPPluginJar : add aes
2025-12-04 15:59:47,594 [INFO] IPUIPlugin:80 - create IPUIPlugin
2025-12-04 15:59:47,594 [INFO] PluginManager:220 - loadIPPluginJar : add can
2025-12-04 15:59:47,646 [INFO] IPUIPlugin:80 - create IPUIPlugin
2025-12-04 15:59:47,646 [INFO] PluginManager:220 - loadIPPluginJar : add comp
2025-12-04 15:59:47,704 [INFO] IPUIPlugin:80 - create IPUIPlugin
2025-12-04 15:59:47,704 [INFO] PluginManager:220 - loadIPPluginJar : add cryp
2025-12-04 15:59:47,724 [INFO] IPUIPlugin:80 - create IPUIPlugin
2025-12-04 15:59:47,724 [INFO] PluginManager:220 - loadIPPluginJar : add ddr_ctrl_phy
2025-12-04 15:59:47,776 [INFO] IPUIPlugin:80 - create IPUIPlugin
2025-12-04 15:59:47,776 [INFO] PluginManager:220 - loadIPPluginJar : add dfsdm
2025-12-04 15:59:47,798 [INFO] IPUIPlugin:80 - create IPUIPlugin
2025-12-04 15:59:47,799 [INFO] PluginManager:220 - loadIPPluginJar : add dma
2025-12-04 15:59:47,874 [INFO] IPUIPlugin:80 - create IPUIPlugin
2025-12-04 15:59:47,874 [INFO] PluginManager:220 - loadIPPluginJar : add dma3
2025-12-04 15:59:47,948 [INFO] IPUIPlugin:80 - create IPUIPlugin
2025-12-04 15:59:47,948 [INFO] PluginManager:220 - loadIPPluginJar : add extmemmanager
2025-12-04 15:59:47,990 [INFO] IPUIPlugin:80 - create IPUIPlugin
2025-12-04 15:59:47,991 [INFO] PluginManager:220 - loadIPPluginJar : add fatfs
2025-12-04 15:59:48,077 [INFO] IPUIPlugin:80 - create IPUIPlugin
2025-12-04 15:59:48,078 [INFO] PluginManager:220 - loadIPPluginJar : add fmc
2025-12-04 15:59:48,101 [INFO] IPUIPlugin:80 - create IPUIPlugin
2025-12-04 15:59:48,101 [INFO] PluginManager:220 - loadIPPluginJar : add freertos
2025-12-04 15:59:48,141 [INFO] IPUIPlugin:80 - create IPUIPlugin
2025-12-04 15:59:48,141 [INFO] PluginManager:220 - loadIPPluginJar : add genericplugin
2025-12-04 15:59:48,314 [INFO] IPUIPlugin:80 - create IPUIPlugin
2025-12-04 15:59:48,314 [INFO] PluginManager:220 - loadIPPluginJar : add gfxmmu
2025-12-04 15:59:48,576 [INFO] IPUIPlugin:80 - create IPUIPlugin
2025-12-04 15:59:48,576 [INFO] PluginManager:220 - loadIPPluginJar : add gic
2025-12-04 15:59:48,600 [INFO] IPUIPlugin:80 - create IPUIPlugin
2025-12-04 15:59:48,600 [INFO] PluginManager:220 - loadIPPluginJar : add gpio
2025-12-04 15:59:48,777 [INFO] IPUIPlugin:80 - create IPUIPlugin
2025-12-04 15:59:48,777 [INFO] PluginManager:220 - loadIPPluginJar : add gtzc
2025-12-04 15:59:48,843 [INFO] IPUIPlugin:80 - create IPUIPlugin
2025-12-04 15:59:48,844 [INFO] PluginManager:220 - loadIPPluginJar : add hash
2025-12-04 15:59:48,963 [INFO] IPUIPlugin:80 - create IPUIPlugin
2025-12-04 15:59:48,964 [INFO] PluginManager:220 - loadIPPluginJar : add i2c
2025-12-04 15:59:49,048 [INFO] IPUIPlugin:80 - create IPUIPlugin
2025-12-04 15:59:49,048 [INFO] PluginManager:220 - loadIPPluginJar : add i2s
2025-12-04 15:59:49,137 [INFO] IPUIPlugin:80 - create IPUIPlugin
2025-12-04 15:59:49,138 [INFO] PluginManager:220 - loadIPPluginJar : add i3c
2025-12-04 15:59:49,327 [INFO] IPUIPlugin:80 - create IPUIPlugin
2025-12-04 15:59:49,327 [INFO] PluginManager:220 - loadIPPluginJar : add ipddr
2025-12-04 15:59:49,491 [INFO] ThirdPartyUpdaterWithRetryManager:70 - Updater plugin not ready yet. [2/15]
2025-12-04 15:59:49,515 [INFO] IPUIPlugin:80 - create IPUIPlugin
2025-12-04 15:59:49,516 [INFO] PluginManager:220 - loadIPPluginJar : add linkedlist
2025-12-04 15:59:49,587 [INFO] IPUIPlugin:80 - create IPUIPlugin
2025-12-04 15:59:49,588 [INFO] PluginManager:220 - loadIPPluginJar : add lorawan
2025-12-04 15:59:49,661 [INFO] IPUIPlugin:80 - create IPUIPlugin
2025-12-04 15:59:49,661 [INFO] PluginManager:220 - loadIPPluginJar : add ltdc
2025-12-04 15:59:49,720 [INFO] IPUIPlugin:80 - create IPUIPlugin
2025-12-04 15:59:49,721 [INFO] PluginManager:220 - loadIPPluginJar : add mdma
2025-12-04 15:59:49,749 [INFO] IPUIPlugin:80 - create IPUIPlugin
2025-12-04 15:59:49,749 [INFO] PluginManager:220 - loadIPPluginJar : add nvic
2025-12-04 15:59:49,835 [INFO] IPUIPlugin:80 - create IPUIPlugin
2025-12-04 15:59:49,835 [INFO] PluginManager:220 - loadIPPluginJar : add opamp
2025-12-04 15:59:49,957 [INFO] IPUIPlugin:80 - create IPUIPlugin
2025-12-04 15:59:49,957 [INFO] PluginManager:220 - loadIPPluginJar : add openamp
2025-12-04 15:59:50,044 [INFO] IPUIPlugin:80 - create IPUIPlugin
2025-12-04 15:59:50,045 [INFO] PluginManager:220 - loadIPPluginJar : add pdm2pcm
2025-12-04 15:59:50,074 [INFO] IPUIPlugin:80 - create IPUIPlugin
2025-12-04 15:59:50,078 [INFO] PluginManager:220 - loadIPPluginJar : add plateformsettings
2025-12-04 15:59:50,145 [INFO] IPUIPlugin:80 - create IPUIPlugin
2025-12-04 15:59:50,146 [INFO] PluginManager:220 - loadIPPluginJar : add quadspi
2025-12-04 15:59:50,201 [INFO] IPUIPlugin:80 - create IPUIPlugin
2025-12-04 15:59:50,202 [INFO] PluginManager:220 - loadIPPluginJar : add radio
2025-12-04 15:59:50,228 [INFO] IPUIPlugin:80 - create IPUIPlugin
2025-12-04 15:59:50,229 [INFO] PluginManager:220 - loadIPPluginJar : add resmgrutility
2025-12-04 15:59:50,317 [INFO] IPUIPlugin:80 - create IPUIPlugin
2025-12-04 15:59:50,317 [INFO] PluginManager:220 - loadIPPluginJar : add sai
2025-12-04 15:59:50,388 [INFO] IPUIPlugin:80 - create IPUIPlugin
2025-12-04 15:59:50,389 [INFO] PluginManager:220 - loadIPPluginJar : add spi
2025-12-04 15:59:50,524 [INFO] IPUIPlugin:80 - create IPUIPlugin
2025-12-04 15:59:50,524 [INFO] PluginManager:220 - loadIPPluginJar : add stm32_wpan
2025-12-04 15:59:50,570 [INFO] IPUIPlugin:80 - create IPUIPlugin
2025-12-04 15:59:50,570 [INFO] PluginManager:220 - loadIPPluginJar : add tim
2025-12-04 15:59:50,695 [INFO] IPUIPlugin:80 - create IPUIPlugin
2025-12-04 15:59:50,695 [INFO] PluginManager:220 - loadIPPluginJar : add touchsensing
2025-12-04 15:59:50,740 [INFO] IPUIPlugin:80 - create IPUIPlugin
2025-12-04 15:59:50,741 [INFO] PluginManager:220 - loadIPPluginJar : add tracer_emb
2025-12-04 15:59:50,800 [INFO] IPUIPlugin:80 - create IPUIPlugin
2025-12-04 15:59:50,800 [INFO] PluginManager:220 - loadIPPluginJar : add ts
2025-12-04 15:59:50,847 [INFO] IPUIPlugin:80 - create IPUIPlugin
2025-12-04 15:59:50,847 [INFO] PluginManager:220 - loadIPPluginJar : add tsc
2025-12-04 15:59:50,894 [INFO] IPUIPlugin:80 - create IPUIPlugin
2025-12-04 15:59:50,894 [INFO] PluginManager:220 - loadIPPluginJar : add ucpd
2025-12-04 15:59:50,991 [INFO] IPUIPlugin:80 - create IPUIPlugin
2025-12-04 15:59:50,991 [INFO] PluginManager:220 - loadIPPluginJar : add usart
2025-12-04 15:59:51,080 [INFO] IPUIPlugin:80 - create IPUIPlugin
2025-12-04 15:59:51,080 [INFO] PluginManager:220 - loadIPPluginJar : add usbx
2025-12-04 15:59:51,241 [FATAL] Updater:351 - Updater called before beeing initialized
2025-12-04 15:59:51,297 [INFO] RulesReader:64 - Compatibility file has been processed (317 Rules)
2025-12-04 15:59:51,319 [INFO] RulesReader:64 - Compatibility file has been processed (317 Rules)
2025-12-04 15:59:51,333 [INFO] CADModel:165 - CPN selected for project level
2025-12-04 15:59:51,333 [INFO] CADModel:114 - Register for checkConnection events
2025-12-04 15:59:51,333 [FATAL] Updater:351 - Updater called before beeing initialized
2025-12-04 15:59:51,334 [ERROR] CADModel:125 - Updater not yet initialized, retry later 
2025-12-04 15:59:51,554 [FATAL] Updater:351 - Updater called before beeing initialized
2025-12-04 15:59:51,558 [INFO] CADModel:165 - CPN selected for project level
2025-12-04 15:59:51,558 [INFO] CADModel:114 - Register for checkConnection events
2025-12-04 15:59:51,558 [FATAL] Updater:351 - Updater called before beeing initialized
2025-12-04 15:59:51,558 [ERROR] CADModel:125 - Updater not yet initialized, retry later 
2025-12-04 15:59:51,563 [FATAL] Updater:351 - Updater called before beeing initialized
2025-12-04 15:59:51,768 [FATAL] Updater:351 - Updater called before beeing initialized
2025-12-04 15:59:51,786 [INFO] DbMcusAds:53 - JSON generation date=Tue Nov 25 16:08:32 EET 2025 (1764079712175)
2025-12-04 15:59:51,787 [FATAL] Updater:351 - Updater called before beeing initialized
2025-12-04 15:59:51,864 [WARN] DetailPanel:346 - Failed to get advertising image, set to default
2025-12-04 15:59:52,002 [FATAL] Updater:351 - Updater called before beeing initialized
2025-12-04 15:59:52,004 [FATAL] Updater:351 - Updater called before beeing initialized
2025-12-04 15:59:52,005 [FATAL] Updater:351 - Updater called before beeing initialized
2025-12-04 15:59:52,005 [WARN] DetailPanel:346 - Failed to get advertising image, set to default
2025-12-04 15:59:52,006 [FATAL] Updater:351 - Updater called before beeing initialized
2025-12-04 15:59:52,109 [ERROR] Updater:1198 - MainUpdater not yet initialized. External WinMGr cannot be set.
2025-12-04 15:59:52,126 [INFO] Updater:1134 - Updater Version found : 6.15.0
2025-12-04 15:59:52,154 [INFO] ApplicationProperties:184 - Using Application install path: C:\ST\STM32CubeIDE_1.19.0\STM32CubeIDE\plugins\com.st.stm32cube.common.mx_6.15.0.202507011659
2025-12-04 15:59:52,492 [INFO] ThirdPartyUpdaterWithRetryManager:70 - Updater plugin not ready yet. [3/15]
2025-12-04 15:59:52,888 [INFO] MainUpdater:2872 - connection check result : 10
2025-12-04 15:59:52,890 [INFO] MainUpdater:289 - Updater Check For Update Now.
2025-12-04 15:59:52,890 [INFO] MicroXplorer:498 - Change Database Version : DB.6.0.150
2025-12-04 15:59:52,921 [INFO] McuFinderGlobals:63 - Set McuFinder mode to 2 (CubeIDE integrated)
2025-12-04 15:59:52,922 [INFO] UserAuth:171 - activating auth plugin
2025-12-04 15:59:52,929 [INFO] UserAuth:487 - Internet connection configuration mode: 1
2025-12-04 15:59:52,999 [INFO] JxBrowserEngine:152 - Initiate JxBrowser Engine with user profile folder
2025-12-04 15:59:53,253 [INFO] CheckServerUpdateThread:120 - End of CheckServer Thread
2025-12-04 15:59:55,999 [INFO] WebApp:169 - Instantiating new browser for Auth
2025-12-04 15:59:56,153 [WARN] PackLoader:240 - Cannot read IP mode file for STMicroelectronics.FP-SNS-MOTENVWB1.1.4.0
2025-12-04 15:59:56,190 [WARN] PackLoader:240 - Cannot read IP mode file for STMicroelectronics.FP-ATR-ASTRA1.2.0.2
2025-12-04 15:59:56,221 [WARN] PackLoader:240 - Cannot read IP mode file for STMicroelectronics.X-CUBE-SMBUS.2.1.0
2025-12-04 15:59:56,325 [WARN] PackLoader:240 - Cannot read IP mode file for STMicroelectronics.X-CUBE-AZRTOS-F7.1.1.0
2025-12-04 15:59:56,371 [WARN] PackLoader:240 - Cannot read IP mode file for STMicroelectronics.FP-SNS-MOTENV1.5.1.0
2025-12-04 15:59:56,419 [WARN] PackLoader:240 - Cannot read IP mode file for WES.I-CUBE-Cesium.1.4.0
2025-12-04 15:59:56,556 [WARN] PackLoader:240 - Cannot read IP mode file for STMicroelectronics.X-CUBE-AZRTOS-H7.3.4.0
2025-12-04 15:59:56,604 [WARN] PackLoader:240 - Cannot read IP mode file for STMicroelectronics.X-CUBE-DISPLAY.3.0.0
2025-12-04 15:59:56,652 [WARN] PackLoader:240 - Cannot read IP mode file for STMicroelectronics.X-CUBE-NFC10.1.0.0
2025-12-04 15:59:56,771 [WARN] PackLoader:240 - Cannot read IP mode file for STMicroelectronics.X-CUBE-ST60.1.1.0
2025-12-04 15:59:56,830 [WARN] PackLoader:240 - Cannot read IP mode file for emotas.I-CUBE-CANOPEN.1.3.0
2025-12-04 15:59:56,859 [WARN] PackLoader:240 - Cannot read IP mode file for STMicroelectronics.X-CUBE-GNSS1.7.1.0
2025-12-04 15:59:56,897 [WARN] PackLoader:240 - Cannot read IP mode file for STMicroelectronics.FP-SNS-STBOX1.2.1.0
2025-12-04 15:59:56,928 [WARN] PackLoader:240 - Cannot read IP mode file for STMicroelectronics.FP-SNS-SMARTAG2.1.2.0
2025-12-04 15:59:56,958 [WARN] PackLoader:240 - Cannot read IP mode file for STMicroelectronics.FP-SNS-FLIGHT1.5.1.0
2025-12-04 15:59:57,002 [INFO] LogOutputStream:77 - [STDOUT_REDIRECT] 1 : Invalid condition id : UX_CORESTACK_Condition cause : null
2025-12-04 15:59:57,003 [INFO] LogOutputStream:77 - [STDOUT_REDIRECT] 1 : Invalid condition id : UX_CORESTACK_Condition cause : null
2025-12-04 15:59:57,009 [INFO] LogOutputStream:77 - [STDOUT_REDIRECT] 1 : Invalid condition id : UX_CORESTACK_Condition cause : null
2025-12-04 15:59:57,011 [INFO] LogOutputStream:77 - [STDOUT_REDIRECT] 1 : Invalid condition id : UX_CORESTACK_Condition cause : null
2025-12-04 15:59:57,016 [INFO] LogOutputStream:77 - [STDOUT_REDIRECT] 1 : Invalid condition id : UX_CORESTACK_Condition cause : null
2025-12-04 15:59:57,023 [WARN] PackLoader:240 - Cannot read IP mode file for STMicroelectronics.X-CUBE-AZRTOS-WL.2.0.0
2025-12-04 15:59:57,151 [WARN] PackLoader:240 - Cannot read IP mode file for STMicroelectronics.X-CUBE-AZRTOS-H7RS.1.2.0
2025-12-04 15:59:57,203 [WARN] PackLoader:240 - Cannot read IP mode file for STMicroelectronics.X-CUBE-BLE2.3.3.0
2025-12-04 15:59:57,340 [WARN] PackLoader:240 - Cannot read IP mode file for Infineon.AIROC-Wi-Fi-Bluetooth-STM32.1.8.0
2025-12-04 15:59:57,383 [WARN] PackLoader:240 - Cannot read IP mode file for STMicroelectronics.X-CUBE-NFC9.1.0.0
2025-12-04 15:59:57,418 [WARN] PackLoader:240 - Cannot read IP mode file for wolfSSL.I-CUBE-wolfSSL.5.8.2
2025-12-04 15:59:57,449 [WARN] PackLoader:240 - Cannot read IP mode file for STMicroelectronics.X-CUBE-BLE1.7.1.0
2025-12-04 15:59:57,477 [WARN] PackLoader:240 - Cannot read IP mode file for wolfSSL.I-CUBE-wolfMQTT.1.19.2
2025-12-04 15:59:57,518 [WARN] PackLoader:240 - Cannot read IP mode file for STMicroelectronics.X-CUBE-FREERTOS.1.4.0
2025-12-04 15:59:57,557 [WARN] PackLoader:240 - Cannot read IP mode file for STMicroelectronics.X-CUBE-EEPRMA1.5.2.0
2025-12-04 15:59:57,591 [WARN] PackLoader:240 - Cannot read IP mode file for Cesanta.I-CUBE-Mongoose.7.20.0
2025-12-04 15:59:57,618 [WARN] PackLoader:240 - Cannot read IP mode file for STMicroelectronics.X-CUBE-ST67W61.1.1.0
2025-12-04 15:59:57,831 [WARN] PackLoader:240 - Cannot read IP mode file for STMicroelectronics.X-CUBE-MEMS1.12.0.0
2025-12-04 15:59:57,939 [INFO] WebApp:463 - Apply proxy settings
2025-12-04 15:59:57,940 [INFO] WebApp:548 - Chromium requires no authentication
2025-12-04 15:59:57,959 [INFO] WebApp:491 - Direct internet connection detected
2025-12-04 15:59:58,017 [INFO] WebApp:900 - Register for checkConnection events
2025-12-04 15:59:58,018 [INFO] WebApp:463 - Apply proxy settings
2025-12-04 15:59:58,018 [INFO] WebApp:548 - Chromium requires no authentication
2025-12-04 15:59:58,019 [INFO] WebApp:491 - Direct internet connection detected
2025-12-04 15:59:58,177 [WARN] PackLoader:240 - Cannot read IP mode file for STMicroelectronics.X-CUBE-AZRTOS-G0.1.1.0
2025-12-04 15:59:58,209 [WARN] PackLoader:240 - Cannot read IP mode file for STMicroelectronics.X-CUBE-NFC4.3.0.0
2025-12-04 15:59:58,252 [WARN] PackLoader:240 - Cannot read IP mode file for EmbeddedOffice.I-CUBE-FS-RTOS.1.0.1
2025-12-04 15:59:58,281 [WARN] PackLoader:240 - Cannot read IP mode file for STMicroelectronics.X-CUBE-WB05N.2.0.0
2025-12-04 15:59:58,311 [WARN] PackLoader:240 - Cannot read IP mode file for wolfSSL.I-CUBE-wolfTPM.3.8.0
2025-12-04 15:59:58,353 [WARN] PackLoader:240 - Cannot read IP mode file for STMicroelectronics.X-CUBE-TCPP.4.2.0
2025-12-04 15:59:58,392 [WARN] PackLoader:240 - Cannot read IP mode file for RealThread.X-CUBE-RT-Thread_Nano.4.1.1
2025-12-04 15:59:58,434 [WARN] PackLoader:240 - Cannot read IP mode file for STMicroelectronics.FP-ATR-SIGFOX1.3.2.0
2025-12-04 15:59:58,509 [WARN] PackLoader:240 - Cannot read IP mode file for ITTIA_DB.I-CUBE-ITTIADB.8.9.0
2025-12-04 15:59:58,543 [WARN] PackLoader:240 - Cannot read IP mode file for STMicroelectronics.X-CUBE-AI.10.2.0
2025-12-04 15:59:58,562 [INFO] WebApp:191 - Connection restablished
2025-12-04 15:59:58,634 [WARN] PackLoader:240 - Cannot read IP mode file for SEGGER.I-CUBE-embOS.1.3.1
2025-12-04 15:59:58,668 [INFO] WebApp:225 - Starting web application
2025-12-04 15:59:58,669 [INFO] WebApp:593 - Web application path used C:\ST\STM32CubeIDE_1.19.0\STM32CubeIDE\plugins\com.st.stm32cube.common.mx_6.15.0.202507011659\db\plugins\mcufinder\reactClient1\index.html
2025-12-04 15:59:58,796 [WARN] PackLoader:240 - Cannot read IP mode file for STMicroelectronics.X-CUBE-ALGOBUILD.1.4.0
2025-12-04 15:59:58,828 [WARN] PackLoader:240 - Cannot read IP mode file for STMicroelectronics.X-CUBE-PM33A1.1.0.0
2025-12-04 15:59:58,909 [WARN] PackLoader:240 - Cannot read IP mode file for STMicroelectronics.X-CUBE-AZRTOS-F4.1.1.0
2025-12-04 15:59:58,951 [WARN] PackLoader:240 - Cannot read IP mode file for STMicroelectronics.X-CUBE-ISPU.2.1.0
2025-12-04 15:59:59,043 [WARN] PackLoader:240 - Cannot read IP mode file for STMicroelectronics.X-CUBE-IPS.3.2.0
2025-12-04 15:59:59,210 [WARN] PackLoader:240 - Cannot read IP mode file for STMicroelectronics.X-CUBE-NFC12.1.0.0
2025-12-04 15:59:59,308 [WARN] PackLoader:240 - Cannot read IP mode file for STMicroelectronics.X-CUBE-AZRTOS-L5.2.0.0
2025-12-04 15:59:59,376 [WARN] PackLoader:240 - Cannot read IP mode file for STMicroelectronics.X-CUBE-NFC6.3.1.0
2025-12-04 15:59:59,409 [WARN] PackLoader:240 - Cannot read IP mode file for STMicroelectronics.X-CUBE-TOUCHGFX.4.26.0
2025-12-04 15:59:59,481 [WARN] PackLoader:240 - Cannot read IP mode file for STMicroelectronics.FP-SNS-STAIOTCFT.1.0.0
2025-12-04 15:59:59,511 [WARN] PackLoader:240 - Cannot read IP mode file for STMicroelectronics.X-CUBE-DPower.1.3.0
2025-12-04 15:59:59,586 [WARN] ConditionMgr:438 - getConditionDescription Invalid condition id : LAN8742 Phy interface Condition cause : null
2025-12-04 15:59:59,589 [WARN] PackLoader:240 - Cannot read IP mode file for STMicroelectronics.X-CUBE-AZRTOS-L4.2.0.0
2025-12-04 15:59:59,591 [WARN] ConditionMgr:1044 - genDependencies : Invalid condition id : LAN8742 Phy interface Condition cause : null
2025-12-04 15:59:59,591 [WARN] ConditionMgr:1044 - genDependencies : Invalid condition id : LAN8742 Phy interface Condition cause : null
2025-12-04 15:59:59,592 [WARN] ConditionMgr:1044 - genDependencies : Invalid condition id : LAN8742 Phy interface Condition cause : null
2025-12-04 15:59:59,626 [WARN] PackLoader:240 - Cannot read IP mode file for STMicroelectronics.X-CUBE-SFXS2LP1.4.0.0
2025-12-04 15:59:59,678 [WARN] PackLoader:240 - Cannot read IP mode file for STMicroelectronics.X-CUBE-BLEMGR.4.1.0
2025-12-04 15:59:59,797 [WARN] ConditionMgr:438 - getConditionDescription Invalid condition id : UX DEVICE CLASS RTOS Condition cause : null
2025-12-04 15:59:59,798 [WARN] ConditionMgr:438 - getConditionDescription Invalid condition id : UX DEVICE CLASS RTOS Condition cause : null
2025-12-04 15:59:59,802 [WARN] PackLoader:240 - Cannot read IP mode file for STMicroelectronics.X-CUBE-AZRTOS-WB.2.0.0
2025-12-04 15:59:59,803 [WARN] ConditionMgr:1044 - genDependencies : Invalid condition id : UX DEVICE CLASS RTOS Condition cause : null
2025-12-04 15:59:59,803 [WARN] ConditionMgr:1044 - genDependencies : Invalid condition id : UX DEVICE CLASS RTOS Condition cause : null
2025-12-04 15:59:59,804 [WARN] ConditionMgr:1044 - genDependencies : Invalid condition id : UX DEVICE CLASS RTOS Condition cause : null
2025-12-04 15:59:59,805 [WARN] ConditionMgr:1044 - genDependencies : Invalid condition id : UX DEVICE CLASS RTOS Condition cause : null
2025-12-04 15:59:59,806 [WARN] ConditionMgr:1044 - genDependencies : Invalid condition id : UX DEVICE CLASS RTOS Condition cause : null
2025-12-04 15:59:59,901 [WARN] ConditionMgr:438 - getConditionDescription Invalid condition id : Cortex-A Device cause : null
2025-12-04 16:00:00,002 [WARN] ConditionMgr:1044 - genDependencies : Invalid condition id : Cortex-A Device cause : null
2025-12-04 16:00:00,002 [WARN] ConditionMgr:1044 - genDependencies : Invalid condition id : Cortex-A Device cause : null
2025-12-04 16:00:00,002 [WARN] ConditionMgr:1044 - genDependencies : Invalid condition id : Cortex-A Device cause : null
2025-12-04 16:00:00,542 [WARN] PackLoader:240 - Cannot read IP mode file for STMicroelectronics.X-CUBE-SUBG2.5.0.0
2025-12-04 16:00:00,636 [WARN] PackLoader:240 - Cannot read IP mode file for STMicroelectronics.X-CUBE-AZRTOS-G4.2.0.0
2025-12-04 16:00:00,676 [WARN] PackLoader:240 - Cannot read IP mode file for wolfSSL.I-CUBE-wolfSSH.1.4.20
2025-12-04 16:00:00,706 [WARN] PackLoader:240 - Cannot read IP mode file for STMicroelectronics.X-CUBE-NFC7.2.0.0
2025-12-04 16:00:00,750 [WARN] PackLoader:240 - Cannot read IP mode file for STMicroelectronics.X-CUBE-ALS.1.0.2
2025-12-04 16:00:00,799 [WARN] PackLoader:240 - Cannot read IP mode file for STMicroelectronics.X-CUBE-STSE01.1.0.0
2025-12-04 16:00:00,849 [WARN] PackLoader:240 - Cannot read IP mode file for STMicroelectronics.X-CUBE-TOF1.3.4.3
2025-12-04 16:00:00,867 [INFO] ThirdParty:978 - Integrity check success = true
2025-12-04 16:00:00,867 [INFO] IntegrityCheckThread:100 - exiting critical section [integrity check]
2025-12-04 16:00:00,867 [INFO] IntegrityCheckThread:103 - End integrity checks thread
2025-12-04 16:07:21,129 [INFO] WebApp:194 - Connection lost
2025-12-04 16:07:21,315 [INFO] WebApp:191 - Connection restablished
2025-12-04 16:28:03,129 [INFO] McuFinderGlobals:63 - Set McuFinder mode to 2 (CubeIDE integrated)
2025-12-04 16:28:09,922 [INFO] MainUpdater:2872 - connection check result : 10
2025-12-04 16:28:09,934 [INFO] MainUpdater:2872 - connection check result : 10
2025-12-04 16:28:10,176 [INFO] MicroXplorer:468 - Change Database Path : 
2025-12-04 16:28:10,176 [INFO] MicroXplorer:498 - Change Database Version : DB.6.0.150
2025-12-04 16:28:10,204 [WARN] ThirdParty:871 - waiting for thirdparty lock release [close project]
2025-12-04 16:28:10,204 [INFO] ThirdParty:873 - entering critical section [close project]
2025-12-04 16:28:10,207 [INFO] ThirdParty:883 - exiting critical section [close project]
2025-12-04 16:28:10,210 [INFO] PinOutPanel:1589 - setPackage(No Configuration,No Configuration)
2025-12-04 16:28:10,212 [INFO] UtilMem:75 - Begin LoadConfig() Used Memory: 542665912 Bytes (1073741824)
2025-12-04 16:28:10,214 [INFO] MicroXplorer:468 - Change Database Path : 
2025-12-04 16:28:10,214 [INFO] MicroXplorer:498 - Change Database Version : DB.6.0.150
2025-12-04 16:28:10,214 [INFO] OpenFileManager:355 - Change cursor
2025-12-04 16:28:10,279 [INFO] Mcu:2029 - Initializing MCU STM32F103C(8-B)Tx STM32F103C8Tx STM32F103C8T6
2025-12-04 16:28:11,732 [INFO] Context:786 - Trying to add GPIOservice into a context  which must be forbidden
2025-12-04 16:28:12,098 [INFO] ImportTextPane:234 - (OptionalMessage_ERROR) Pin10 (VP_RIF_VS_RIF1) cannot be retrieved for this MCU
2025-12-04 16:28:12,312 [INFO] RtosManager:558 - Registered RTOS mode: class=CMSIS, group=RTOS, mode=CMSIS_V1, owner=FREERTOS
2025-12-04 16:28:12,312 [INFO] RtosManager:558 - Registered RTOS mode: class=CMSIS, group=RTOS2, mode=CMSIS_V2, owner=FREERTOS
2025-12-04 16:28:12,313 [INFO] RtosManager:558 - Registered RTOS mode: class=RTOS, group=Core, mode=CMSIS_V1, owner=FREERTOS
2025-12-04 16:28:12,313 [INFO] RtosManager:558 - Registered RTOS mode: class=RTOS, group=Core, mode=CMSIS_V2, owner=FREERTOS
2025-12-04 16:28:12,313 [WARN] ModelIntegratedComponent:184 - Missing modes for component STMicroelectronics:FreeRTOS:0.0.1:STMicroelectronics:RTOS:FreeRTOS:Core:::10.2.0:
2025-12-04 16:28:12,336 [WARN] ModelIntegratedComponent:63 - No mode defined for component null
2025-12-04 16:28:12,336 [WARN] ModelIntegratedComponent:63 - No mode defined for component null
2025-12-04 16:28:12,336 [WARN] ModelIntegratedComponent:63 - No mode defined for component null
2025-12-04 16:28:12,336 [WARN] ModelIntegratedComponent:63 - No mode defined for component null
2025-12-04 16:28:12,336 [WARN] ModelIntegratedComponent:63 - No mode defined for component null
2025-12-04 16:28:12,336 [WARN] ModelIntegratedComponent:63 - No mode defined for component null
2025-12-04 16:28:12,336 [WARN] ModelIntegratedComponent:63 - No mode defined for component null
2025-12-04 16:28:12,336 [WARN] ModelIntegratedComponent:63 - No mode defined for component null
2025-12-04 16:28:12,336 [WARN] ModelIntegratedComponent:63 - No mode defined for component null
2025-12-04 16:28:12,336 [WARN] ModelIntegratedComponent:63 - No mode defined for component null
2025-12-04 16:28:12,336 [WARN] ModelIntegratedComponent:63 - No mode defined for component null
2025-12-04 16:28:12,336 [WARN] ModelIntegratedComponent:63 - No mode defined for component null
2025-12-04 16:28:12,336 [WARN] ModelIntegratedComponent:63 - No mode defined for component null
2025-12-04 16:28:12,337 [WARN] ModelIntegratedComponent:63 - No mode defined for component null
2025-12-04 16:28:12,337 [WARN] ModelIntegratedComponent:63 - No mode defined for component null
2025-12-04 16:28:12,337 [WARN] ModelIntegratedComponent:63 - No mode defined for component null
2025-12-04 16:28:12,337 [WARN] ModelIntegratedComponent:63 - No mode defined for component null
2025-12-04 16:28:12,337 [WARN] ModelIntegratedComponent:63 - No mode defined for component null
2025-12-04 16:28:12,337 [WARN] ModelIntegratedComponent:63 - No mode defined for component null
2025-12-04 16:28:12,337 [WARN] ModelIntegratedComponent:63 - No mode defined for component null
2025-12-04 16:28:12,337 [WARN] ModelIntegratedComponent:63 - No mode defined for component null
2025-12-04 16:28:12,337 [WARN] ModelIntegratedComponent:63 - No mode defined for component null
2025-12-04 16:28:12,337 [WARN] ModelIntegratedComponent:63 - No mode defined for component null
2025-12-04 16:28:12,337 [WARN] ModelIntegratedComponent:63 - No mode defined for component null
2025-12-04 16:28:12,338 [WARN] ModelIntegratedComponent:63 - No mode defined for component null
2025-12-04 16:28:12,338 [WARN] ModelIntegratedComponent:63 - No mode defined for component null
2025-12-04 16:28:12,338 [WARN] ModelIntegratedComponent:63 - No mode defined for component null
2025-12-04 16:28:12,338 [WARN] ModelIntegratedComponent:63 - No mode defined for component null
2025-12-04 16:28:12,338 [WARN] ModelIntegratedComponent:63 - No mode defined for component null
2025-12-04 16:28:12,338 [WARN] ModelIntegratedComponent:63 - No mode defined for component null
2025-12-04 16:28:12,338 [WARN] ModelIntegratedComponent:63 - No mode defined for component null
2025-12-04 16:28:12,339 [WARN] ModelIntegratedComponent:63 - No mode defined for component null
2025-12-04 16:28:12,339 [WARN] ModelIntegratedComponent:63 - No mode defined for component null
2025-12-04 16:28:12,339 [WARN] ModelIntegratedComponent:63 - No mode defined for component null
2025-12-04 16:28:12,339 [WARN] ModelIntegratedComponent:63 - No mode defined for component null
2025-12-04 16:28:12,339 [WARN] ModelPack:524 - Component already loaded: STMicroelectronics:HAL Drivers:0.0.0:STMicroelectronics:Device:STMicro_Driver:XSPI:HAL::0.0.1:HAL_XSPI
2025-12-04 16:28:12,389 [INFO] ThirdPartyModel:298 - Start build external matchings
2025-12-04 16:28:12,827 [INFO] ThirdPartyModel:316 - End build external matchings
2025-12-04 16:28:13,269 [INFO] ApiDb:581 - Connected to CubeFinder SQLite database (C:\Users\Ovi\.stmcufinder\plugins\mcufinder\mcu\cube-finder-db.db)
2025-12-04 16:28:13,509 [INFO] ApiDb:668 - CubeFinder database Data Model version=2.1
2025-12-04 16:28:13,509 [INFO] ApiDb:669 - CubeFinder database Configuration version=3.0.39
2025-12-04 16:28:13,510 [INFO] ApiDb:670 - CubeFinder database generation date=2025-11-05 (1762334721)
2025-12-04 16:28:13,510 [INFO] ApiDb:671 - CubeFinder database FW Pack versions=[FP-ATR-ASTRA1_V2.0.0, FP-SNS-FLIGHT1_V5.1.0, FP-SNS-MOTENV1_V5.1.0, FP-SNS-MOTENVWB1_V1.4.0, FP-SNS-SMARTAG2_V1.2.0, FP-SNS-STBOX1_V2.1.0, STM32Cube_FW_C0_V1.4.0, STM32Cube_FW_F4_V1.28.3, STM32Cube_FW_F7_V1.17.4, STM32Cube_FW_G0_V1.6.2, STM32Cube_FW_G4_V1.6.1, STM32Cube_FW_H5_V1.5.1, STM32Cube_FW_H7RS_V1.3.0, STM32Cube_FW_H7_V1.12.1, STM32Cube_FW_L0_V1.12.2, STM32Cube_FW_L4_V1.18.1, STM32Cube_FW_L5_V1.6.0, STM32Cube_FW_N6_V1.3.0, STM32Cube_FW_U0_V1.3.0, STM32Cube_FW_U3_V1.2.1, STM32Cube_FW_U5_V1.8.0, STM32Cube_FW_WB0_V1.4.0, STM32Cube_FW_WBA_V1.8.0, STM32Cube_FW_WB_V1.24.0, STM32Cube_FW_WL3_V1.3.0, STM32Cube_FW_WL_V1.4.0, X-CUBE-ALGOBUILD_V1.4.0, X-CUBE-ALS_V1.0.2, X-CUBE-AZRTOS-F4_V1.1.0, X-CUBE-AZRTOS-F7_V1.1.0, X-CUBE-AZRTOS-G0_V1.1.0, X-CUBE-AZRTOS-G4_V2.0.0, X-CUBE-AZRTOS-H7RS_V1.1.0, X-CUBE-AZRTOS-H7_V3.4.0, X-CUBE-AZRTOS-L4_V2.0.0, X-CUBE-AZRTOS-L5_V2.0.0, X-CUBE-AZRTOS-WB_V2.0.0, X-CUBE-AZRTOS-WL_V2.0.0, X-CUBE-BLE1_V7.1.0, X-CUBE-BLE2_V3.3.0, X-CUBE-BLEMGR_V4.1.0, X-CUBE-EEPRMA1_V5.2.0, X-CUBE-FREERTOS_V1.3.1, X-CUBE-GNSS1_V6.0.0, X-CUBE-MEMS1_V11.3.0, X-CUBE-NFC4_V3.0.0, X-CUBE-NFC7_V2.0.0, X-CUBE-SFXS2LP1_V4.0.0, X-CUBE-ST67W61_V1.1.0, X-CUBE-SUBG2_V5.0.0, X-CUBE-TOF1_V3.4.3]
2025-12-04 16:28:13,734 [INFO] DbBoardsSqlite:226 - include board P-NUCLEO-WB55-NUCLEO as a kit item of type 'Nucleo-64'
2025-12-04 16:28:13,734 [INFO] DbBoardsSqlite:226 - include board P-NUCLEO-WB55-USBDONGLE as a kit item of type 'Nucleo USB Dongle'
2025-12-04 16:28:13,736 [INFO] DbBoardsSqlite:226 - include board STEVAL-IDP005V1 as a kit item of type 'Evaluation Board'
2025-12-04 16:28:13,737 [INFO] DbBoardsSqlite:226 - include board STEVAL-IDP005V2 as a kit item of type 'Evaluation Board'
2025-12-04 16:28:14,742 [INFO] ApiDb:240 - Found 880 in-development CPN: [B-G473E-ZEST1S, B-WB1M-WPAN1, B-WBA5M-WPAN, B-WL5M-SUBG1, NUCLEO-C031C6, NUCLEO-C051C8, NUCLEO-C071RB, NUCLEO-C092RC, NUCLEO-H503RB, NUCLEO-H533RE, NUCLEO-H563ZI, NUCLEO-H7S3L8, NUCLEO-N657X0-Q, NUCLEO-U031R8, NUCLEO-U083RC, NUCLEO-U385RG-Q, NUCLEO-U545RE-Q, NUCLEO-U5A5ZJ-Q, NUCLEO-WB05KZ, NUCLEO-WB07CC, NUCLEO-WB09KE, NUCLEO-WBA52CG, NUCLEO-WBA55CG, NUCLEO-WL33CC1, NUCLEO-WL33CC2, STEVAL-PROTEUS1, STEVAL-SMARTAG2, STEVAL-STWINBX1, STM320518-EVAL, STM32C0116-DK, STM32C011D6Y3TR, STM32C011D6Y6TR, STM32C011F4P3, STM32C011F4P6, STM32C011F4U3, STM32C011F4U6TR, STM32C011F6P3, STM32C011F6P6, STM32C011F6U3, STM32C011F6U6TR, STM32C011J4M3, STM32C011J4M6, STM32C011J6M3, STM32C011J6M6, STM32C0316-DK, STM32C031C4T3, STM32C031C4T6, STM32C031C4U3, STM32C031C4U6, STM32C031C6T3, STM32C031C6T6, STM32C031C6U3, STM32C031C6U6, STM32C031F4P3, STM32C031F4P6, STM32C031F6P3, STM32C031F6P6, STM32C031G4U3, STM32C031G4U6, STM32C031G6U3, STM32C031G6U6, STM32C031K4T3, STM32C031K4T6, STM32C031K4U3, STM32C031K4U6, STM32C031K6T3, STM32C031K6T6, STM32C031K6U3, STM32C031K6U6, STM32C051C6T6, STM32C051C6U6, STM32C051C8T6, STM32C051C8U6, STM32C051D8Y6TR, STM32C051F6P6, STM32C051F8P6, STM32C051G6U6, STM32C051G8U6, STM32C051K6T6, STM32C051K6U6, STM32C051K8T6, STM32C071C8T6, STM32C071C8T6N, STM32C071C8U6, STM32C071C8U6N, STM32C071CBT6, STM32C071CBT6N, STM32C071CBU6, STM32C071CBU6N, STM32C071F8P6, STM32C071F8P6N, STM32C071FBP6, STM32C071FBP6N, STM32C071FBY6TR, STM32C071G8U6, STM32C071G8U6N, STM32C071GBU6, STM32C071GBU6N, STM32C071K8T6, STM32C071K8T6N, STM32C071K8U6, STM32C071K8U6N, STM32C071KBT6, STM32C071KBT6N, STM32C071KBU6, STM32C071KBU6N, STM32C071R8T6, STM32C071R8T6N, STM32C071RBI6N, STM32C071RBT6, STM32C071RBT6N, STM32C091CBT6, STM32C091CBU6, STM32C091CCT6, STM32C091CCU6, STM32C091ECY6TR, STM32C091FBP6, STM32C091FCP6, STM32C091GBU6, STM32C091GCU6, STM32C091KBT6, STM32C091KBU6, STM32C091KCT6, STM32C091KCU6, STM32C091RBT6, STM32C091RCI6, STM32C091RCT6, STM32C092CBT6, STM32C092CBU6, STM32C092CCT6, STM32C092CCU6, STM32C092ECY6TR, STM32C092FBP6, STM32C092FCP6, STM32C092GBU6, STM32C092GCU6, STM32C092KBT6, STM32C092KBU6, STM32C092KCT6, STM32C092KCU6, STM32C092RBT6, STM32C092RCI6, STM32C092RCT6, STM32G071K8TXN, STM32G071K8UXN, STM32G081GBU6N, STM32G081KBT6N, STM32G081KBUXN, STM32G0B1CCT6N, STM32G0B1KCT6, STM32G0B1NEY6TR, STM32G0B1RCT6N, STM32G0C1CCT6, STM32G0C1CCT6N, STM32G0C1CCU6N, STM32G0C1CET6N, STM32G0C1CEU6N, STM32G0C1KCT6, STM32G0C1NEY6TR, STM32G0C1RCI6N, STM32G0C1RCT6N, STM32G0C1REI6N, STM32G0C1RET6N, STM32G0C1VCI6, STM32G0C1VEI6, STM32G411C6T3, STM32G411C6T6, STM32G411C6U3, STM32G411C6U6, STM32G411C8T3, STM32G411C8T6, STM32G411C8U3, STM32G411C8U6, STM32G411CBT3, STM32G411CBT6, STM32G411CBU3, STM32G411CBU6, STM32G411K6T3, STM32G411K6T6, STM32G411K6U3, STM32G411K6U6, STM32G411K8T3, STM32G411K8T6, STM32G411K8U3, STM32G411K8U6, STM32G411KBT3, STM32G411KBT6, STM32G411KBU3, STM32G411KBU6, STM32G411M6T3, STM32G411M6T6, STM32G411M8T3, STM32G411M8T6, STM32G411MBT3, STM32G411MBT6, STM32G411R6T3, STM32G411R6T6, STM32G411R8T3, STM32G411R8T6, STM32G411RBT3, STM32G411RBT6, STM32G414CBT3, STM32G414CBT6, STM32G414CBU3, STM32G414CBU6, STM32G414CCT3, STM32G414CCT6, STM32G414CCU3, STM32G414CCU6, STM32G414MBT3, STM32G414MBT6, STM32G414MCT3, STM32G414MCT6, STM32G414RBT3, STM32G414RBT6, STM32G414RCT3, STM32G414RCT6, STM32G414VBT3, STM32G414VBT6, STM32G414VCT3, STM32G414VCT6, STM32G431CBT3Z, STM32G431RBT3Z, STM32G471CCT6, STM32G471CCU6, STM32G471CET3, STM32G471CET6, STM32G471CEU3, STM32G471CEU6, STM32G471MCT6, STM32G471MET3, STM32G471MET6, STM32G471MEY6TR, STM32G471QCT6, STM32G471QET3, STM32G471RCT6, STM32G471RET3, STM32G471RET6, STM32G471VCH6, STM32G471VCI6, STM32G471VCT6, STM32G471VEH3, STM32G471VEH6, STM32G471VEI3, STM32G471VEI6, STM32G471VET3, STM32G471VET6, STM32G473QET3Z, STM32G473RET3Z, STM32G474CCT6, STM32G491RET3Z, STM32H503CBT6, STM32H503CBU6, STM32H503EBY6TR, STM32H503KBU6, STM32H503RBT6, STM32H523CCT6, STM32H523CCU6, STM32H523CET6, STM32H523CEU6, STM32H523HEY6TR, STM32H523RCT6, STM32H523RET6, STM32H523VCI6, STM32H523VCT6, STM32H523VEI6, STM32H523VET6, STM32H523ZCJ6, STM32H523ZCT6, STM32H523ZEJ6, STM32H523ZET6, STM32H533CET6, STM32H533CEU6, STM32H533HEY6TR, STM32H533RET6, STM32H533VEI6, STM32H533VET6, STM32H533ZEJ6, STM32H533ZET6, STM32H562AGI6, STM32H562AII6, STM32H562IGK6, STM32H562IGT6, STM32H562IIK6, STM32H562IIT6, STM32H562RGT6, STM32H562RGV6, STM32H562RIT6, STM32H562RIV6, STM32H562VGT6, STM32H562VIT6, STM32H562ZGT6, STM32H562ZIT6, STM32H563AGI6, STM32H563AII3Q, STM32H563AII6, STM32H563IGK6, STM32H563IGT6, STM32H563IIK3Q, STM32H563IIK6, STM32H563IIT3Q, STM32H563IIT6, STM32H563MIY3QTR, STM32H563RGT6, STM32H563RGV6, STM32H563RIT6, STM32H563RIV6, STM32H563VGT6, STM32H563VIT3Q, STM32H563VIT6, STM32H563ZGT6, STM32H563ZIT3Q, STM32H563ZIT6, STM32H573AII3Q, STM32H573AII6, STM32H573I-DK, STM32H573IIK3Q, STM32H573IIK6, STM32H573IIT3Q, STM32H573IIT6, STM32H573MIY3QTR, STM32H573RIT6, STM32H573RIV6, STM32H573VIT3Q, STM32H573VIT6, STM32H573ZIT3Q, STM32H573ZIT6, STM32H7R3A8I6, STM32H7R3I8K6, STM32H7R3I8T6, STM32H7R3L8H6, STM32H7R3L8H6H, STM32H7R3R8V6, STM32H7R3V8H6, STM32H7R3V8T6, STM32H7R3V8Y6TR, STM32H7R3Z8J6, STM32H7R3Z8T6, STM32H7R7A8I6, STM32H7R7I8K6, STM32H7R7I8T6, STM32H7R7L8H6, STM32H7R7L8H6H, STM32H7R7Z8J6, STM32H7S3A8I6, STM32H7S3I8K6, STM32H7S3I8T6, STM32H7S3L8H6, STM32H7S3L8H6H, STM32H7S3R8V6, STM32H7S3V8H6, STM32H7S3V8T6, STM32H7S3V8Y6TR, STM32H7S3Z8J6, STM32H7S3Z8T6, STM32H7S78-DK, STM32H7S7A8I6, STM32H7S7I8K6, STM32H7S7I8T6, STM32H7S7L8H6, STM32H7S7L8H6H, STM32H7S7Z8J6, STM32L4R5QGI6STR, STM32MP131AAE3, STM32MP131AAF3, STM32MP131AAG3, STM32MP131CAE3, STM32MP131CAF3, STM32MP131CAG3, STM32MP131DAE7, STM32MP131DAF7, STM32MP131DAG7, STM32MP131FAE7, STM32MP131FAF7, STM32MP131FAG7, STM32MP133AAE3, STM32MP133AAF3, STM32MP133AAG3, STM32MP133CAE3, STM32MP133CAF3, STM32MP133CAG3, STM32MP133DAE7, STM32MP133DAF7, STM32MP133DAG7, STM32MP133FAE7, STM32MP133FAF7, STM32MP133FAG7, STM32MP135AAE3, STM32MP135AAF3, STM32MP135AAG3, STM32MP135CAE3, STM32MP135CAF3, STM32MP135CAG3, STM32MP135DAE7, STM32MP135DAF7, STM32MP135DAG7, STM32MP135F-DK, STM32MP135FAE7, STM32MP135FAF7, STM32MP135FAF7T, STM32MP135FAF7U, STM32MP135FAG7, STM32MP211AAL3, STM32MP211AAM3, STM32MP211AAN3, STM32MP211AAO3, STM32MP211CAL3, STM32MP211CAM3, STM32MP211CAN3, STM32MP211CAO3, STM32MP211DAL3, STM32MP211DAM3, STM32MP211DAN3, STM32MP211DAO3, STM32MP211FAL3, STM32MP211FAM3, STM32MP211FAN3, STM32MP211FAO3, STM32MP213AAL3, STM32MP213AAM3, STM32MP213AAN3, STM32MP213AAO3, STM32MP213CAL3, STM32MP213CAM3, STM32MP213CAN3, STM32MP213CAO3, STM32MP213DAL3, STM32MP213DAM3, STM32MP213DAN3, STM32MP213DAO3, STM32MP213FAL3, STM32MP213FAM3, STM32MP213FAN3, STM32MP213FAO3, STM32MP215AAL3, STM32MP215AAM3, STM32MP215AAN3, STM32MP215AAO3, STM32MP215CAL3, STM32MP215CAM3, STM32MP215CAN3, STM32MP215CAO3, STM32MP215DAL3, STM32MP215DAM3, STM32MP215DAN3, STM32MP215DAO3, STM32MP215F-DK, STM32MP215FAL3, STM32MP215FAM3, STM32MP215FAN3, STM32MP215FAO3, STM32MP231AAJ3, STM32MP231AAK3, STM32MP231AAL3, STM32MP231CAJ3, STM32MP231CAK3, STM32MP231CAL3, STM32MP231DAJ3, STM32MP231DAK3, STM32MP231DAL3, STM32MP231FAJ3, STM32MP231FAK3, STM32MP231FAL3, STM32MP233AAJ3, STM32MP233AAK3, STM32MP233AAL3, STM32MP233CAJ3, STM32MP233CAK3, STM32MP233CAL3, STM32MP233DAJ3, STM32MP233DAK3, STM32MP233DAL3, STM32MP233FAJ3, STM32MP233FAK3, STM32MP233FAL3, STM32MP235AAJ3, STM32MP235AAK3, STM32MP235AAL3, STM32MP235CAJ3, STM32MP235CAK3, STM32MP235CAL3, STM32MP235DAJ3, STM32MP235DAK3, STM32MP235DAL3, STM32MP235FAJ3, STM32MP235FAK3, STM32MP235FAL3, STM32MP251AAI3, STM32MP251AAK3, STM32MP251AAL3, STM32MP251CAI3, STM32MP251CAK3, STM32MP251CAL3, STM32MP251DAI3, STM32MP251DAK3, STM32MP251DAL3, STM32MP251FAI3, STM32MP251FAK3, STM32MP251FAL3, STM32MP253AAI3, STM32MP253AAK3, STM32MP253AAL3, STM32MP253CAI3, STM32MP253CAK3, STM32MP253CAL3, STM32MP253DAI3, STM32MP253DAK3, STM32MP253DAL3, STM32MP253FAI3, STM32MP253FAK3, STM32MP253FAL3, STM32MP255AAI3, STM32MP255AAK3, STM32MP255AAL3, STM32MP255CAI3, STM32MP255CAK3, STM32MP255CAL3, STM32MP255DAI3, STM32MP255DAK3, STM32MP255DAL3, STM32MP255FAI3, STM32MP255FAK3, STM32MP255FAL3, STM32MP257AAI3, STM32MP257AAK3, STM32MP257AAL3, STM32MP257CAI3, STM32MP257CAK3, STM32MP257CAL3, STM32MP257DAI3, STM32MP257DAK3, STM32MP257DAL3, STM32MP257F-DK, STM32MP257F-EV1, STM32MP257FAI3, STM32MP257FAK3, STM32MP257FAL3, STM32N645A0H3Q, STM32N645B0H3Q, STM32N645I0H3Q, STM32N645L0H3Q, STM32N645X0H3Q, STM32N645Z0H3Q, STM32N647A0H3Q, STM32N647B0H3Q, STM32N647I0H3Q, STM32N647L0H3Q, STM32N647X0H3Q, STM32N647Z0H3Q, STM32N655A0H3Q, STM32N655B0H3Q, STM32N655I0H3Q, STM32N655L0H3Q, STM32N655X0H3Q, STM32N655Z0H3Q, STM32N6570-DK, STM32N657A0H3Q, STM32N657B0H3Q, STM32N657I0H3Q, STM32N657L0H3Q, STM32N657X0H3Q, STM32N657Z0H3Q, STM32U031C6T6, STM32U031C6U6, STM32U031C8T6, STM32U031C8U6, STM32U031F4P6, STM32U031F6P6, STM32U031F8P6, STM32U031G6Y6TR, STM32U031G8Y6TR, STM32U031K4U6, STM32U031K6U6, STM32U031K8U6, STM32U031R6I6, STM32U031R6T6, STM32U031R8I6, STM32U031R8T6, STM32U073C8T6, STM32U073C8U6, STM32U073CBT6, STM32U073CBU6, STM32U073CCT6, STM32U073CCU6, STM32U073H8Y6TR, STM32U073HBY6TR, STM32U073HCY6TR, STM32U073K8U6, STM32U073KBU6, STM32U073KCU6, STM32U073M8I6, STM32U073M8T6, STM32U073MBI6, STM32U073MBT6, STM32U073MCI6, STM32U073MCT6, STM32U073R8I6, STM32U073R8T6, STM32U073RBI6, STM32U073RBT6, STM32U073RCI6, STM32U073RCT6, STM32U083C-DK, STM32U083CCT6, STM32U083CCU6, STM32U083HCY6TR, STM32U083KCU6, STM32U083MCI6, STM32U083MCT6, STM32U083RCI6, STM32U083RCT6, STM32U375CET6, STM32U375CET6Q, STM32U375CEU6, STM32U375CEU6Q, STM32U375CEY6QTR, STM32U375CGT6, STM32U375CGT6Q, STM32U375CGU6, STM32U375CGU6Q, STM32U375CGY6QTR, STM32U375KEU6, STM32U375KGU6, STM32U375REI6, STM32U375REI6Q, STM32U375RET6, STM32U375RET6Q, STM32U375REY6GTR, STM32U375REY6QTR, STM32U375RGI6, STM32U375RGI6Q, STM32U375RGT6, STM32U375RGT6Q, STM32U375RGY6GTR, STM32U375RGY6QTR, STM32U375VEI6, STM32U375VEI6Q, STM32U375VET6, STM32U375VET6Q, STM32U375VGI6, STM32U375VGI6Q, STM32U375VGT6, STM32U375VGT6Q, STM32U385CGT6, STM32U385CGT6Q, STM32U385CGU6, STM32U385CGU6Q, STM32U385CGY6QTR, STM32U385KGU6, STM32U385RGI6, STM32U385RGI6Q, STM32U385RGT6, STM32U385RGT6Q, STM32U385RGY6GTR, STM32U385RGY6QTR, STM32U385VGI6, STM32U385VGI6Q, STM32U385VGT6, STM32U385VGT6Q, STM32U535CBT6, STM32U535CBT6Q, STM32U535CBU6, STM32U535CBU6Q, STM32U535CCT6, STM32U535CCT6Q, STM32U535CCU6, STM32U535CCU6Q, STM32U535CET6, STM32U535CET6Q, STM32U535CEU6, STM32U535CEU6Q, STM32U535JEY6QTR, STM32U535NCY6QTR, STM32U535NEY6QTR, STM32U535RBI6, STM32U535RBI6Q, STM32U535RBT6, STM32U535RBT6Q, STM32U535RCI6, STM32U535RCI6Q, STM32U535RCT6, STM32U535RCT6Q, STM32U535REI6, STM32U535REI6Q, STM32U535RET6, STM32U535RET6Q, STM32U535VCI6, STM32U535VCI6Q, STM32U535VCT6, STM32U535VCT6Q, STM32U535VEI6, STM32U535VEI6Q, STM32U535VET6, STM32U535VET6Q, STM32U545CET6, STM32U545CET6Q, STM32U545CEU6, STM32U545CEU6Q, STM32U545JEY6QTR, STM32U545NEY6QTR, STM32U545REI6, STM32U545REI6Q, STM32U545RET6, STM32U545RET6Q, STM32U545VEI6, STM32U545VEI6Q, STM32U545VET6, STM32U545VET6Q, STM32U595AIH6, STM32U595AIH6Q, STM32U595AJH6, STM32U595AJH6Q, STM32U595QII6, STM32U595QII6Q, STM32U595QJI6, STM32U595QJI6Q, STM32U595RIT6, STM32U595RIT6Q, STM32U595RJT6, STM32U595RJT6Q, STM32U595VIT6, STM32U595VIT6Q, STM32U595VJT6, STM32U595VJT6Q, STM32U595ZIT6, STM32U595ZIT6Q, STM32U595ZIY6QTR, STM32U595ZJT6, STM32U595ZJT6Q, STM32U595ZJY6QTR, STM32U599BJY6QTR, STM32U599NIH6Q, STM32U599NJH6Q, STM32U599VIT6Q, STM32U599VJT6, STM32U599VJT6Q, STM32U599ZIT6Q, STM32U599ZIY6QTR, STM32U599ZJT6Q, STM32U599ZJY6QTR, STM32U5A5AJH6, STM32U5A5AJH6Q, STM32U5A5QII3Q , STM32U5A5QJI6, STM32U5A5QJI6Q, STM32U5A5RJT6, STM32U5A5RJT6Q, STM32U5A5VJT6, STM32U5A5VJT6Q, STM32U5A5ZJT6, STM32U5A5ZJT6Q, STM32U5A5ZJY6QTR, STM32U5A9BJY6QTR, STM32U5A9J-DK, STM32U5A9NJH6Q, STM32U5A9VJT6Q, STM32U5A9ZJT6Q, STM32U5A9ZJY6QTR, STM32U5F7VIT6, STM32U5F7VIT6Q, STM32U5F7VJT6, STM32U5F7VJT6Q, STM32U5F9BJY6QTR, STM32U5F9NJH6Q, STM32U5F9VIT6Q, STM32U5F9VJT6Q, STM32U5F9ZIJ6QTR, STM32U5F9ZIT6Q, STM32U5F9ZJJ6QTR, STM32U5F9ZJT6Q, STM32U5G7VJT6, STM32U5G7VJT6Q, STM32U5G9BJY6QTR, STM32U5G9J-DK1, STM32U5G9J-DK2, STM32U5G9NJH6Q, STM32U5G9VJT6Q, STM32U5G9ZJJ6QTR, STM32U5G9ZJT6Q, STM32WB05KZV6TR, STM32WB05KZV7TR, STM32WB05TZF6TR, STM32WB05TZF7TR, STM32WB06CCF6TR, STM32WB06CCF7TR, STM32WB06CCV6TR, STM32WB06CCV7TR, STM32WB06KCV6TR, STM32WB06KCV7TR, STM32WB07CCF6TR, STM32WB07CCF7TR, STM32WB07CCV6TR, STM32WB07CCV7TR, STM32WB07KCV6TR, STM32WB07KCV7TR, STM32WB09KEV6TR, STM32WB09KEV7TR, STM32WB09TEF6TR, STM32WB09TEF7TR, STM32WB1MMCH6, STM32WBA50KGU6, STM32WBA50KGU6TR, STM32WBA52CEU6, STM32WBA52CEU6TR, STM32WBA52CEU7, STM32WBA52CEU7TR, STM32WBA52CGU6, STM32WBA52CGU6TR, STM32WBA52CGU6U, STM32WBA52CGU7, STM32WBA52CGU7TR, STM32WBA52KEU6, STM32WBA52KEU6TR, STM32WBA52KGU6, STM32WBA52KGU6TR, STM32WBA54CEU6, STM32WBA54CEU6TR, STM32WBA54CEU7, STM32WBA54CEU7TR, STM32WBA54CGU6, STM32WBA54CGU6TR, STM32WBA54CGU7, STM32WBA54CGU7TR, STM32WBA54KEU6, STM32WBA54KEU6TR, STM32WBA54KEU7, STM32WBA54KEU7TR, STM32WBA54KGU6, STM32WBA54KGU6TR, STM32WBA54KGU7, STM32WBA54KGU7TR, STM32WBA55CEU6, STM32WBA55CEU6TR, STM32WBA55CEU7, STM32WBA55CEU7TR, STM32WBA55CGU6, STM32WBA55CGU6TR, STM32WBA55CGU6U, STM32WBA55CGU7, STM32WBA55CGU7TR, STM32WBA55G-DK1, STM32WBA55HEF6, STM32WBA55HEF7, STM32WBA55HGF6, STM32WBA55HGF7, STM32WBA55UEI6, STM32WBA55UEI6TR, STM32WBA55UEI7, STM32WBA55UEI7TR, STM32WBA55UGI6, STM32WBA55UGI6TR, STM32WBA55UGI7, STM32WBA55UGI7TR, STM32WBA5MMGH6TR, STM32WBA62MGF6, STM32WBA62MIF6, STM32WBA65MGF7, STM32WBA65MIF6, STM32WBA65MIF7, STM32WL30K8V6, STM32WL30KBV6, STM32WL31C8V6, STM32WL31CBV6, STM32WL31K8V6, STM32WL31KBV6, STM32WL33C8V6, STM32WL33C8V6X, STM32WL33CBV6, STM32WL33CBV6X, STM32WL33CCV6, STM32WL33CCV6A, STM32WL33CCV6X, STM32WL33K8V7, STM32WL33K8V7X, STM32WL33KBV7 , STM32WL33KBV7X, STM32WL33KCV7, STM32WL33KCV7X, STM32WL5MOCH6, STM32WL5MOCH6TR]
2025-12-04 16:28:14,747 [INFO] ApiDb:668 - CubeFinder database Data Model version=2.1
2025-12-04 16:28:14,747 [INFO] ApiDb:669 - CubeFinder database Configuration version=3.0.39
2025-12-04 16:28:14,747 [INFO] ApiDb:670 - CubeFinder database generation date=2025-11-05 (1762334721)
2025-12-04 16:28:14,747 [INFO] ApiDb:671 - CubeFinder database FW Pack versions=[FP-ATR-ASTRA1_V2.0.0, FP-SNS-FLIGHT1_V5.1.0, FP-SNS-MOTENV1_V5.1.0, FP-SNS-MOTENVWB1_V1.4.0, FP-SNS-SMARTAG2_V1.2.0, FP-SNS-STBOX1_V2.1.0, STM32Cube_FW_C0_V1.4.0, STM32Cube_FW_F4_V1.28.3, STM32Cube_FW_F7_V1.17.4, STM32Cube_FW_G0_V1.6.2, STM32Cube_FW_G4_V1.6.1, STM32Cube_FW_H5_V1.5.1, STM32Cube_FW_H7RS_V1.3.0, STM32Cube_FW_H7_V1.12.1, STM32Cube_FW_L0_V1.12.2, STM32Cube_FW_L4_V1.18.1, STM32Cube_FW_L5_V1.6.0, STM32Cube_FW_N6_V1.3.0, STM32Cube_FW_U0_V1.3.0, STM32Cube_FW_U3_V1.2.1, STM32Cube_FW_U5_V1.8.0, STM32Cube_FW_WB0_V1.4.0, STM32Cube_FW_WBA_V1.8.0, STM32Cube_FW_WB_V1.24.0, STM32Cube_FW_WL3_V1.3.0, STM32Cube_FW_WL_V1.4.0, X-CUBE-ALGOBUILD_V1.4.0, X-CUBE-ALS_V1.0.2, X-CUBE-AZRTOS-F4_V1.1.0, X-CUBE-AZRTOS-F7_V1.1.0, X-CUBE-AZRTOS-G0_V1.1.0, X-CUBE-AZRTOS-G4_V2.0.0, X-CUBE-AZRTOS-H7RS_V1.1.0, X-CUBE-AZRTOS-H7_V3.4.0, X-CUBE-AZRTOS-L4_V2.0.0, X-CUBE-AZRTOS-L5_V2.0.0, X-CUBE-AZRTOS-WB_V2.0.0, X-CUBE-AZRTOS-WL_V2.0.0, X-CUBE-BLE1_V7.1.0, X-CUBE-BLE2_V3.3.0, X-CUBE-BLEMGR_V4.1.0, X-CUBE-EEPRMA1_V5.2.0, X-CUBE-FREERTOS_V1.3.1, X-CUBE-GNSS1_V6.0.0, X-CUBE-MEMS1_V11.3.0, X-CUBE-NFC4_V3.0.0, X-CUBE-NFC7_V2.0.0, X-CUBE-SFXS2LP1_V4.0.0, X-CUBE-ST67W61_V1.1.0, X-CUBE-SUBG2_V5.0.0, X-CUBE-TOF1_V3.4.3]
2025-12-04 16:28:17,333 [INFO] ApiDb:240 - Found 880 in-development CPN: [B-G473E-ZEST1S, B-WB1M-WPAN1, B-WBA5M-WPAN, B-WL5M-SUBG1, NUCLEO-C031C6, NUCLEO-C051C8, NUCLEO-C071RB, NUCLEO-C092RC, NUCLEO-H503RB, NUCLEO-H533RE, NUCLEO-H563ZI, NUCLEO-H7S3L8, NUCLEO-N657X0-Q, NUCLEO-U031R8, NUCLEO-U083RC, NUCLEO-U385RG-Q, NUCLEO-U545RE-Q, NUCLEO-U5A5ZJ-Q, NUCLEO-WB05KZ, NUCLEO-WB07CC, NUCLEO-WB09KE, NUCLEO-WBA52CG, NUCLEO-WBA55CG, NUCLEO-WL33CC1, NUCLEO-WL33CC2, STEVAL-PROTEUS1, STEVAL-SMARTAG2, STEVAL-STWINBX1, STM320518-EVAL, STM32C0116-DK, STM32C011D6Y3TR, STM32C011D6Y6TR, STM32C011F4P3, STM32C011F4P6, STM32C011F4U3, STM32C011F4U6TR, STM32C011F6P3, STM32C011F6P6, STM32C011F6U3, STM32C011F6U6TR, STM32C011J4M3, STM32C011J4M6, STM32C011J6M3, STM32C011J6M6, STM32C0316-DK, STM32C031C4T3, STM32C031C4T6, STM32C031C4U3, STM32C031C4U6, STM32C031C6T3, STM32C031C6T6, STM32C031C6U3, STM32C031C6U6, STM32C031F4P3, STM32C031F4P6, STM32C031F6P3, STM32C031F6P6, STM32C031G4U3, STM32C031G4U6, STM32C031G6U3, STM32C031G6U6, STM32C031K4T3, STM32C031K4T6, STM32C031K4U3, STM32C031K4U6, STM32C031K6T3, STM32C031K6T6, STM32C031K6U3, STM32C031K6U6, STM32C051C6T6, STM32C051C6U6, STM32C051C8T6, STM32C051C8U6, STM32C051D8Y6TR, STM32C051F6P6, STM32C051F8P6, STM32C051G6U6, STM32C051G8U6, STM32C051K6T6, STM32C051K6U6, STM32C051K8T6, STM32C071C8T6, STM32C071C8T6N, STM32C071C8U6, STM32C071C8U6N, STM32C071CBT6, STM32C071CBT6N, STM32C071CBU6, STM32C071CBU6N, STM32C071F8P6, STM32C071F8P6N, STM32C071FBP6, STM32C071FBP6N, STM32C071FBY6TR, STM32C071G8U6, STM32C071G8U6N, STM32C071GBU6, STM32C071GBU6N, STM32C071K8T6, STM32C071K8T6N, STM32C071K8U6, STM32C071K8U6N, STM32C071KBT6, STM32C071KBT6N, STM32C071KBU6, STM32C071KBU6N, STM32C071R8T6, STM32C071R8T6N, STM32C071RBI6N, STM32C071RBT6, STM32C071RBT6N, STM32C091CBT6, STM32C091CBU6, STM32C091CCT6, STM32C091CCU6, STM32C091ECY6TR, STM32C091FBP6, STM32C091FCP6, STM32C091GBU6, STM32C091GCU6, STM32C091KBT6, STM32C091KBU6, STM32C091KCT6, STM32C091KCU6, STM32C091RBT6, STM32C091RCI6, STM32C091RCT6, STM32C092CBT6, STM32C092CBU6, STM32C092CCT6, STM32C092CCU6, STM32C092ECY6TR, STM32C092FBP6, STM32C092FCP6, STM32C092GBU6, STM32C092GCU6, STM32C092KBT6, STM32C092KBU6, STM32C092KCT6, STM32C092KCU6, STM32C092RBT6, STM32C092RCI6, STM32C092RCT6, STM32G071K8TXN, STM32G071K8UXN, STM32G081GBU6N, STM32G081KBT6N, STM32G081KBUXN, STM32G0B1CCT6N, STM32G0B1KCT6, STM32G0B1NEY6TR, STM32G0B1RCT6N, STM32G0C1CCT6, STM32G0C1CCT6N, STM32G0C1CCU6N, STM32G0C1CET6N, STM32G0C1CEU6N, STM32G0C1KCT6, STM32G0C1NEY6TR, STM32G0C1RCI6N, STM32G0C1RCT6N, STM32G0C1REI6N, STM32G0C1RET6N, STM32G0C1VCI6, STM32G0C1VEI6, STM32G411C6T3, STM32G411C6T6, STM32G411C6U3, STM32G411C6U6, STM32G411C8T3, STM32G411C8T6, STM32G411C8U3, STM32G411C8U6, STM32G411CBT3, STM32G411CBT6, STM32G411CBU3, STM32G411CBU6, STM32G411K6T3, STM32G411K6T6, STM32G411K6U3, STM32G411K6U6, STM32G411K8T3, STM32G411K8T6, STM32G411K8U3, STM32G411K8U6, STM32G411KBT3, STM32G411KBT6, STM32G411KBU3, STM32G411KBU6, STM32G411M6T3, STM32G411M6T6, STM32G411M8T3, STM32G411M8T6, STM32G411MBT3, STM32G411MBT6, STM32G411R6T3, STM32G411R6T6, STM32G411R8T3, STM32G411R8T6, STM32G411RBT3, STM32G411RBT6, STM32G414CBT3, STM32G414CBT6, STM32G414CBU3, STM32G414CBU6, STM32G414CCT3, STM32G414CCT6, STM32G414CCU3, STM32G414CCU6, STM32G414MBT3, STM32G414MBT6, STM32G414MCT3, STM32G414MCT6, STM32G414RBT3, STM32G414RBT6, STM32G414RCT3, STM32G414RCT6, STM32G414VBT3, STM32G414VBT6, STM32G414VCT3, STM32G414VCT6, STM32G431CBT3Z, STM32G431RBT3Z, STM32G471CCT6, STM32G471CCU6, STM32G471CET3, STM32G471CET6, STM32G471CEU3, STM32G471CEU6, STM32G471MCT6, STM32G471MET3, STM32G471MET6, STM32G471MEY6TR, STM32G471QCT6, STM32G471QET3, STM32G471RCT6, STM32G471RET3, STM32G471RET6, STM32G471VCH6, STM32G471VCI6, STM32G471VCT6, STM32G471VEH3, STM32G471VEH6, STM32G471VEI3, STM32G471VEI6, STM32G471VET3, STM32G471VET6, STM32G473QET3Z, STM32G473RET3Z, STM32G474CCT6, STM32G491RET3Z, STM32H503CBT6, STM32H503CBU6, STM32H503EBY6TR, STM32H503KBU6, STM32H503RBT6, STM32H523CCT6, STM32H523CCU6, STM32H523CET6, STM32H523CEU6, STM32H523HEY6TR, STM32H523RCT6, STM32H523RET6, STM32H523VCI6, STM32H523VCT6, STM32H523VEI6, STM32H523VET6, STM32H523ZCJ6, STM32H523ZCT6, STM32H523ZEJ6, STM32H523ZET6, STM32H533CET6, STM32H533CEU6, STM32H533HEY6TR, STM32H533RET6, STM32H533VEI6, STM32H533VET6, STM32H533ZEJ6, STM32H533ZET6, STM32H562AGI6, STM32H562AII6, STM32H562IGK6, STM32H562IGT6, STM32H562IIK6, STM32H562IIT6, STM32H562RGT6, STM32H562RGV6, STM32H562RIT6, STM32H562RIV6, STM32H562VGT6, STM32H562VIT6, STM32H562ZGT6, STM32H562ZIT6, STM32H563AGI6, STM32H563AII3Q, STM32H563AII6, STM32H563IGK6, STM32H563IGT6, STM32H563IIK3Q, STM32H563IIK6, STM32H563IIT3Q, STM32H563IIT6, STM32H563MIY3QTR, STM32H563RGT6, STM32H563RGV6, STM32H563RIT6, STM32H563RIV6, STM32H563VGT6, STM32H563VIT3Q, STM32H563VIT6, STM32H563ZGT6, STM32H563ZIT3Q, STM32H563ZIT6, STM32H573AII3Q, STM32H573AII6, STM32H573I-DK, STM32H573IIK3Q, STM32H573IIK6, STM32H573IIT3Q, STM32H573IIT6, STM32H573MIY3QTR, STM32H573RIT6, STM32H573RIV6, STM32H573VIT3Q, STM32H573VIT6, STM32H573ZIT3Q, STM32H573ZIT6, STM32H7R3A8I6, STM32H7R3I8K6, STM32H7R3I8T6, STM32H7R3L8H6, STM32H7R3L8H6H, STM32H7R3R8V6, STM32H7R3V8H6, STM32H7R3V8T6, STM32H7R3V8Y6TR, STM32H7R3Z8J6, STM32H7R3Z8T6, STM32H7R7A8I6, STM32H7R7I8K6, STM32H7R7I8T6, STM32H7R7L8H6, STM32H7R7L8H6H, STM32H7R7Z8J6, STM32H7S3A8I6, STM32H7S3I8K6, STM32H7S3I8T6, STM32H7S3L8H6, STM32H7S3L8H6H, STM32H7S3R8V6, STM32H7S3V8H6, STM32H7S3V8T6, STM32H7S3V8Y6TR, STM32H7S3Z8J6, STM32H7S3Z8T6, STM32H7S78-DK, STM32H7S7A8I6, STM32H7S7I8K6, STM32H7S7I8T6, STM32H7S7L8H6, STM32H7S7L8H6H, STM32H7S7Z8J6, STM32L4R5QGI6STR, STM32MP131AAE3, STM32MP131AAF3, STM32MP131AAG3, STM32MP131CAE3, STM32MP131CAF3, STM32MP131CAG3, STM32MP131DAE7, STM32MP131DAF7, STM32MP131DAG7, STM32MP131FAE7, STM32MP131FAF7, STM32MP131FAG7, STM32MP133AAE3, STM32MP133AAF3, STM32MP133AAG3, STM32MP133CAE3, STM32MP133CAF3, STM32MP133CAG3, STM32MP133DAE7, STM32MP133DAF7, STM32MP133DAG7, STM32MP133FAE7, STM32MP133FAF7, STM32MP133FAG7, STM32MP135AAE3, STM32MP135AAF3, STM32MP135AAG3, STM32MP135CAE3, STM32MP135CAF3, STM32MP135CAG3, STM32MP135DAE7, STM32MP135DAF7, STM32MP135DAG7, STM32MP135F-DK, STM32MP135FAE7, STM32MP135FAF7, STM32MP135FAF7T, STM32MP135FAF7U, STM32MP135FAG7, STM32MP211AAL3, STM32MP211AAM3, STM32MP211AAN3, STM32MP211AAO3, STM32MP211CAL3, STM32MP211CAM3, STM32MP211CAN3, STM32MP211CAO3, STM32MP211DAL3, STM32MP211DAM3, STM32MP211DAN3, STM32MP211DAO3, STM32MP211FAL3, STM32MP211FAM3, STM32MP211FAN3, STM32MP211FAO3, STM32MP213AAL3, STM32MP213AAM3, STM32MP213AAN3, STM32MP213AAO3, STM32MP213CAL3, STM32MP213CAM3, STM32MP213CAN3, STM32MP213CAO3, STM32MP213DAL3, STM32MP213DAM3, STM32MP213DAN3, STM32MP213DAO3, STM32MP213FAL3, STM32MP213FAM3, STM32MP213FAN3, STM32MP213FAO3, STM32MP215AAL3, STM32MP215AAM3, STM32MP215AAN3, STM32MP215AAO3, STM32MP215CAL3, STM32MP215CAM3, STM32MP215CAN3, STM32MP215CAO3, STM32MP215DAL3, STM32MP215DAM3, STM32MP215DAN3, STM32MP215DAO3, STM32MP215F-DK, STM32MP215FAL3, STM32MP215FAM3, STM32MP215FAN3, STM32MP215FAO3, STM32MP231AAJ3, STM32MP231AAK3, STM32MP231AAL3, STM32MP231CAJ3, STM32MP231CAK3, STM32MP231CAL3, STM32MP231DAJ3, STM32MP231DAK3, STM32MP231DAL3, STM32MP231FAJ3, STM32MP231FAK3, STM32MP231FAL3, STM32MP233AAJ3, STM32MP233AAK3, STM32MP233AAL3, STM32MP233CAJ3, STM32MP233CAK3, STM32MP233CAL3, STM32MP233DAJ3, STM32MP233DAK3, STM32MP233DAL3, STM32MP233FAJ3, STM32MP233FAK3, STM32MP233FAL3, STM32MP235AAJ3, STM32MP235AAK3, STM32MP235AAL3, STM32MP235CAJ3, STM32MP235CAK3, STM32MP235CAL3, STM32MP235DAJ3, STM32MP235DAK3, STM32MP235DAL3, STM32MP235FAJ3, STM32MP235FAK3, STM32MP235FAL3, STM32MP251AAI3, STM32MP251AAK3, STM32MP251AAL3, STM32MP251CAI3, STM32MP251CAK3, STM32MP251CAL3, STM32MP251DAI3, STM32MP251DAK3, STM32MP251DAL3, STM32MP251FAI3, STM32MP251FAK3, STM32MP251FAL3, STM32MP253AAI3, STM32MP253AAK3, STM32MP253AAL3, STM32MP253CAI3, STM32MP253CAK3, STM32MP253CAL3, STM32MP253DAI3, STM32MP253DAK3, STM32MP253DAL3, STM32MP253FAI3, STM32MP253FAK3, STM32MP253FAL3, STM32MP255AAI3, STM32MP255AAK3, STM32MP255AAL3, STM32MP255CAI3, STM32MP255CAK3, STM32MP255CAL3, STM32MP255DAI3, STM32MP255DAK3, STM32MP255DAL3, STM32MP255FAI3, STM32MP255FAK3, STM32MP255FAL3, STM32MP257AAI3, STM32MP257AAK3, STM32MP257AAL3, STM32MP257CAI3, STM32MP257CAK3, STM32MP257CAL3, STM32MP257DAI3, STM32MP257DAK3, STM32MP257DAL3, STM32MP257F-DK, STM32MP257F-EV1, STM32MP257FAI3, STM32MP257FAK3, STM32MP257FAL3, STM32N645A0H3Q, STM32N645B0H3Q, STM32N645I0H3Q, STM32N645L0H3Q, STM32N645X0H3Q, STM32N645Z0H3Q, STM32N647A0H3Q, STM32N647B0H3Q, STM32N647I0H3Q, STM32N647L0H3Q, STM32N647X0H3Q, STM32N647Z0H3Q, STM32N655A0H3Q, STM32N655B0H3Q, STM32N655I0H3Q, STM32N655L0H3Q, STM32N655X0H3Q, STM32N655Z0H3Q, STM32N6570-DK, STM32N657A0H3Q, STM32N657B0H3Q, STM32N657I0H3Q, STM32N657L0H3Q, STM32N657X0H3Q, STM32N657Z0H3Q, STM32U031C6T6, STM32U031C6U6, STM32U031C8T6, STM32U031C8U6, STM32U031F4P6, STM32U031F6P6, STM32U031F8P6, STM32U031G6Y6TR, STM32U031G8Y6TR, STM32U031K4U6, STM32U031K6U6, STM32U031K8U6, STM32U031R6I6, STM32U031R6T6, STM32U031R8I6, STM32U031R8T6, STM32U073C8T6, STM32U073C8U6, STM32U073CBT6, STM32U073CBU6, STM32U073CCT6, STM32U073CCU6, STM32U073H8Y6TR, STM32U073HBY6TR, STM32U073HCY6TR, STM32U073K8U6, STM32U073KBU6, STM32U073KCU6, STM32U073M8I6, STM32U073M8T6, STM32U073MBI6, STM32U073MBT6, STM32U073MCI6, STM32U073MCT6, STM32U073R8I6, STM32U073R8T6, STM32U073RBI6, STM32U073RBT6, STM32U073RCI6, STM32U073RCT6, STM32U083C-DK, STM32U083CCT6, STM32U083CCU6, STM32U083HCY6TR, STM32U083KCU6, STM32U083MCI6, STM32U083MCT6, STM32U083RCI6, STM32U083RCT6, STM32U375CET6, STM32U375CET6Q, STM32U375CEU6, STM32U375CEU6Q, STM32U375CEY6QTR, STM32U375CGT6, STM32U375CGT6Q, STM32U375CGU6, STM32U375CGU6Q, STM32U375CGY6QTR, STM32U375KEU6, STM32U375KGU6, STM32U375REI6, STM32U375REI6Q, STM32U375RET6, STM32U375RET6Q, STM32U375REY6GTR, STM32U375REY6QTR, STM32U375RGI6, STM32U375RGI6Q, STM32U375RGT6, STM32U375RGT6Q, STM32U375RGY6GTR, STM32U375RGY6QTR, STM32U375VEI6, STM32U375VEI6Q, STM32U375VET6, STM32U375VET6Q, STM32U375VGI6, STM32U375VGI6Q, STM32U375VGT6, STM32U375VGT6Q, STM32U385CGT6, STM32U385CGT6Q, STM32U385CGU6, STM32U385CGU6Q, STM32U385CGY6QTR, STM32U385KGU6, STM32U385RGI6, STM32U385RGI6Q, STM32U385RGT6, STM32U385RGT6Q, STM32U385RGY6GTR, STM32U385RGY6QTR, STM32U385VGI6, STM32U385VGI6Q, STM32U385VGT6, STM32U385VGT6Q, STM32U535CBT6, STM32U535CBT6Q, STM32U535CBU6, STM32U535CBU6Q, STM32U535CCT6, STM32U535CCT6Q, STM32U535CCU6, STM32U535CCU6Q, STM32U535CET6, STM32U535CET6Q, STM32U535CEU6, STM32U535CEU6Q, STM32U535JEY6QTR, STM32U535NCY6QTR, STM32U535NEY6QTR, STM32U535RBI6, STM32U535RBI6Q, STM32U535RBT6, STM32U535RBT6Q, STM32U535RCI6, STM32U535RCI6Q, STM32U535RCT6, STM32U535RCT6Q, STM32U535REI6, STM32U535REI6Q, STM32U535RET6, STM32U535RET6Q, STM32U535VCI6, STM32U535VCI6Q, STM32U535VCT6, STM32U535VCT6Q, STM32U535VEI6, STM32U535VEI6Q, STM32U535VET6, STM32U535VET6Q, STM32U545CET6, STM32U545CET6Q, STM32U545CEU6, STM32U545CEU6Q, STM32U545JEY6QTR, STM32U545NEY6QTR, STM32U545REI6, STM32U545REI6Q, STM32U545RET6, STM32U545RET6Q, STM32U545VEI6, STM32U545VEI6Q, STM32U545VET6, STM32U545VET6Q, STM32U595AIH6, STM32U595AIH6Q, STM32U595AJH6, STM32U595AJH6Q, STM32U595QII6, STM32U595QII6Q, STM32U595QJI6, STM32U595QJI6Q, STM32U595RIT6, STM32U595RIT6Q, STM32U595RJT6, STM32U595RJT6Q, STM32U595VIT6, STM32U595VIT6Q, STM32U595VJT6, STM32U595VJT6Q, STM32U595ZIT6, STM32U595ZIT6Q, STM32U595ZIY6QTR, STM32U595ZJT6, STM32U595ZJT6Q, STM32U595ZJY6QTR, STM32U599BJY6QTR, STM32U599NIH6Q, STM32U599NJH6Q, STM32U599VIT6Q, STM32U599VJT6, STM32U599VJT6Q, STM32U599ZIT6Q, STM32U599ZIY6QTR, STM32U599ZJT6Q, STM32U599ZJY6QTR, STM32U5A5AJH6, STM32U5A5AJH6Q, STM32U5A5QII3Q , STM32U5A5QJI6, STM32U5A5QJI6Q, STM32U5A5RJT6, STM32U5A5RJT6Q, STM32U5A5VJT6, STM32U5A5VJT6Q, STM32U5A5ZJT6, STM32U5A5ZJT6Q, STM32U5A5ZJY6QTR, STM32U5A9BJY6QTR, STM32U5A9J-DK, STM32U5A9NJH6Q, STM32U5A9VJT6Q, STM32U5A9ZJT6Q, STM32U5A9ZJY6QTR, STM32U5F7VIT6, STM32U5F7VIT6Q, STM32U5F7VJT6, STM32U5F7VJT6Q, STM32U5F9BJY6QTR, STM32U5F9NJH6Q, STM32U5F9VIT6Q, STM32U5F9VJT6Q, STM32U5F9ZIJ6QTR, STM32U5F9ZIT6Q, STM32U5F9ZJJ6QTR, STM32U5F9ZJT6Q, STM32U5G7VJT6, STM32U5G7VJT6Q, STM32U5G9BJY6QTR, STM32U5G9J-DK1, STM32U5G9J-DK2, STM32U5G9NJH6Q, STM32U5G9VJT6Q, STM32U5G9ZJJ6QTR, STM32U5G9ZJT6Q, STM32WB05KZV6TR, STM32WB05KZV7TR, STM32WB05TZF6TR, STM32WB05TZF7TR, STM32WB06CCF6TR, STM32WB06CCF7TR, STM32WB06CCV6TR, STM32WB06CCV7TR, STM32WB06KCV6TR, STM32WB06KCV7TR, STM32WB07CCF6TR, STM32WB07CCF7TR, STM32WB07CCV6TR, STM32WB07CCV7TR, STM32WB07KCV6TR, STM32WB07KCV7TR, STM32WB09KEV6TR, STM32WB09KEV7TR, STM32WB09TEF6TR, STM32WB09TEF7TR, STM32WB1MMCH6, STM32WBA50KGU6, STM32WBA50KGU6TR, STM32WBA52CEU6, STM32WBA52CEU6TR, STM32WBA52CEU7, STM32WBA52CEU7TR, STM32WBA52CGU6, STM32WBA52CGU6TR, STM32WBA52CGU6U, STM32WBA52CGU7, STM32WBA52CGU7TR, STM32WBA52KEU6, STM32WBA52KEU6TR, STM32WBA52KGU6, STM32WBA52KGU6TR, STM32WBA54CEU6, STM32WBA54CEU6TR, STM32WBA54CEU7, STM32WBA54CEU7TR, STM32WBA54CGU6, STM32WBA54CGU6TR, STM32WBA54CGU7, STM32WBA54CGU7TR, STM32WBA54KEU6, STM32WBA54KEU6TR, STM32WBA54KEU7, STM32WBA54KEU7TR, STM32WBA54KGU6, STM32WBA54KGU6TR, STM32WBA54KGU7, STM32WBA54KGU7TR, STM32WBA55CEU6, STM32WBA55CEU6TR, STM32WBA55CEU7, STM32WBA55CEU7TR, STM32WBA55CGU6, STM32WBA55CGU6TR, STM32WBA55CGU6U, STM32WBA55CGU7, STM32WBA55CGU7TR, STM32WBA55G-DK1, STM32WBA55HEF6, STM32WBA55HEF7, STM32WBA55HGF6, STM32WBA55HGF7, STM32WBA55UEI6, STM32WBA55UEI6TR, STM32WBA55UEI7, STM32WBA55UEI7TR, STM32WBA55UGI6, STM32WBA55UGI6TR, STM32WBA55UGI7, STM32WBA55UGI7TR, STM32WBA5MMGH6TR, STM32WBA62MGF6, STM32WBA62MIF6, STM32WBA65MGF7, STM32WBA65MIF6, STM32WBA65MIF7, STM32WL30K8V6, STM32WL30KBV6, STM32WL31C8V6, STM32WL31CBV6, STM32WL31K8V6, STM32WL31KBV6, STM32WL33C8V6, STM32WL33C8V6X, STM32WL33CBV6, STM32WL33CBV6X, STM32WL33CCV6, STM32WL33CCV6A, STM32WL33CCV6X, STM32WL33K8V7, STM32WL33K8V7X, STM32WL33KBV7 , STM32WL33KBV7X, STM32WL33KCV7, STM32WL33KCV7X, STM32WL5MOCH6, STM32WL5MOCH6TR]
2025-12-04 16:28:17,338 [INFO] DbMcus:218 - Found 4876 MCUs, 4876 are supported
2025-12-04 16:28:17,338 [INFO] ApiDb:414 - User favorites file not found: C:\Users\Ovi/.stm32cubeide/favorites.mcus.txt
2025-12-04 16:28:17,339 [INFO] DbMcus:224 - Set 0 / 0 favorites MCUs
2025-12-04 16:28:18,433 [INFO] BoardInfo:889 - No configuration file found for board P-NUCLEO-WB55
2025-12-04 16:28:18,434 [INFO] DbBoards:161 - Kit is not supported: P-NUCLEO-WB55
2025-12-04 16:28:18,446 [INFO] BoardInfo:889 - No configuration file found for board STEVAL-BFA001V1B
2025-12-04 16:28:18,448 [INFO] DbBoards:161 - Kit is not supported: STEVAL-BFA001V1B
2025-12-04 16:28:18,449 [INFO] BoardInfo:889 - No configuration file found for board STEVAL-BFA001V2B
2025-12-04 16:28:18,451 [INFO] DbBoards:161 - Kit is not supported: STEVAL-BFA001V2B
2025-12-04 16:28:18,850 [INFO] DbBoards:168 - Found 212 boards, 209 are supported
2025-12-04 16:28:18,850 [INFO] DbBoards:169 - Found 212 boards, 43 of them is supported for  Bsp
2025-12-04 16:28:18,853 [INFO] ApiDb:414 - User favorites file not found: C:\Users\Ovi/.stm32cubeide/favorites.boards.txt
2025-12-04 16:28:18,853 [INFO] DbBoards:198 - Set 0 / 0 favorites Boards
2025-12-04 16:28:18,897 [INFO] UtilMem:75 - End LoadConfig() Used Memory: 591680304 Bytes (1073741824)
2025-12-04 16:28:19,153 [WARN] ThirdParty:833 - waiting for thirdparty lock release [change project]
2025-12-04 16:28:19,153 [INFO] ThirdParty:835 - entering critical section [change project]
2025-12-04 16:28:19,153 [INFO] ThirdParty:1030 - CMSIS Pack Vendor :STMicroelectronics X-CUBE-PM33A1 1.0.0
2025-12-04 16:28:19,153 [INFO] ThirdParty:1030 - CMSIS Pack Vendor :STMicroelectronics USBPD 4.1
2025-12-04 16:28:19,153 [INFO] ThirdParty:1030 - CMSIS Pack Vendor :STMicroelectronics X-CUBE-NFC9 1.0.0
2025-12-04 16:28:19,153 [INFO] ThirdParty:1030 - CMSIS Pack Vendor :STMicroelectronics USB_HOST 2.0.0
2025-12-04 16:28:19,154 [INFO] ThirdParty:1030 - CMSIS Pack Vendor :STMicroelectronics FP-SNS-MOTENVWB1 1.4.0
2025-12-04 16:28:19,154 [INFO] ThirdParty:1030 - CMSIS Pack Vendor :STMicroelectronics X-CUBE-AZRTOS-F4 1.1.0
2025-12-04 16:28:19,154 [INFO] ThirdParty:1030 - CMSIS Pack Vendor :STMicroelectronics LIBJPEG 8.0.0
2025-12-04 16:28:19,154 [INFO] ThirdParty:1030 - CMSIS Pack Vendor :STMicroelectronics FP-ATR-ASTRA1 2.0.2
2025-12-04 16:28:19,154 [INFO] ThirdParty:1030 - CMSIS Pack Vendor :wolfSSL I-CUBE-wolfSSL 5.8.2
2025-12-04 16:28:19,154 [INFO] ThirdParty:1030 - CMSIS Pack Vendor :STMicroelectronics X-CUBE-BLE1 7.1.0
2025-12-04 16:28:19,154 [INFO] ThirdParty:1030 - CMSIS Pack Vendor :STMicroelectronics X-CUBE-SMBUS 2.1.0
2025-12-04 16:28:19,154 [INFO] ThirdParty:1030 - CMSIS Pack Vendor :wolfSSL I-CUBE-wolfMQTT 1.19.2
2025-12-04 16:28:19,154 [INFO] ThirdParty:1030 - CMSIS Pack Vendor :STMicroelectronics USB_DEVICE 3.0.0
2025-12-04 16:28:19,154 [INFO] ThirdParty:1030 - CMSIS Pack Vendor :STMicroelectronics X-CUBE-ISPU 2.1.0
2025-12-04 16:28:19,154 [INFO] ThirdParty:1030 - CMSIS Pack Vendor :STMicroelectronics X-CUBE-FREERTOS 1.4.0
2025-12-04 16:28:19,154 [INFO] ThirdParty:1030 - CMSIS Pack Vendor :STMicroelectronics X-CUBE-EEPRMA1 5.2.0
2025-12-04 16:28:19,154 [INFO] ThirdParty:1030 - CMSIS Pack Vendor :STMicroelectronics X-CUBE-IPS 3.2.0
2025-12-04 16:28:19,154 [INFO] ThirdParty:1030 - CMSIS Pack Vendor :STMicroelectronics X-CUBE-BLEMGR 4.1.0
2025-12-04 16:28:19,155 [INFO] ThirdParty:1030 - CMSIS Pack Vendor :STMicroelectronics X-CUBE-AZRTOS-WB 2.0.0
2025-12-04 16:28:19,155 [INFO] ThirdParty:1030 - CMSIS Pack Vendor :Cesanta I-CUBE-Mongoose 7.20.0
2025-12-04 16:28:19,155 [INFO] ThirdParty:1030 - CMSIS Pack Vendor :STMicroelectronics X-CUBE-NFC12 1.0.0
2025-12-04 16:28:19,155 [INFO] ThirdParty:1030 - CMSIS Pack Vendor :STMicroelectronics X-CUBE-AZRTOS-F7 1.1.0
2025-12-04 16:28:19,155 [INFO] ThirdParty:1030 - CMSIS Pack Vendor :STMicroelectronics X-CUBE-AZRTOS-L5 2.0.0
2025-12-04 16:28:19,155 [INFO] ThirdParty:1030 - CMSIS Pack Vendor :STMicroelectronics USB_DEVICE 2.0.0
2025-12-04 16:28:19,155 [INFO] ThirdParty:1030 - CMSIS Pack Vendor :STMicroelectronics X-CUBE-NFC6 3.1.0
2025-12-04 16:28:19,155 [INFO] ThirdParty:1030 - CMSIS Pack Vendor :STMicroelectronics X-CUBE-ST67W61 1.1.0
2025-12-04 16:28:19,155 [INFO] ThirdParty:1030 - CMSIS Pack Vendor :quantropi X-CUBE-qispace-sdk-base 2.1.0
2025-12-04 16:28:19,155 [INFO] ThirdParty:1030 - CMSIS Pack Vendor :STMicroelectronics X-CUBE-MEMS1 12.0.0
2025-12-04 16:28:19,155 [INFO] ThirdParty:1030 - CMSIS Pack Vendor :STMicroelectronics FP-SNS-MOTENV1 5.1.0
2025-12-04 16:28:19,155 [INFO] ThirdParty:1030 - CMSIS Pack Vendor :STMicroelectronics FreeRTOS 0.0.1
2025-12-04 16:28:19,155 [INFO] ThirdParty:1030 - CMSIS Pack Vendor :STMicroelectronics X-CUBE-AZRTOS-G0 1.1.0
2025-12-04 16:28:19,155 [INFO] ThirdParty:1030 - CMSIS Pack Vendor :STMicroelectronics X-CUBE-NFC4 3.0.0
2025-12-04 16:28:19,155 [INFO] ThirdParty:1030 - CMSIS Pack Vendor :STMicroelectronics X-CUBE-SUBG2 5.0.0
2025-12-04 16:28:19,155 [INFO] ThirdParty:1030 - CMSIS Pack Vendor :STMicroelectronics STM32_WPAN 1.0.0
2025-12-04 16:28:19,155 [INFO] ThirdParty:1030 - CMSIS Pack Vendor :EmbeddedOffice I-CUBE-FS-RTOS 1.0.1
2025-12-04 16:28:19,155 [INFO] ThirdParty:1030 - CMSIS Pack Vendor :STMicroelectronics lwIP 2.0.3
2025-12-04 16:28:19,155 [INFO] ThirdParty:1030 - CMSIS Pack Vendor :WES I-CUBE-Cesium 1.4.0
2025-12-04 16:28:19,155 [INFO] ThirdParty:1030 - CMSIS Pack Vendor :STMicroelectronics USB_HOST 1.0.0
2025-12-04 16:28:19,156 [INFO] ThirdParty:1030 - CMSIS Pack Vendor :STMicroelectronics X-CUBE-AZRTOS-G4 2.0.0
2025-12-04 16:28:19,156 [INFO] ThirdParty:1030 - CMSIS Pack Vendor :STMicroelectronics X-CUBE-WB05N 2.0.0
2025-12-04 16:28:19,156 [INFO] ThirdParty:1030 - CMSIS Pack Vendor :STMicroelectronics PDM2PCM 3.1.0
2025-12-04 16:28:19,156 [INFO] ThirdParty:1030 - CMSIS Pack Vendor :STMicroelectronics PDM2PCM 3.3.0
2025-12-04 16:28:19,156 [INFO] ThirdParty:1030 - CMSIS Pack Vendor :wolfSSL I-CUBE-wolfTPM 3.8.0
2025-12-04 16:28:19,156 [INFO] ThirdParty:1030 - CMSIS Pack Vendor :STMicroelectronics X-CUBE-AZRTOS-H7 3.4.0
2025-12-04 16:28:19,156 [INFO] ThirdParty:1030 - CMSIS Pack Vendor :STMicroelectronics X-CUBE-DISPLAY 3.0.0
2025-12-04 16:28:19,156 [INFO] ThirdParty:1030 - CMSIS Pack Vendor :wolfSSL I-CUBE-wolfSSH 1.4.20
2025-12-04 16:28:19,156 [INFO] ThirdParty:1030 - CMSIS Pack Vendor :STMicroelectronics X-CUBE-NFC7 2.0.0
2025-12-04 16:28:19,156 [INFO] ThirdParty:1030 - CMSIS Pack Vendor :STMicroelectronics X-CUBE-TCPP 4.2.0
2025-12-04 16:28:19,156 [INFO] ThirdParty:1030 - CMSIS Pack Vendor :RealThread X-CUBE-RT-Thread_Nano 4.1.1
2025-12-04 16:28:19,156 [INFO] ThirdParty:1030 - CMSIS Pack Vendor :STMicroelectronics FP-ATR-SIGFOX1 3.2.0
2025-12-04 16:28:19,156 [INFO] ThirdParty:1030 - CMSIS Pack Vendor :STMicroelectronics X-CUBE-NFC10 1.0.0
2025-12-04 16:28:19,157 [INFO] ThirdParty:1030 - CMSIS Pack Vendor :STMicroelectronics HAL Drivers 0.0.0
2025-12-04 16:28:19,157 [INFO] ThirdParty:1030 - CMSIS Pack Vendor :STMicroelectronics MBEDTLS 2.16.2
2025-12-04 16:28:19,157 [INFO] ThirdParty:1030 - CMSIS Pack Vendor :STMicroelectronics X-CUBE-ST60 1.1.0
2025-12-04 16:28:19,157 [INFO] ThirdParty:1030 - CMSIS Pack Vendor :STMicroelectronics X-CUBE-ALS 1.0.2
2025-12-04 16:28:19,157 [INFO] ThirdParty:1030 - CMSIS Pack Vendor :emotas I-CUBE-CANOPEN 1.3.0
2025-12-04 16:28:19,157 [INFO] ThirdParty:1030 - CMSIS Pack Vendor :STMicroelectronics MBEDTLS 2.14.1
2025-12-04 16:28:19,157 [INFO] ThirdParty:1030 - CMSIS Pack Vendor :STMicroelectronics X-CUBE-GNSS1 7.1.0
2025-12-04 16:28:19,157 [INFO] ThirdParty:1030 - CMSIS Pack Vendor :ITTIA_DB I-CUBE-ITTIADB 8.9.0
2025-12-04 16:28:19,157 [INFO] ThirdParty:1030 - CMSIS Pack Vendor :STMicroelectronics X-CUBE-TOUCHGFX 4.26.0
2025-12-04 16:28:19,157 [INFO] ThirdParty:1030 - CMSIS Pack Vendor :STMicroelectronics X-CUBE-STSE01 1.0.0
2025-12-04 16:28:19,157 [INFO] ThirdParty:1030 - CMSIS Pack Vendor :STMicroelectronics FP-SNS-STBOX1 2.1.0
2025-12-04 16:28:19,157 [INFO] ThirdParty:1030 - CMSIS Pack Vendor :STMicroelectronics X-CUBE-AI 10.2.0
2025-12-04 16:28:19,157 [INFO] ThirdParty:1030 - CMSIS Pack Vendor :STMicroelectronics FP-SNS-STAIOTCFT 1.0.0
2025-12-04 16:28:19,157 [INFO] ThirdParty:1030 - CMSIS Pack Vendor :STMicroelectronics ThreadX 1.0.0
2025-12-04 16:28:19,157 [INFO] ThirdParty:1030 - CMSIS Pack Vendor :STMicroelectronics FP-SNS-SMARTAG2 1.2.0
2025-12-04 16:28:19,157 [INFO] ThirdParty:1030 - CMSIS Pack Vendor :STMicroelectronics FP-SNS-FLIGHT1 5.1.0
2025-12-04 16:28:19,158 [INFO] ThirdParty:1030 - CMSIS Pack Vendor :STMicroelectronics X-CUBE-AZRTOS-WL 2.0.0
2025-12-04 16:28:19,158 [INFO] ThirdParty:1030 - CMSIS Pack Vendor :SEGGER I-CUBE-embOS 1.3.1
2025-12-04 16:28:19,158 [INFO] ThirdParty:1030 - CMSIS Pack Vendor :STMicroelectronics X-CUBE-ALGOBUILD 1.4.0
2025-12-04 16:28:19,158 [INFO] ThirdParty:1030 - CMSIS Pack Vendor :STMicroelectronics X-CUBE-DPower 1.3.0
2025-12-04 16:28:19,158 [INFO] ThirdParty:1030 - CMSIS Pack Vendor :STMicroelectronics USB_DEVICE 1.0.0
2025-12-04 16:28:19,158 [INFO] ThirdParty:1030 - CMSIS Pack Vendor :STMicroelectronics X-CUBE-AZRTOS-H7RS 1.2.0
2025-12-04 16:28:19,158 [INFO] ThirdParty:1030 - CMSIS Pack Vendor :STMicroelectronics X-CUBE-AZRTOS-L4 2.0.0
2025-12-04 16:28:19,158 [INFO] ThirdParty:1030 - CMSIS Pack Vendor :STMicroelectronics ThreadX 0.0.2
2025-12-04 16:28:19,158 [INFO] ThirdParty:1030 - CMSIS Pack Vendor :STMicroelectronics lwIP 2.1.2
2025-12-04 16:28:19,158 [INFO] ThirdParty:1030 - CMSIS Pack Vendor :STMicroelectronics X-CUBE-SFXS2LP1 4.0.0
2025-12-04 16:28:19,158 [INFO] ThirdParty:1030 - CMSIS Pack Vendor :STMicroelectronics X-CUBE-BLE2 3.3.0
2025-12-04 16:28:19,158 [INFO] ThirdParty:1030 - CMSIS Pack Vendor :Avnet-IOTCONNECT X-CUBE-iotc-st67-sdk 1.0.0
2025-12-04 16:28:19,158 [INFO] ThirdParty:1030 - CMSIS Pack Vendor :STMicroelectronics X-CUBE-TOF1 3.4.3
2025-12-04 16:28:19,158 [INFO] ThirdParty:1030 - CMSIS Pack Vendor :Infineon AIROC-Wi-Fi-Bluetooth-STM32 1.8.0
2025-12-04 16:28:19,158 [INFO] ThirdParty:1030 - CMSIS Pack Vendor :STMicroelectronics PDM2PCM 3.2.0
2025-12-04 16:28:19,159 [INFO] ThirdParty:841 - exiting critical section [change project]
2025-12-04 16:28:19,664 [INFO] PinOutPanel:1589 - setPackage(No Configuration,No Configuration)
2025-12-04 16:28:19,666 [INFO] PinOutPanel:1589 - setPackage(STM32F103C8Tx,LQFP48)
2025-12-04 16:28:20,232 [INFO] UtilMem:75 - Before build in PCC Used Memory: 691755800 Bytes (1073741824)
2025-12-04 16:28:21,348 [INFO] UtilMem:75 - After build in PCC Used Memory: 759013528 Bytes (1073741824)
2025-12-04 16:28:21,390 [INFO] IPUIPlugin:80 - create IPUIPlugin
2025-12-04 16:28:21,391 [INFO] IPUIPlugin:80 - create IPUIPlugin
2025-12-04 16:28:21,391 [INFO] IPUIPlugin:80 - create IPUIPlugin
2025-12-04 16:28:21,391 [INFO] IPUIPlugin:80 - create IPUIPlugin
2025-12-04 16:28:21,392 [INFO] IPUIPlugin:80 - create IPUIPlugin
2025-12-04 16:28:21,392 [INFO] IPUIPlugin:80 - create IPUIPlugin
2025-12-04 16:28:21,392 [INFO] IPUIPlugin:80 - create IPUIPlugin
2025-12-04 16:28:21,392 [INFO] IPUIPlugin:80 - create IPUIPlugin
2025-12-04 16:28:21,393 [INFO] IPUIPlugin:80 - create IPUIPlugin
2025-12-04 16:28:21,393 [INFO] IPUIPlugin:80 - create IPUIPlugin
2025-12-04 16:28:21,393 [INFO] IPUIPlugin:80 - create IPUIPlugin
2025-12-04 16:28:21,393 [INFO] IPUIPlugin:80 - create IPUIPlugin
2025-12-04 16:28:21,394 [INFO] IPUIPlugin:80 - create IPUIPlugin
2025-12-04 16:28:21,394 [INFO] IPUIPlugin:80 - create IPUIPlugin
2025-12-04 16:28:21,394 [INFO] IPUIPlugin:80 - create IPUIPlugin
2025-12-04 16:28:21,395 [INFO] IPUIPlugin:80 - create IPUIPlugin
2025-12-04 16:28:21,396 [INFO] IPUIPlugin:80 - create IPUIPlugin
2025-12-04 16:28:21,396 [INFO] IPUIPlugin:80 - create IPUIPlugin
2025-12-04 16:28:21,397 [INFO] IPUIPlugin:80 - create IPUIPlugin
2025-12-04 16:28:21,397 [INFO] IPUIPlugin:80 - create IPUIPlugin
2025-12-04 16:28:21,397 [INFO] IPUIPlugin:80 - create IPUIPlugin
2025-12-04 16:28:21,398 [INFO] IPUIPlugin:80 - create IPUIPlugin
2025-12-04 16:28:21,398 [INFO] IPUIPlugin:80 - create IPUIPlugin
2025-12-04 16:28:21,398 [INFO] IPUIPlugin:80 - create IPUIPlugin
2025-12-04 16:28:21,399 [INFO] IPUIPlugin:80 - create IPUIPlugin
2025-12-04 16:28:21,399 [INFO] IPUIPlugin:80 - create IPUIPlugin
2025-12-04 16:28:21,400 [INFO] IPUIPlugin:80 - create IPUIPlugin
2025-12-04 16:28:21,421 [INFO] Can:71 - Can Add PropertyChangeListener com.st.microxplorer.plugins.ip.can.Can@60b42d9f
2025-12-04 16:28:21,701 [INFO] CADModel:165 - CPN selected for project levelSTM32F103C8T6
2025-12-04 16:28:21,701 [INFO] CADModel:114 - Register for checkConnection events
2025-12-04 16:28:21,740 [INFO] OpenFileManager:386 - Restore cursor
2025-12-04 16:29:24,960 [INFO] ADCParametersView:116 -                Rank 1 : false
2025-12-04 16:29:25,081 [INFO] ADCParametersView:116 -                Rank 1 : false
2025-12-04 16:29:25,081 [INFO] ADCParametersView:116 -                Rank 1 : false
2025-12-04 16:29:25,081 [INFO] ADCParametersView:116 -                Rank 1 : false
2025-12-04 16:29:25,082 [INFO] ADCParametersView:116 -                Rank 1 : false
2025-12-04 16:29:25,082 [INFO] ADCParametersView:116 -                Rank 1 : false
2025-12-04 16:29:25,082 [INFO] ADCParametersView:116 -                Rank 1 : false
2025-12-04 16:29:25,082 [INFO] ADCParametersView:116 -                Rank 1 : false
2025-12-04 16:29:25,083 [INFO] ADCParametersView:116 -                Rank 1 : false
2025-12-04 16:29:25,083 [INFO] ADCParametersView:116 -                Rank 1 : false
2025-12-04 16:29:25,083 [INFO] ADCParametersView:116 -                Rank 1 : false
2025-12-04 16:29:25,090 [INFO] ADCParametersView:116 -                Rank 1 : false
2025-12-04 16:29:25,165 [INFO] NvicIntPanel:101 - NVIC parent = com.st.microxplorer.plugins.ip.nvic.MultiNvicIntPanel[,0,0,0x0,invalid,layout=javax.swing.BoxLayout,alignmentX=0.0,alignmentY=0.0,border=,flags=9,maximumSize=,minimumSize=,preferredSize=]
2025-12-04 16:29:25,270 [INFO] NvicIntPanel:101 - NVIC parent = com.st.microxplorer.plugins.ip.nvic.MultiNvicIntPanel[,0,0,0x0,invalid,layout=javax.swing.BoxLayout,alignmentX=0.0,alignmentY=0.0,border=,flags=9,maximumSize=,minimumSize=,preferredSize=]
2025-12-04 16:29:25,363 [INFO] NvicIntPanel:101 - NVIC parent = com.st.microxplorer.plugins.ip.nvic.MultiNvicIntPanel[,0,0,0x0,invalid,layout=javax.swing.BoxLayout,alignmentX=0.0,alignmentY=0.0,border=,flags=9,maximumSize=,minimumSize=,preferredSize=]
2025-12-04 16:29:25,420 [INFO] ADCParametersView:116 -                Rank 1 : false
2025-12-04 16:29:25,421 [INFO] ADCParametersView:116 -                Rank 1 : false
2025-12-04 16:29:25,421 [INFO] ADCParametersView:116 -                Rank 1 : false
2025-12-04 16:29:25,421 [INFO] ADCParametersView:116 -                Rank 1 : false
2025-12-04 16:29:25,421 [INFO] ADCParametersView:116 -                Rank 1 : false
2025-12-04 16:29:25,422 [INFO] ADCParametersView:116 -                Rank 1 : false
2025-12-04 16:29:25,422 [INFO] ADCParametersView:116 -                Rank 1 : false
2025-12-04 16:29:25,422 [INFO] ADCParametersView:116 -                Rank 1 : false
2025-12-04 16:29:25,422 [INFO] ADCParametersView:116 -                Rank 1 : false
2025-12-04 16:29:25,422 [INFO] ADCParametersView:116 -                Rank 1 : false
2025-12-04 16:29:25,432 [INFO] ADCParametersView:116 -                Rank 1 : false
2025-12-04 16:29:25,452 [INFO] ADCParametersView:116 -                Rank 1 : false
2025-12-04 16:29:25,453 [INFO] ADCParametersView:116 -                Rank 1 : false
2025-12-04 16:29:25,453 [INFO] ADCParametersView:116 -                Rank 1 : false
2025-12-04 16:29:25,453 [INFO] ADCParametersView:116 -                Rank 1 : false
2025-12-04 16:29:25,453 [INFO] ADCParametersView:116 -                Rank 1 : false
2025-12-04 16:29:25,453 [INFO] ADCParametersView:116 -                Rank 1 : false
2025-12-04 16:29:25,453 [INFO] ADCParametersView:116 -                Rank 1 : false
2025-12-04 16:29:25,453 [INFO] ADCParametersView:116 -                Rank 1 : false
2025-12-04 16:29:25,454 [INFO] ADCParametersView:116 -                Rank 1 : false
2025-12-04 16:29:25,454 [INFO] ADCParametersView:116 -                Rank 1 : false
2025-12-04 16:29:25,460 [INFO] ADCParametersView:116 -                Rank 1 : false
2025-12-04 16:32:33,410 [INFO] ADCParametersView:116 -                Rank 1 : false
2025-12-04 16:32:34,178 [INFO] ADCParametersView:116 -                Rank 1 : false
2025-12-04 16:32:34,338 [INFO] ADCParametersView:116 -                Rank 1 : false
2025-12-04 16:32:34,469 [INFO] ADCParametersView:116 -                Rank 1 : false
2025-12-04 16:33:05,296 [INFO] NvicIntPanel:101 - NVIC parent = com.st.microxplorer.plugins.ip.nvic.MultiNvicIntPanel[,0,0,526x274,layout=javax.swing.BoxLayout,alignmentX=0.0,alignmentY=0.0,border=,flags=9,maximumSize=,minimumSize=,preferredSize=]
2025-12-04 16:33:09,492 [INFO] ADCParametersView:116 -                Rank 1 : false
2025-12-04 16:33:09,492 [INFO] ADCParametersView:116 -                Rank 1 : false
2025-12-04 16:33:09,493 [INFO] ADCParametersView:116 -                Rank 1 : false
2025-12-04 16:33:09,493 [INFO] ADCParametersView:116 -                Rank 1 : false
2025-12-04 16:33:09,493 [INFO] ADCParametersView:116 -                Rank 1 : false
2025-12-04 16:33:09,493 [INFO] ADCParametersView:116 -                Rank 1 : false
2025-12-04 16:33:09,493 [INFO] ADCParametersView:116 -                Rank 1 : false
2025-12-04 16:33:09,493 [INFO] ADCParametersView:116 -                Rank 1 : false
2025-12-04 16:33:09,493 [INFO] ADCParametersView:116 -                Rank 1 : false
2025-12-04 16:33:09,493 [INFO] ADCParametersView:116 -                Rank 1 : false
2025-12-04 16:33:09,499 [INFO] ADCParametersView:116 -                Rank 1 : false
2025-12-04 16:33:35,644 [INFO] SpinnerEditorADC:65 - is string kkkk
2025-12-04 16:33:53,676 [INFO] ADCParametersView:116 -                Rank 1 : false
2025-12-04 16:33:53,680 [INFO] ADCParametersView:116 -                Rank 1 : false
2025-12-04 16:33:53,680 [INFO] ADCParametersView:116 -                Rank 1 : false
2025-12-04 16:33:53,680 [INFO] ADCParametersView:116 -                Rank 1 : false
2025-12-04 16:33:53,681 [INFO] ADCParametersView:116 -                Rank 1 : false
2025-12-04 16:33:53,681 [INFO] ADCParametersView:116 -                Rank 1 : false
2025-12-04 16:33:53,681 [INFO] ADCParametersView:116 -                Rank 1 : false
2025-12-04 16:33:53,682 [INFO] ADCParametersView:116 -                Rank 1 : false
2025-12-04 16:33:53,682 [INFO] ADCParametersView:116 -                Rank 1 : false
2025-12-04 16:33:53,682 [INFO] ADCParametersView:116 -                Rank 1 : false
2025-12-04 16:33:53,688 [INFO] ADCParametersView:116 -                Rank 1 : false
2025-12-04 16:33:53,712 [INFO] ADCParametersView:116 -                Rank 1 : false
2025-12-04 16:33:53,714 [INFO] ADCParametersView:116 -                Rank 1 : false
2025-12-04 16:33:53,714 [INFO] ADCParametersView:116 -                Rank 1 : false
2025-12-04 16:33:53,715 [INFO] ADCParametersView:116 -                Rank 1 : false
2025-12-04 16:33:53,715 [INFO] ADCParametersView:116 -                Rank 1 : false
2025-12-04 16:33:53,715 [INFO] ADCParametersView:116 -                Rank 1 : false
2025-12-04 16:33:53,715 [INFO] ADCParametersView:116 -                Rank 1 : false
2025-12-04 16:33:53,715 [INFO] ADCParametersView:116 -                Rank 1 : false
2025-12-04 16:33:53,715 [INFO] ADCParametersView:116 -                Rank 1 : false
2025-12-04 16:33:53,715 [INFO] ADCParametersView:116 -                Rank 1 : false
2025-12-04 16:33:53,721 [INFO] ADCParametersView:116 -                Rank 1 : false
2025-12-04 16:33:53,751 [INFO] ADCParametersView:116 -                Rank 1 : false
2025-12-04 16:33:53,753 [INFO] ADCParametersView:116 -                Rank 1 : false
2025-12-04 16:33:53,753 [INFO] ADCParametersView:116 -                Rank 1 : false
2025-12-04 16:33:53,753 [INFO] ADCParametersView:116 -                Rank 1 : false
2025-12-04 16:33:53,753 [INFO] ADCParametersView:116 -                Rank 1 : false
2025-12-04 16:33:53,753 [INFO] ADCParametersView:116 -                Rank 1 : false
2025-12-04 16:33:53,753 [INFO] ADCParametersView:116 -                Rank 1 : false
2025-12-04 16:33:53,753 [INFO] ADCParametersView:116 -                Rank 1 : false
2025-12-04 16:33:53,753 [INFO] ADCParametersView:116 -                Rank 1 : false
2025-12-04 16:33:53,753 [INFO] ADCParametersView:116 -                Rank 1 : false
2025-12-04 16:33:53,759 [INFO] ADCParametersView:116 -                Rank 1 : false
2025-12-04 16:33:53,794 [INFO] ADCParametersView:116 -                Rank 1 : true
2025-12-04 16:34:09,745 [INFO] NvicIntPanel:101 - NVIC parent = com.st.microxplorer.plugins.ip.nvic.MultiNvicIntPanel[,0,0,0x0,invalid,layout=javax.swing.BoxLayout,alignmentX=0.0,alignmentY=0.0,border=,flags=9,maximumSize=,minimumSize=,preferredSize=]
2025-12-04 16:34:09,782 [INFO] ADCParametersView:116 -                Rank 1 : true
2025-12-04 16:34:09,786 [INFO] ADCParametersView:116 -                Rank 1 : true
2025-12-04 16:34:09,786 [INFO] ADCParametersView:116 -                Rank 1 : true
2025-12-04 16:34:09,786 [INFO] ADCParametersView:116 -                Rank 1 : true
2025-12-04 16:34:09,786 [INFO] ADCParametersView:116 -                Rank 1 : true
2025-12-04 16:34:09,786 [INFO] ADCParametersView:116 -                Rank 1 : true
2025-12-04 16:34:09,787 [INFO] ADCParametersView:116 -                Rank 1 : true
2025-12-04 16:34:09,787 [INFO] ADCParametersView:116 -                Rank 1 : true
2025-12-04 16:34:09,787 [INFO] ADCParametersView:116 -                Rank 1 : true
2025-12-04 16:34:09,787 [INFO] ADCParametersView:116 -                Rank 1 : true
2025-12-04 16:34:09,793 [INFO] ADCParametersView:116 -                Rank 1 : true
2025-12-04 16:34:18,124 [INFO] UtilMem:75 - End SaveConfig() Used Memory: 727087344 Bytes (1073741824)
2025-12-04 16:34:20,789 [INFO] UtilMem:75 - End SaveConfig() Used Memory: 746876488 Bytes (1073741824)
2025-12-04 16:34:23,158 [INFO] LogOutputStream:77 - [STDOUT_REDIRECT] This download action requires prior login. To proceed, please use the 'login' command with your my.st.com account email and password.
2025-12-04 16:34:23,160 [INFO] LogOutputStream:77 - [STDOUT_REDIRECT] Run 'login <email> <password> <remember_me>' for example 'login john.smith@st.com mypassword y'.
2025-12-04 16:34:23,163 [INFO] LogOutputStream:77 - [STDOUT_REDIRECT] If you do not have a my.st.com account, please visit https://st.com website to create one.
2025-12-04 16:39:39,068 [INFO] WebApp:194 - Connection lost
2025-12-04 16:39:39,287 [INFO] WebApp:191 - Connection restablished
2025-12-04 16:47:02,283 [INFO] SpinnerEditorADC:65 - is string kkkk
2025-12-04 16:48:19,317 [INFO] MainUpdater:2872 - connection check result : 10
2025-12-04 16:48:19,317 [INFO] MainUpdater:2872 - connection check result : 10
2025-12-04 16:48:19,383 [INFO] MicroXplorer:468 - Change Database Path : 
2025-12-04 16:48:19,383 [INFO] MicroXplorer:498 - Change Database Version : DB.6.0.150
2025-12-04 16:48:19,420 [ERROR] ProjectManagerView:395 - 
java.lang.NullPointerException: Cannot invoke "javax.swing.JTextField.getText()" because the return value of "java.util.List.get(int)" is null
	at com.st.microxplorer.plugins.projectmanager.gui.ProjectChoiceTab$9.caretUpdate(ProjectChoiceTab.java:2706) ~[filemanager.jar:?]
	at javax.swing.text.JTextComponent.fireCaretUpdate(JTextComponent.java:408) ~[?:?]
	at javax.swing.text.JTextComponent$MutableCaretEvent.fire(JTextComponent.java:4484) ~[?:?]
	at javax.swing.text.JTextComponent$MutableCaretEvent.stateChanged(JTextComponent.java:4506) ~[?:?]
	at javax.swing.text.DefaultCaret.fireStateChanged(DefaultCaret.java:857) ~[?:?]
	at javax.swing.text.DefaultCaret.changeCaretPosition(DefaultCaret.java:1343) ~[?:?]
	at javax.swing.text.DefaultCaret.handleSetDot(DefaultCaret.java:1242) ~[?:?]
	at javax.swing.text.DefaultCaret.setDot(DefaultCaret.java:1223) ~[?:?]
	at javax.swing.text.DefaultCaret$Handler.insertUpdate(DefaultCaret.java:1819) ~[?:?]
	at javax.swing.text.AbstractDocument.fireInsertUpdate(AbstractDocument.java:227) ~[?:?]
	at javax.swing.text.AbstractDocument.handleInsertString(AbstractDocument.java:781) ~[?:?]
	at javax.swing.text.AbstractDocument.insertString(AbstractDocument.java:740) ~[?:?]
	at javax.swing.text.PlainDocument.insertString(PlainDocument.java:131) ~[?:?]
	at javax.swing.text.AbstractDocument.replace(AbstractDocument.java:699) ~[?:?]
	at javax.swing.text.JTextComponent.setText(JTextComponent.java:1725) ~[?:?]
	at com.st.microxplorer.plugins.projectmanager.gui.ProjectChoiceTab.createHeapStackFields(ProjectChoiceTab.java:993) ~[filemanager.jar:?]
	at com.st.microxplorer.plugins.projectmanager.gui.ProjectChoiceTab.buildLinkSettingsPanel(ProjectChoiceTab.java:3813) ~[filemanager.jar:?]
	at com.st.microxplorer.plugins.projectmanager.gui.ProjectChoiceTab.defineWindowsFields(ProjectChoiceTab.java:1987) ~[filemanager.jar:?]
	at com.st.microxplorer.plugins.projectmanager.gui.ProjectChoiceTab.updateSettings(ProjectChoiceTab.java:558) ~[filemanager.jar:?]
	at com.st.microxplorer.plugins.projectmanager.gui.ProjectSettingsPanel.UpdateDialog(ProjectSettingsPanel.java:247) ~[filemanager.jar:?]
	at com.st.microxplorer.plugins.projectmanager.ProjectManagerView.propertyChange(ProjectManagerView.java:392) ~[filemanager.jar:?]
	at java.beans.PropertyChangeSupport.fire(PropertyChangeSupport.java:343) ~[?:?]
	at java.beans.PropertyChangeSupport.firePropertyChange(PropertyChangeSupport.java:335) ~[?:?]
	at java.beans.PropertyChangeSupport.firePropertyChange(PropertyChangeSupport.java:268) ~[?:?]
	at com.st.microxplorer.util.MXPropertyChangeSupport.firePropertyChange(MXPropertyChangeSupport.java:54) ~[STM32CubeMX.jar:?]
	at com.st.microxplorer.mxsystem.MxSystem.closeConfig(MxSystem.java:899) ~[STM32CubeMX.jar:?]
	at com.st.microxplorer.maingui.MainPanel.closeConfig(MainPanel.java:792) ~[STM32CubeMX.jar:?]
	at com.st.microxplorer.plugins.filemanager.engine.OpenFileManager.loadConfigurationFile(OpenFileManager.java:288) ~[filemanager.jar:?]
	at com.st.microxplorer.plugins.filemanager.engine.MainFileManager.userLoadConfig(MainFileManager.java:364) ~[filemanager.jar:?]
	at com.st.microxplorer.plugins.filemanager.engine.MainFileManager.userLoadConfig(MainFileManager.java:342) ~[filemanager.jar:?]
	at com.st.microxplorer.plugins.filemanager.FileManagerView.getSpecificTask(FileManagerView.java:264) ~[filemanager.jar:?]
	at com.st.stm32cube.common.mx.editor.CubeMxEditor.getMxTabbedPaneInstance(CubeMxEditor.java:1198) ~[com.st.stm32cube.common.mx_6.15.0.202507011659/:?]
	at com.st.stm32cube.common.mx.editor.CubeMxEditor$12$1.createSwingComponent(CubeMxEditor.java:1068) ~[com.st.stm32cube.common.mx_6.15.0.202507011659/:?]
	at com.st.stm32cube.common.mx.oss.core.awtswtbridge.EmbeddedSwingComposite.doComponentCreation(EmbeddedSwingComposite.java:492) ~[com.st.stm32cube.common.mx.oss_6.15.0.202507011659/:?]
	at com.st.stm32cube.common.mx.oss.core.awtswtbridge.EmbeddedSwingComposite$4.run(EmbeddedSwingComposite.java:291) ~[com.st.stm32cube.common.mx.oss_6.15.0.202507011659/:?]
	at com.st.stm32cube.common.mx.oss.core.awtswtbridge.AwtEnvironment$2.run(AwtEnvironment.java:166) ~[com.st.stm32cube.common.mx.oss_6.15.0.202507011659/:?]
	at java.awt.event.InvocationEvent.dispatch(InvocationEvent.java:318) ~[?:?]
	at java.awt.EventQueue.dispatchEventImpl(EventQueue.java:773) ~[?:?]
	at java.awt.EventQueue$4.run(EventQueue.java:720) ~[?:?]
	at java.awt.EventQueue$4.run(EventQueue.java:714) ~[?:?]
	at java.security.AccessController.doPrivileged(AccessController.java:400) ~[?:?]
	at java.security.ProtectionDomain$JavaSecurityAccessImpl.doIntersectionPrivilege(ProtectionDomain.java:87) ~[?:?]
	at java.awt.EventQueue.dispatchEvent(EventQueue.java:742) ~[?:?]
	at java.awt.EventDispatchThread.pumpOneEventForFilters(EventDispatchThread.java:203) ~[?:?]
	at java.awt.EventDispatchThread.pumpEventsForFilter(EventDispatchThread.java:124) ~[?:?]
	at java.awt.EventDispatchThread.pumpEventsForHierarchy(EventDispatchThread.java:113) ~[?:?]
	at java.awt.EventDispatchThread.pumpEvents(EventDispatchThread.java:109) ~[?:?]
	at java.awt.EventDispatchThread.pumpEvents(EventDispatchThread.java:101) ~[?:?]
	at java.awt.EventDispatchThread.run(EventDispatchThread.java:90) ~[?:?]
2025-12-04 16:48:19,439 [WARN] ThirdParty:871 - waiting for thirdparty lock release [close project]
2025-12-04 16:48:19,439 [INFO] ThirdParty:873 - entering critical section [close project]
2025-12-04 16:48:19,439 [INFO] ThirdParty:883 - exiting critical section [close project]
2025-12-04 16:48:19,443 [INFO] PinOutPanel:1589 - setPackage(No Configuration,No Configuration)
2025-12-04 16:48:19,455 [INFO] UtilMem:75 - Begin LoadConfig() Used Memory: 723222008 Bytes (1073741824)
2025-12-04 16:48:19,456 [INFO] MicroXplorer:468 - Change Database Path : 
2025-12-04 16:48:19,457 [INFO] MicroXplorer:498 - Change Database Version : DB.6.0.150
2025-12-04 16:48:19,457 [INFO] OpenFileManager:355 - Change cursor
2025-12-04 16:48:19,507 [INFO] RulesReader:64 - Compatibility file has been processed (317 Rules)
2025-12-04 16:48:19,512 [INFO] Mcu:2029 - Initializing MCU STM32F103C(8-B)Tx STM32F103C8Tx STM32F103C8T6
2025-12-04 16:48:20,428 [INFO] Context:786 - Trying to add GPIOservice into a context  which must be forbidden
2025-12-04 16:48:20,765 [INFO] ImportTextPane:234 - (OptionalMessage_ERROR) Pin11 (VP_RIF_VS_RIF1) cannot be retrieved for this MCU
2025-12-04 16:48:20,999 [INFO] RtosManager:558 - Registered RTOS mode: class=CMSIS, group=RTOS, mode=CMSIS_V1, owner=FREERTOS
2025-12-04 16:48:20,999 [INFO] RtosManager:558 - Registered RTOS mode: class=CMSIS, group=RTOS2, mode=CMSIS_V2, owner=FREERTOS
2025-12-04 16:48:20,999 [INFO] RtosManager:558 - Registered RTOS mode: class=RTOS, group=Core, mode=CMSIS_V1, owner=FREERTOS
2025-12-04 16:48:20,999 [INFO] RtosManager:558 - Registered RTOS mode: class=RTOS, group=Core, mode=CMSIS_V2, owner=FREERTOS
2025-12-04 16:48:21,000 [WARN] ModelIntegratedComponent:184 - Missing modes for component STMicroelectronics:FreeRTOS:0.0.1:STMicroelectronics:RTOS:FreeRTOS:Core:::10.2.0:
2025-12-04 16:48:21,009 [WARN] ModelIntegratedComponent:63 - No mode defined for component null
2025-12-04 16:48:21,009 [WARN] ModelIntegratedComponent:63 - No mode defined for component null
2025-12-04 16:48:21,010 [WARN] ModelIntegratedComponent:63 - No mode defined for component null
2025-12-04 16:48:21,010 [WARN] ModelIntegratedComponent:63 - No mode defined for component null
2025-12-04 16:48:21,010 [WARN] ModelIntegratedComponent:63 - No mode defined for component null
2025-12-04 16:48:21,010 [WARN] ModelIntegratedComponent:63 - No mode defined for component null
2025-12-04 16:48:21,010 [WARN] ModelIntegratedComponent:63 - No mode defined for component null
2025-12-04 16:48:21,010 [WARN] ModelIntegratedComponent:63 - No mode defined for component null
2025-12-04 16:48:21,010 [WARN] ModelIntegratedComponent:63 - No mode defined for component null
2025-12-04 16:48:21,010 [WARN] ModelIntegratedComponent:63 - No mode defined for component null
2025-12-04 16:48:21,010 [WARN] ModelIntegratedComponent:63 - No mode defined for component null
2025-12-04 16:48:21,010 [WARN] ModelIntegratedComponent:63 - No mode defined for component null
2025-12-04 16:48:21,010 [WARN] ModelIntegratedComponent:63 - No mode defined for component null
2025-12-04 16:48:21,010 [WARN] ModelIntegratedComponent:63 - No mode defined for component null
2025-12-04 16:48:21,010 [WARN] ModelIntegratedComponent:63 - No mode defined for component null
2025-12-04 16:48:21,011 [WARN] ModelIntegratedComponent:63 - No mode defined for component null
2025-12-04 16:48:21,011 [WARN] ModelIntegratedComponent:63 - No mode defined for component null
2025-12-04 16:48:21,011 [WARN] ModelIntegratedComponent:63 - No mode defined for component null
2025-12-04 16:48:21,011 [WARN] ModelIntegratedComponent:63 - No mode defined for component null
2025-12-04 16:48:21,011 [WARN] ModelIntegratedComponent:63 - No mode defined for component null
2025-12-04 16:48:21,011 [WARN] ModelIntegratedComponent:63 - No mode defined for component null
2025-12-04 16:48:21,011 [WARN] ModelIntegratedComponent:63 - No mode defined for component null
2025-12-04 16:48:21,011 [WARN] ModelIntegratedComponent:63 - No mode defined for component null
2025-12-04 16:48:21,011 [WARN] ModelIntegratedComponent:63 - No mode defined for component null
2025-12-04 16:48:21,011 [WARN] ModelIntegratedComponent:63 - No mode defined for component null
2025-12-04 16:48:21,011 [WARN] ModelIntegratedComponent:63 - No mode defined for component null
2025-12-04 16:48:21,011 [WARN] ModelIntegratedComponent:63 - No mode defined for component null
2025-12-04 16:48:21,011 [WARN] ModelIntegratedComponent:63 - No mode defined for component null
2025-12-04 16:48:21,011 [WARN] ModelIntegratedComponent:63 - No mode defined for component null
2025-12-04 16:48:21,012 [WARN] ModelIntegratedComponent:63 - No mode defined for component null
2025-12-04 16:48:21,012 [WARN] ModelIntegratedComponent:63 - No mode defined for component null
2025-12-04 16:48:21,012 [WARN] ModelIntegratedComponent:63 - No mode defined for component null
2025-12-04 16:48:21,012 [WARN] ModelIntegratedComponent:63 - No mode defined for component null
2025-12-04 16:48:21,012 [WARN] ModelIntegratedComponent:63 - No mode defined for component null
2025-12-04 16:48:21,012 [WARN] ModelIntegratedComponent:63 - No mode defined for component null
2025-12-04 16:48:21,012 [WARN] ModelPack:524 - Component already loaded: STMicroelectronics:HAL Drivers:0.0.0:STMicroelectronics:Device:STMicro_Driver:XSPI:HAL::0.0.1:HAL_XSPI
2025-12-04 16:48:21,077 [INFO] ThirdPartyModel:298 - Start build external matchings
2025-12-04 16:48:21,499 [INFO] ThirdPartyModel:316 - End build external matchings
2025-12-04 16:48:21,760 [INFO] UtilMem:75 - End LoadConfig() Used Memory: 840706248 Bytes (1073741824)
2025-12-04 16:48:21,809 [WARN] ThirdParty:833 - waiting for thirdparty lock release [change project]
2025-12-04 16:48:21,809 [INFO] ThirdParty:835 - entering critical section [change project]
2025-12-04 16:48:21,809 [INFO] ThirdParty:1030 - CMSIS Pack Vendor :STMicroelectronics X-CUBE-PM33A1 1.0.0
2025-12-04 16:48:21,809 [INFO] ThirdParty:1030 - CMSIS Pack Vendor :STMicroelectronics USBPD 4.1
2025-12-04 16:48:21,809 [INFO] ThirdParty:1030 - CMSIS Pack Vendor :STMicroelectronics X-CUBE-NFC9 1.0.0
2025-12-04 16:48:21,809 [INFO] ThirdParty:1030 - CMSIS Pack Vendor :STMicroelectronics USB_HOST 2.0.0
2025-12-04 16:48:21,809 [INFO] ThirdParty:1030 - CMSIS Pack Vendor :STMicroelectronics FP-SNS-MOTENVWB1 1.4.0
2025-12-04 16:48:21,809 [INFO] ThirdParty:1030 - CMSIS Pack Vendor :STMicroelectronics X-CUBE-AZRTOS-F4 1.1.0
2025-12-04 16:48:21,810 [INFO] ThirdParty:1030 - CMSIS Pack Vendor :STMicroelectronics LIBJPEG 8.0.0
2025-12-04 16:48:21,810 [INFO] ThirdParty:1030 - CMSIS Pack Vendor :STMicroelectronics FP-ATR-ASTRA1 2.0.2
2025-12-04 16:48:21,810 [INFO] ThirdParty:1030 - CMSIS Pack Vendor :wolfSSL I-CUBE-wolfSSL 5.8.2
2025-12-04 16:48:21,810 [INFO] ThirdParty:1030 - CMSIS Pack Vendor :STMicroelectronics X-CUBE-BLE1 7.1.0
2025-12-04 16:48:21,810 [INFO] ThirdParty:1030 - CMSIS Pack Vendor :STMicroelectronics X-CUBE-SMBUS 2.1.0
2025-12-04 16:48:21,810 [INFO] ThirdParty:1030 - CMSIS Pack Vendor :wolfSSL I-CUBE-wolfMQTT 1.19.2
2025-12-04 16:48:21,810 [INFO] ThirdParty:1030 - CMSIS Pack Vendor :STMicroelectronics USB_DEVICE 3.0.0
2025-12-04 16:48:21,810 [INFO] ThirdParty:1030 - CMSIS Pack Vendor :STMicroelectronics X-CUBE-ISPU 2.1.0
2025-12-04 16:48:21,810 [INFO] ThirdParty:1030 - CMSIS Pack Vendor :STMicroelectronics X-CUBE-FREERTOS 1.4.0
2025-12-04 16:48:21,811 [INFO] ThirdParty:1030 - CMSIS Pack Vendor :STMicroelectronics X-CUBE-EEPRMA1 5.2.0
2025-12-04 16:48:21,811 [INFO] ThirdParty:1030 - CMSIS Pack Vendor :STMicroelectronics X-CUBE-IPS 3.2.0
2025-12-04 16:48:21,811 [INFO] ThirdParty:1030 - CMSIS Pack Vendor :STMicroelectronics X-CUBE-BLEMGR 4.1.0
2025-12-04 16:48:21,811 [INFO] ThirdParty:1030 - CMSIS Pack Vendor :STMicroelectronics X-CUBE-AZRTOS-WB 2.0.0
2025-12-04 16:48:21,811 [INFO] ThirdParty:1030 - CMSIS Pack Vendor :Cesanta I-CUBE-Mongoose 7.20.0
2025-12-04 16:48:21,811 [INFO] ThirdParty:1030 - CMSIS Pack Vendor :STMicroelectronics X-CUBE-NFC12 1.0.0
2025-12-04 16:48:21,811 [INFO] ThirdParty:1030 - CMSIS Pack Vendor :STMicroelectronics X-CUBE-AZRTOS-F7 1.1.0
2025-12-04 16:48:21,811 [INFO] ThirdParty:1030 - CMSIS Pack Vendor :STMicroelectronics X-CUBE-AZRTOS-L5 2.0.0
2025-12-04 16:48:21,811 [INFO] ThirdParty:1030 - CMSIS Pack Vendor :STMicroelectronics USB_DEVICE 2.0.0
2025-12-04 16:48:21,811 [INFO] ThirdParty:1030 - CMSIS Pack Vendor :STMicroelectronics X-CUBE-NFC6 3.1.0
2025-12-04 16:48:21,811 [INFO] ThirdParty:1030 - CMSIS Pack Vendor :STMicroelectronics X-CUBE-ST67W61 1.1.0
2025-12-04 16:48:21,811 [INFO] ThirdParty:1030 - CMSIS Pack Vendor :quantropi X-CUBE-qispace-sdk-base 2.1.0
2025-12-04 16:48:21,811 [INFO] ThirdParty:1030 - CMSIS Pack Vendor :STMicroelectronics X-CUBE-MEMS1 12.0.0
2025-12-04 16:48:21,811 [INFO] ThirdParty:1030 - CMSIS Pack Vendor :STMicroelectronics FP-SNS-MOTENV1 5.1.0
2025-12-04 16:48:21,812 [INFO] ThirdParty:1030 - CMSIS Pack Vendor :STMicroelectronics FreeRTOS 0.0.1
2025-12-04 16:48:21,812 [INFO] ThirdParty:1030 - CMSIS Pack Vendor :STMicroelectronics X-CUBE-AZRTOS-G0 1.1.0
2025-12-04 16:48:21,812 [INFO] ThirdParty:1030 - CMSIS Pack Vendor :STMicroelectronics X-CUBE-NFC4 3.0.0
2025-12-04 16:48:21,812 [INFO] ThirdParty:1030 - CMSIS Pack Vendor :STMicroelectronics X-CUBE-SUBG2 5.0.0
2025-12-04 16:48:21,812 [INFO] ThirdParty:1030 - CMSIS Pack Vendor :STMicroelectronics STM32_WPAN 1.0.0
2025-12-04 16:48:21,812 [INFO] ThirdParty:1030 - CMSIS Pack Vendor :EmbeddedOffice I-CUBE-FS-RTOS 1.0.1
2025-12-04 16:48:21,812 [INFO] ThirdParty:1030 - CMSIS Pack Vendor :STMicroelectronics lwIP 2.0.3
2025-12-04 16:48:21,812 [INFO] ThirdParty:1030 - CMSIS Pack Vendor :WES I-CUBE-Cesium 1.4.0
2025-12-04 16:48:21,812 [INFO] ThirdParty:1030 - CMSIS Pack Vendor :STMicroelectronics USB_HOST 1.0.0
2025-12-04 16:48:21,812 [INFO] ThirdParty:1030 - CMSIS Pack Vendor :STMicroelectronics X-CUBE-AZRTOS-G4 2.0.0
2025-12-04 16:48:21,812 [INFO] ThirdParty:1030 - CMSIS Pack Vendor :STMicroelectronics X-CUBE-WB05N 2.0.0
2025-12-04 16:48:21,812 [INFO] ThirdParty:1030 - CMSIS Pack Vendor :STMicroelectronics PDM2PCM 3.1.0
2025-12-04 16:48:21,812 [INFO] ThirdParty:1030 - CMSIS Pack Vendor :STMicroelectronics PDM2PCM 3.3.0
2025-12-04 16:48:21,813 [INFO] ThirdParty:1030 - CMSIS Pack Vendor :wolfSSL I-CUBE-wolfTPM 3.8.0
2025-12-04 16:48:21,813 [INFO] ThirdParty:1030 - CMSIS Pack Vendor :STMicroelectronics X-CUBE-AZRTOS-H7 3.4.0
2025-12-04 16:48:21,813 [INFO] ThirdParty:1030 - CMSIS Pack Vendor :STMicroelectronics X-CUBE-DISPLAY 3.0.0
2025-12-04 16:48:21,813 [INFO] ThirdParty:1030 - CMSIS Pack Vendor :wolfSSL I-CUBE-wolfSSH 1.4.20
2025-12-04 16:48:21,813 [INFO] ThirdParty:1030 - CMSIS Pack Vendor :STMicroelectronics X-CUBE-NFC7 2.0.0
2025-12-04 16:48:21,813 [INFO] ThirdParty:1030 - CMSIS Pack Vendor :STMicroelectronics X-CUBE-TCPP 4.2.0
2025-12-04 16:48:21,813 [INFO] ThirdParty:1030 - CMSIS Pack Vendor :RealThread X-CUBE-RT-Thread_Nano 4.1.1
2025-12-04 16:48:21,813 [INFO] ThirdParty:1030 - CMSIS Pack Vendor :STMicroelectronics FP-ATR-SIGFOX1 3.2.0
2025-12-04 16:48:21,813 [INFO] ThirdParty:1030 - CMSIS Pack Vendor :STMicroelectronics X-CUBE-NFC10 1.0.0
2025-12-04 16:48:21,814 [INFO] ThirdParty:1030 - CMSIS Pack Vendor :STMicroelectronics HAL Drivers 0.0.0
2025-12-04 16:48:21,814 [INFO] ThirdParty:1030 - CMSIS Pack Vendor :STMicroelectronics MBEDTLS 2.16.2
2025-12-04 16:48:21,814 [INFO] ThirdParty:1030 - CMSIS Pack Vendor :STMicroelectronics X-CUBE-ST60 1.1.0
2025-12-04 16:48:21,814 [INFO] ThirdParty:1030 - CMSIS Pack Vendor :STMicroelectronics X-CUBE-ALS 1.0.2
2025-12-04 16:48:21,814 [INFO] ThirdParty:1030 - CMSIS Pack Vendor :emotas I-CUBE-CANOPEN 1.3.0
2025-12-04 16:48:21,814 [INFO] ThirdParty:1030 - CMSIS Pack Vendor :STMicroelectronics MBEDTLS 2.14.1
2025-12-04 16:48:21,814 [INFO] ThirdParty:1030 - CMSIS Pack Vendor :STMicroelectronics X-CUBE-GNSS1 7.1.0
2025-12-04 16:48:21,814 [INFO] ThirdParty:1030 - CMSIS Pack Vendor :ITTIA_DB I-CUBE-ITTIADB 8.9.0
2025-12-04 16:48:21,814 [INFO] ThirdParty:1030 - CMSIS Pack Vendor :STMicroelectronics X-CUBE-TOUCHGFX 4.26.0
2025-12-04 16:48:21,814 [INFO] ThirdParty:1030 - CMSIS Pack Vendor :STMicroelectronics X-CUBE-STSE01 1.0.0
2025-12-04 16:48:21,814 [INFO] ThirdParty:1030 - CMSIS Pack Vendor :STMicroelectronics FP-SNS-STBOX1 2.1.0
2025-12-04 16:48:21,814 [INFO] ThirdParty:1030 - CMSIS Pack Vendor :STMicroelectronics X-CUBE-AI 10.2.0
2025-12-04 16:48:21,814 [INFO] ThirdParty:1030 - CMSIS Pack Vendor :STMicroelectronics FP-SNS-STAIOTCFT 1.0.0
2025-12-04 16:48:21,815 [INFO] ThirdParty:1030 - CMSIS Pack Vendor :STMicroelectronics ThreadX 1.0.0
2025-12-04 16:48:21,815 [INFO] ThirdParty:1030 - CMSIS Pack Vendor :STMicroelectronics FP-SNS-SMARTAG2 1.2.0
2025-12-04 16:48:21,815 [INFO] ThirdParty:1030 - CMSIS Pack Vendor :STMicroelectronics FP-SNS-FLIGHT1 5.1.0
2025-12-04 16:48:21,815 [INFO] ThirdParty:1030 - CMSIS Pack Vendor :STMicroelectronics X-CUBE-AZRTOS-WL 2.0.0
2025-12-04 16:48:21,815 [INFO] ThirdParty:1030 - CMSIS Pack Vendor :SEGGER I-CUBE-embOS 1.3.1
2025-12-04 16:48:21,815 [INFO] ThirdParty:1030 - CMSIS Pack Vendor :STMicroelectronics X-CUBE-ALGOBUILD 1.4.0
2025-12-04 16:48:21,815 [INFO] ThirdParty:1030 - CMSIS Pack Vendor :STMicroelectronics X-CUBE-DPower 1.3.0
2025-12-04 16:48:21,815 [INFO] ThirdParty:1030 - CMSIS Pack Vendor :STMicroelectronics USB_DEVICE 1.0.0
2025-12-04 16:48:21,815 [INFO] ThirdParty:1030 - CMSIS Pack Vendor :STMicroelectronics X-CUBE-AZRTOS-H7RS 1.2.0
2025-12-04 16:48:21,815 [INFO] ThirdParty:1030 - CMSIS Pack Vendor :STMicroelectronics X-CUBE-AZRTOS-L4 2.0.0
2025-12-04 16:48:21,815 [INFO] ThirdParty:1030 - CMSIS Pack Vendor :STMicroelectronics ThreadX 0.0.2
2025-12-04 16:48:21,815 [INFO] ThirdParty:1030 - CMSIS Pack Vendor :STMicroelectronics lwIP 2.1.2
2025-12-04 16:48:21,816 [INFO] ThirdParty:1030 - CMSIS Pack Vendor :STMicroelectronics X-CUBE-SFXS2LP1 4.0.0
2025-12-04 16:48:21,816 [INFO] ThirdParty:1030 - CMSIS Pack Vendor :STMicroelectronics X-CUBE-BLE2 3.3.0
2025-12-04 16:48:21,816 [INFO] ThirdParty:1030 - CMSIS Pack Vendor :Avnet-IOTCONNECT X-CUBE-iotc-st67-sdk 1.0.0
2025-12-04 16:48:21,816 [INFO] ThirdParty:1030 - CMSIS Pack Vendor :STMicroelectronics X-CUBE-TOF1 3.4.3
2025-12-04 16:48:21,816 [INFO] ThirdParty:1030 - CMSIS Pack Vendor :Infineon AIROC-Wi-Fi-Bluetooth-STM32 1.8.0
2025-12-04 16:48:21,816 [INFO] ThirdParty:1030 - CMSIS Pack Vendor :STMicroelectronics PDM2PCM 3.2.0
2025-12-04 16:48:21,816 [INFO] ThirdParty:841 - exiting critical section [change project]
2025-12-04 16:48:21,955 [INFO] PinOutPanel:1589 - setPackage(No Configuration,No Configuration)
2025-12-04 16:48:21,956 [INFO] PinOutPanel:1589 - setPackage(STM32F103C8Tx,LQFP48)
2025-12-04 16:48:22,301 [INFO] UtilMem:75 - Before build in PCC Used Memory: 922961136 Bytes (1073741824)
2025-12-04 16:48:22,576 [INFO] UtilMem:75 - After build in PCC Used Memory: 966530648 Bytes (1073741824)
2025-12-04 16:48:22,595 [INFO] IPUIPlugin:80 - create IPUIPlugin
2025-12-04 16:48:22,595 [INFO] IPUIPlugin:80 - create IPUIPlugin
2025-12-04 16:48:22,595 [INFO] IPUIPlugin:80 - create IPUIPlugin
2025-12-04 16:48:22,595 [INFO] IPUIPlugin:80 - create IPUIPlugin
2025-12-04 16:48:22,595 [INFO] IPUIPlugin:80 - create IPUIPlugin
2025-12-04 16:48:22,597 [INFO] IPUIPlugin:80 - create IPUIPlugin
2025-12-04 16:48:22,598 [INFO] IPUIPlugin:80 - create IPUIPlugin
2025-12-04 16:48:22,599 [INFO] IPUIPlugin:80 - create IPUIPlugin
2025-12-04 16:48:22,599 [INFO] IPUIPlugin:80 - create IPUIPlugin
2025-12-04 16:48:22,599 [INFO] IPUIPlugin:80 - create IPUIPlugin
2025-12-04 16:48:22,599 [INFO] IPUIPlugin:80 - create IPUIPlugin
2025-12-04 16:48:22,600 [INFO] IPUIPlugin:80 - create IPUIPlugin
2025-12-04 16:48:22,600 [INFO] IPUIPlugin:80 - create IPUIPlugin
2025-12-04 16:48:22,600 [INFO] IPUIPlugin:80 - create IPUIPlugin
2025-12-04 16:48:22,600 [INFO] IPUIPlugin:80 - create IPUIPlugin
2025-12-04 16:48:22,601 [INFO] IPUIPlugin:80 - create IPUIPlugin
2025-12-04 16:48:22,601 [INFO] IPUIPlugin:80 - create IPUIPlugin
2025-12-04 16:48:22,601 [INFO] IPUIPlugin:80 - create IPUIPlugin
2025-12-04 16:48:22,602 [INFO] IPUIPlugin:80 - create IPUIPlugin
2025-12-04 16:48:22,602 [INFO] IPUIPlugin:80 - create IPUIPlugin
2025-12-04 16:48:22,602 [INFO] IPUIPlugin:80 - create IPUIPlugin
2025-12-04 16:48:22,602 [INFO] IPUIPlugin:80 - create IPUIPlugin
2025-12-04 16:48:22,603 [INFO] IPUIPlugin:80 - create IPUIPlugin
2025-12-04 16:48:22,603 [INFO] IPUIPlugin:80 - create IPUIPlugin
2025-12-04 16:48:22,603 [INFO] IPUIPlugin:80 - create IPUIPlugin
2025-12-04 16:48:22,604 [INFO] IPUIPlugin:80 - create IPUIPlugin
2025-12-04 16:48:22,604 [INFO] IPUIPlugin:80 - create IPUIPlugin
2025-12-04 16:48:22,607 [INFO] Can:71 - Can Add PropertyChangeListener com.st.microxplorer.plugins.ip.can.Can@69d39707
2025-12-04 16:48:22,657 [INFO] CADModel:165 - CPN selected for project levelSTM32F103C8T6
2025-12-04 16:48:22,657 [INFO] CADModel:114 - Register for checkConnection events
2025-12-04 16:48:22,728 [INFO] OpenFileManager:386 - Restore cursor
2025-12-04 16:48:27,032 [INFO] ADCParametersView:116 -                Rank 1 : false
2025-12-04 16:48:27,068 [INFO] ADCParametersView:116 -                Rank 1 : false
2025-12-04 16:48:27,068 [INFO] ADCParametersView:116 -                Rank 1 : false
2025-12-04 16:48:27,068 [INFO] ADCParametersView:116 -                Rank 1 : false
2025-12-04 16:48:27,068 [INFO] ADCParametersView:116 -                Rank 1 : false
2025-12-04 16:48:27,068 [INFO] ADCParametersView:116 -                Rank 1 : false
2025-12-04 16:48:27,068 [INFO] ADCParametersView:116 -                Rank 1 : false
2025-12-04 16:48:27,068 [INFO] ADCParametersView:116 -                Rank 1 : false
2025-12-04 16:48:27,068 [INFO] ADCParametersView:116 -                Rank 1 : false
2025-12-04 16:48:27,069 [INFO] ADCParametersView:116 -                Rank 1 : false
2025-12-04 16:48:27,069 [INFO] ADCParametersView:116 -                Rank 1 : false
2025-12-04 16:48:27,076 [INFO] ADCParametersView:116 -                Rank 1 : false
2025-12-04 16:51:53,402 [INFO] MainUpdater:2872 - connection check result : 10
2025-12-04 16:51:53,402 [INFO] MainUpdater:2872 - connection check result : 10
2025-12-04 16:51:53,445 [INFO] MicroXplorer:468 - Change Database Path : 
2025-12-04 16:51:53,445 [INFO] MicroXplorer:498 - Change Database Version : DB.6.0.150
2025-12-04 16:51:53,462 [ERROR] ProjectManagerView:395 - 
java.lang.NullPointerException: Cannot invoke "javax.swing.JTextField.getText()" because the return value of "java.util.List.get(int)" is null
	at com.st.microxplorer.plugins.projectmanager.gui.ProjectChoiceTab$9.caretUpdate(ProjectChoiceTab.java:2706) ~[filemanager.jar:?]
	at javax.swing.text.JTextComponent.fireCaretUpdate(JTextComponent.java:408) ~[?:?]
	at javax.swing.text.JTextComponent$MutableCaretEvent.fire(JTextComponent.java:4484) ~[?:?]
	at javax.swing.text.JTextComponent$MutableCaretEvent.stateChanged(JTextComponent.java:4506) ~[?:?]
	at javax.swing.text.DefaultCaret.fireStateChanged(DefaultCaret.java:857) ~[?:?]
	at javax.swing.text.DefaultCaret.changeCaretPosition(DefaultCaret.java:1343) ~[?:?]
	at javax.swing.text.DefaultCaret.handleSetDot(DefaultCaret.java:1242) ~[?:?]
	at javax.swing.text.DefaultCaret.setDot(DefaultCaret.java:1223) ~[?:?]
	at javax.swing.text.DefaultCaret$Handler.insertUpdate(DefaultCaret.java:1819) ~[?:?]
	at javax.swing.text.AbstractDocument.fireInsertUpdate(AbstractDocument.java:227) ~[?:?]
	at javax.swing.text.AbstractDocument.handleInsertString(AbstractDocument.java:781) ~[?:?]
	at javax.swing.text.AbstractDocument.insertString(AbstractDocument.java:740) ~[?:?]
	at javax.swing.text.PlainDocument.insertString(PlainDocument.java:131) ~[?:?]
	at javax.swing.text.AbstractDocument.replace(AbstractDocument.java:699) ~[?:?]
	at javax.swing.text.JTextComponent.setText(JTextComponent.java:1725) ~[?:?]
	at com.st.microxplorer.plugins.projectmanager.gui.ProjectChoiceTab.createHeapStackFields(ProjectChoiceTab.java:993) ~[filemanager.jar:?]
	at com.st.microxplorer.plugins.projectmanager.gui.ProjectChoiceTab.buildLinkSettingsPanel(ProjectChoiceTab.java:3813) ~[filemanager.jar:?]
	at com.st.microxplorer.plugins.projectmanager.gui.ProjectChoiceTab.defineWindowsFields(ProjectChoiceTab.java:1987) ~[filemanager.jar:?]
	at com.st.microxplorer.plugins.projectmanager.gui.ProjectChoiceTab.updateSettings(ProjectChoiceTab.java:558) ~[filemanager.jar:?]
	at com.st.microxplorer.plugins.projectmanager.gui.ProjectSettingsPanel.UpdateDialog(ProjectSettingsPanel.java:247) ~[filemanager.jar:?]
	at com.st.microxplorer.plugins.projectmanager.ProjectManagerView.propertyChange(ProjectManagerView.java:392) ~[filemanager.jar:?]
	at java.beans.PropertyChangeSupport.fire(PropertyChangeSupport.java:343) ~[?:?]
	at java.beans.PropertyChangeSupport.firePropertyChange(PropertyChangeSupport.java:335) ~[?:?]
	at java.beans.PropertyChangeSupport.firePropertyChange(PropertyChangeSupport.java:268) ~[?:?]
	at com.st.microxplorer.util.MXPropertyChangeSupport.firePropertyChange(MXPropertyChangeSupport.java:54) ~[STM32CubeMX.jar:?]
	at com.st.microxplorer.mxsystem.MxSystem.closeConfig(MxSystem.java:899) ~[STM32CubeMX.jar:?]
	at com.st.microxplorer.maingui.MainPanel.closeConfig(MainPanel.java:792) ~[STM32CubeMX.jar:?]
	at com.st.microxplorer.plugins.filemanager.engine.OpenFileManager.loadConfigurationFile(OpenFileManager.java:288) ~[filemanager.jar:?]
	at com.st.microxplorer.plugins.filemanager.engine.MainFileManager.userLoadConfig(MainFileManager.java:364) ~[filemanager.jar:?]
	at com.st.microxplorer.plugins.filemanager.engine.MainFileManager.userLoadConfig(MainFileManager.java:342) ~[filemanager.jar:?]
	at com.st.microxplorer.plugins.filemanager.FileManagerView.getSpecificTask(FileManagerView.java:264) ~[filemanager.jar:?]
	at com.st.stm32cube.common.mx.editor.CubeMxEditor.getMxTabbedPaneInstance(CubeMxEditor.java:1198) ~[com.st.stm32cube.common.mx_6.15.0.202507011659/:?]
	at com.st.stm32cube.common.mx.editor.CubeMxEditor$12$1.createSwingComponent(CubeMxEditor.java:1068) ~[com.st.stm32cube.common.mx_6.15.0.202507011659/:?]
	at com.st.stm32cube.common.mx.oss.core.awtswtbridge.EmbeddedSwingComposite.doComponentCreation(EmbeddedSwingComposite.java:492) ~[com.st.stm32cube.common.mx.oss_6.15.0.202507011659/:?]
	at com.st.stm32cube.common.mx.oss.core.awtswtbridge.EmbeddedSwingComposite$4.run(EmbeddedSwingComposite.java:291) ~[com.st.stm32cube.common.mx.oss_6.15.0.202507011659/:?]
	at com.st.stm32cube.common.mx.oss.core.awtswtbridge.AwtEnvironment$2.run(AwtEnvironment.java:166) ~[com.st.stm32cube.common.mx.oss_6.15.0.202507011659/:?]
	at java.awt.event.InvocationEvent.dispatch(InvocationEvent.java:318) ~[?:?]
	at java.awt.EventQueue.dispatchEventImpl(EventQueue.java:773) ~[?:?]
	at java.awt.EventQueue$4.run(EventQueue.java:720) ~[?:?]
	at java.awt.EventQueue$4.run(EventQueue.java:714) ~[?:?]
	at java.security.AccessController.doPrivileged(AccessController.java:400) ~[?:?]
	at java.security.ProtectionDomain$JavaSecurityAccessImpl.doIntersectionPrivilege(ProtectionDomain.java:87) ~[?:?]
	at java.awt.EventQueue.dispatchEvent(EventQueue.java:742) ~[?:?]
	at java.awt.EventDispatchThread.pumpOneEventForFilters(EventDispatchThread.java:203) ~[?:?]
	at java.awt.EventDispatchThread.pumpEventsForFilter(EventDispatchThread.java:124) ~[?:?]
	at java.awt.EventDispatchThread.pumpEventsForHierarchy(EventDispatchThread.java:113) ~[?:?]
	at java.awt.EventDispatchThread.pumpEvents(EventDispatchThread.java:109) ~[?:?]
	at java.awt.EventDispatchThread.pumpEvents(EventDispatchThread.java:101) ~[?:?]
	at java.awt.EventDispatchThread.run(EventDispatchThread.java:90) ~[?:?]
2025-12-04 16:51:53,463 [WARN] ThirdParty:871 - waiting for thirdparty lock release [close project]
2025-12-04 16:51:53,464 [INFO] ThirdParty:873 - entering critical section [close project]
2025-12-04 16:51:53,464 [INFO] ThirdParty:883 - exiting critical section [close project]
2025-12-04 16:51:53,465 [INFO] PinOutPanel:1589 - setPackage(No Configuration,No Configuration)
2025-12-04 16:51:53,470 [INFO] UtilMem:75 - Begin LoadConfig() Used Memory: 658732808 Bytes (1073741824)
2025-12-04 16:51:53,470 [INFO] MicroXplorer:468 - Change Database Path : 
2025-12-04 16:51:53,470 [INFO] MicroXplorer:498 - Change Database Version : DB.6.0.150
2025-12-04 16:51:53,470 [INFO] OpenFileManager:355 - Change cursor
2025-12-04 16:51:53,478 [INFO] Mcu:2029 - Initializing MCU STM32F103C(8-B)Tx STM32F103C8Tx STM32F103C8T6
2025-12-04 16:51:54,198 [INFO] Context:786 - Trying to add GPIOservice into a context  which must be forbidden
2025-12-04 16:51:54,530 [INFO] ImportTextPane:234 - (OptionalMessage_ERROR) Pin11 (VP_RIF_VS_RIF1) cannot be retrieved for this MCU
2025-12-04 16:51:54,633 [INFO] RtosManager:558 - Registered RTOS mode: class=CMSIS, group=RTOS, mode=CMSIS_V1, owner=FREERTOS
2025-12-04 16:51:54,633 [INFO] RtosManager:558 - Registered RTOS mode: class=CMSIS, group=RTOS2, mode=CMSIS_V2, owner=FREERTOS
2025-12-04 16:51:54,633 [INFO] RtosManager:558 - Registered RTOS mode: class=RTOS, group=Core, mode=CMSIS_V1, owner=FREERTOS
2025-12-04 16:51:54,633 [INFO] RtosManager:558 - Registered RTOS mode: class=RTOS, group=Core, mode=CMSIS_V2, owner=FREERTOS
2025-12-04 16:51:54,633 [WARN] ModelIntegratedComponent:184 - Missing modes for component STMicroelectronics:FreeRTOS:0.0.1:STMicroelectronics:RTOS:FreeRTOS:Core:::10.2.0:
2025-12-04 16:51:54,644 [WARN] ModelIntegratedComponent:63 - No mode defined for component null
2025-12-04 16:51:54,644 [WARN] ModelIntegratedComponent:63 - No mode defined for component null
2025-12-04 16:51:54,644 [WARN] ModelIntegratedComponent:63 - No mode defined for component null
2025-12-04 16:51:54,644 [WARN] ModelIntegratedComponent:63 - No mode defined for component null
2025-12-04 16:51:54,644 [WARN] ModelIntegratedComponent:63 - No mode defined for component null
2025-12-04 16:51:54,644 [WARN] ModelIntegratedComponent:63 - No mode defined for component null
2025-12-04 16:51:54,644 [WARN] ModelIntegratedComponent:63 - No mode defined for component null
2025-12-04 16:51:54,644 [WARN] ModelIntegratedComponent:63 - No mode defined for component null
2025-12-04 16:51:54,645 [WARN] ModelIntegratedComponent:63 - No mode defined for component null
2025-12-04 16:51:54,645 [WARN] ModelIntegratedComponent:63 - No mode defined for component null
2025-12-04 16:51:54,645 [WARN] ModelIntegratedComponent:63 - No mode defined for component null
2025-12-04 16:51:54,645 [WARN] ModelIntegratedComponent:63 - No mode defined for component null
2025-12-04 16:51:54,645 [WARN] ModelIntegratedComponent:63 - No mode defined for component null
2025-12-04 16:51:54,645 [WARN] ModelIntegratedComponent:63 - No mode defined for component null
2025-12-04 16:51:54,645 [WARN] ModelIntegratedComponent:63 - No mode defined for component null
2025-12-04 16:51:54,645 [WARN] ModelIntegratedComponent:63 - No mode defined for component null
2025-12-04 16:51:54,645 [WARN] ModelIntegratedComponent:63 - No mode defined for component null
2025-12-04 16:51:54,645 [WARN] ModelIntegratedComponent:63 - No mode defined for component null
2025-12-04 16:51:54,645 [WARN] ModelIntegratedComponent:63 - No mode defined for component null
2025-12-04 16:51:54,646 [WARN] ModelIntegratedComponent:63 - No mode defined for component null
2025-12-04 16:51:54,646 [WARN] ModelIntegratedComponent:63 - No mode defined for component null
2025-12-04 16:51:54,646 [WARN] ModelIntegratedComponent:63 - No mode defined for component null
2025-12-04 16:51:54,646 [WARN] ModelIntegratedComponent:63 - No mode defined for component null
2025-12-04 16:51:54,646 [WARN] ModelIntegratedComponent:63 - No mode defined for component null
2025-12-04 16:51:54,646 [WARN] ModelIntegratedComponent:63 - No mode defined for component null
2025-12-04 16:51:54,646 [WARN] ModelIntegratedComponent:63 - No mode defined for component null
2025-12-04 16:51:54,646 [WARN] ModelIntegratedComponent:63 - No mode defined for component null
2025-12-04 16:51:54,646 [WARN] ModelIntegratedComponent:63 - No mode defined for component null
2025-12-04 16:51:54,646 [WARN] ModelIntegratedComponent:63 - No mode defined for component null
2025-12-04 16:51:54,646 [WARN] ModelIntegratedComponent:63 - No mode defined for component null
2025-12-04 16:51:54,646 [WARN] ModelIntegratedComponent:63 - No mode defined for component null
2025-12-04 16:51:54,646 [WARN] ModelIntegratedComponent:63 - No mode defined for component null
2025-12-04 16:51:54,646 [WARN] ModelIntegratedComponent:63 - No mode defined for component null
2025-12-04 16:51:54,646 [WARN] ModelIntegratedComponent:63 - No mode defined for component null
2025-12-04 16:51:54,647 [WARN] ModelIntegratedComponent:63 - No mode defined for component null
2025-12-04 16:51:54,647 [WARN] ModelPack:524 - Component already loaded: STMicroelectronics:HAL Drivers:0.0.0:STMicroelectronics:Device:STMicro_Driver:XSPI:HAL::0.0.1:HAL_XSPI
2025-12-04 16:51:54,682 [INFO] ThirdPartyModel:298 - Start build external matchings
2025-12-04 16:51:55,152 [INFO] ThirdPartyModel:316 - End build external matchings
2025-12-04 16:51:55,363 [INFO] UtilMem:75 - End LoadConfig() Used Memory: 792955240 Bytes (1073741824)
2025-12-04 16:51:55,413 [WARN] ThirdParty:833 - waiting for thirdparty lock release [change project]
2025-12-04 16:51:55,413 [INFO] ThirdParty:835 - entering critical section [change project]
2025-12-04 16:51:55,413 [INFO] ThirdParty:1030 - CMSIS Pack Vendor :STMicroelectronics X-CUBE-PM33A1 1.0.0
2025-12-04 16:51:55,414 [INFO] ThirdParty:1030 - CMSIS Pack Vendor :STMicroelectronics USBPD 4.1
2025-12-04 16:51:55,414 [INFO] ThirdParty:1030 - CMSIS Pack Vendor :STMicroelectronics X-CUBE-NFC9 1.0.0
2025-12-04 16:51:55,414 [INFO] ThirdParty:1030 - CMSIS Pack Vendor :STMicroelectronics USB_HOST 2.0.0
2025-12-04 16:51:55,414 [INFO] ThirdParty:1030 - CMSIS Pack Vendor :STMicroelectronics FP-SNS-MOTENVWB1 1.4.0
2025-12-04 16:51:55,414 [INFO] ThirdParty:1030 - CMSIS Pack Vendor :STMicroelectronics X-CUBE-AZRTOS-F4 1.1.0
2025-12-04 16:51:55,414 [INFO] ThirdParty:1030 - CMSIS Pack Vendor :STMicroelectronics LIBJPEG 8.0.0
2025-12-04 16:51:55,414 [INFO] ThirdParty:1030 - CMSIS Pack Vendor :STMicroelectronics FP-ATR-ASTRA1 2.0.2
2025-12-04 16:51:55,414 [INFO] ThirdParty:1030 - CMSIS Pack Vendor :wolfSSL I-CUBE-wolfSSL 5.8.2
2025-12-04 16:51:55,414 [INFO] ThirdParty:1030 - CMSIS Pack Vendor :STMicroelectronics X-CUBE-BLE1 7.1.0
2025-12-04 16:51:55,414 [INFO] ThirdParty:1030 - CMSIS Pack Vendor :STMicroelectronics X-CUBE-SMBUS 2.1.0
2025-12-04 16:51:55,414 [INFO] ThirdParty:1030 - CMSIS Pack Vendor :wolfSSL I-CUBE-wolfMQTT 1.19.2
2025-12-04 16:51:55,414 [INFO] ThirdParty:1030 - CMSIS Pack Vendor :STMicroelectronics USB_DEVICE 3.0.0
2025-12-04 16:51:55,414 [INFO] ThirdParty:1030 - CMSIS Pack Vendor :STMicroelectronics X-CUBE-ISPU 2.1.0
2025-12-04 16:51:55,414 [INFO] ThirdParty:1030 - CMSIS Pack Vendor :STMicroelectronics X-CUBE-FREERTOS 1.4.0
2025-12-04 16:51:55,415 [INFO] ThirdParty:1030 - CMSIS Pack Vendor :STMicroelectronics X-CUBE-EEPRMA1 5.2.0
2025-12-04 16:51:55,415 [INFO] ThirdParty:1030 - CMSIS Pack Vendor :STMicroelectronics X-CUBE-IPS 3.2.0
2025-12-04 16:51:55,415 [INFO] ThirdParty:1030 - CMSIS Pack Vendor :STMicroelectronics X-CUBE-BLEMGR 4.1.0
2025-12-04 16:51:55,415 [INFO] ThirdParty:1030 - CMSIS Pack Vendor :STMicroelectronics X-CUBE-AZRTOS-WB 2.0.0
2025-12-04 16:51:55,415 [INFO] ThirdParty:1030 - CMSIS Pack Vendor :Cesanta I-CUBE-Mongoose 7.20.0
2025-12-04 16:51:55,415 [INFO] ThirdParty:1030 - CMSIS Pack Vendor :STMicroelectronics X-CUBE-NFC12 1.0.0
2025-12-04 16:51:55,415 [INFO] ThirdParty:1030 - CMSIS Pack Vendor :STMicroelectronics X-CUBE-AZRTOS-F7 1.1.0
2025-12-04 16:51:55,415 [INFO] ThirdParty:1030 - CMSIS Pack Vendor :STMicroelectronics X-CUBE-AZRTOS-L5 2.0.0
2025-12-04 16:51:55,415 [INFO] ThirdParty:1030 - CMSIS Pack Vendor :STMicroelectronics USB_DEVICE 2.0.0
2025-12-04 16:51:55,415 [INFO] ThirdParty:1030 - CMSIS Pack Vendor :STMicroelectronics X-CUBE-NFC6 3.1.0
2025-12-04 16:51:55,415 [INFO] ThirdParty:1030 - CMSIS Pack Vendor :STMicroelectronics X-CUBE-ST67W61 1.1.0
2025-12-04 16:51:55,416 [INFO] ThirdParty:1030 - CMSIS Pack Vendor :quantropi X-CUBE-qispace-sdk-base 2.1.0
2025-12-04 16:51:55,416 [INFO] ThirdParty:1030 - CMSIS Pack Vendor :STMicroelectronics X-CUBE-MEMS1 12.0.0
2025-12-04 16:51:55,416 [INFO] ThirdParty:1030 - CMSIS Pack Vendor :STMicroelectronics FP-SNS-MOTENV1 5.1.0
2025-12-04 16:51:55,416 [INFO] ThirdParty:1030 - CMSIS Pack Vendor :STMicroelectronics FreeRTOS 0.0.1
2025-12-04 16:51:55,416 [INFO] ThirdParty:1030 - CMSIS Pack Vendor :STMicroelectronics X-CUBE-AZRTOS-G0 1.1.0
2025-12-04 16:51:55,417 [INFO] ThirdParty:1030 - CMSIS Pack Vendor :STMicroelectronics X-CUBE-NFC4 3.0.0
2025-12-04 16:51:55,417 [INFO] ThirdParty:1030 - CMSIS Pack Vendor :STMicroelectronics X-CUBE-SUBG2 5.0.0
2025-12-04 16:51:55,417 [INFO] ThirdParty:1030 - CMSIS Pack Vendor :STMicroelectronics STM32_WPAN 1.0.0
2025-12-04 16:51:55,417 [INFO] ThirdParty:1030 - CMSIS Pack Vendor :EmbeddedOffice I-CUBE-FS-RTOS 1.0.1
2025-12-04 16:51:55,417 [INFO] ThirdParty:1030 - CMSIS Pack Vendor :STMicroelectronics lwIP 2.0.3
2025-12-04 16:51:55,417 [INFO] ThirdParty:1030 - CMSIS Pack Vendor :WES I-CUBE-Cesium 1.4.0
2025-12-04 16:51:55,417 [INFO] ThirdParty:1030 - CMSIS Pack Vendor :STMicroelectronics USB_HOST 1.0.0
2025-12-04 16:51:55,417 [INFO] ThirdParty:1030 - CMSIS Pack Vendor :STMicroelectronics X-CUBE-AZRTOS-G4 2.0.0
2025-12-04 16:51:55,418 [INFO] ThirdParty:1030 - CMSIS Pack Vendor :STMicroelectronics X-CUBE-WB05N 2.0.0
2025-12-04 16:51:55,418 [INFO] ThirdParty:1030 - CMSIS Pack Vendor :STMicroelectronics PDM2PCM 3.1.0
2025-12-04 16:51:55,418 [INFO] ThirdParty:1030 - CMSIS Pack Vendor :STMicroelectronics PDM2PCM 3.3.0
2025-12-04 16:51:55,418 [INFO] ThirdParty:1030 - CMSIS Pack Vendor :wolfSSL I-CUBE-wolfTPM 3.8.0
2025-12-04 16:51:55,418 [INFO] ThirdParty:1030 - CMSIS Pack Vendor :STMicroelectronics X-CUBE-AZRTOS-H7 3.4.0
2025-12-04 16:51:55,418 [INFO] ThirdParty:1030 - CMSIS Pack Vendor :STMicroelectronics X-CUBE-DISPLAY 3.0.0
2025-12-04 16:51:55,418 [INFO] ThirdParty:1030 - CMSIS Pack Vendor :wolfSSL I-CUBE-wolfSSH 1.4.20
2025-12-04 16:51:55,418 [INFO] ThirdParty:1030 - CMSIS Pack Vendor :STMicroelectronics X-CUBE-NFC7 2.0.0
2025-12-04 16:51:55,418 [INFO] ThirdParty:1030 - CMSIS Pack Vendor :STMicroelectronics X-CUBE-TCPP 4.2.0
2025-12-04 16:51:55,418 [INFO] ThirdParty:1030 - CMSIS Pack Vendor :RealThread X-CUBE-RT-Thread_Nano 4.1.1
2025-12-04 16:51:55,418 [INFO] ThirdParty:1030 - CMSIS Pack Vendor :STMicroelectronics FP-ATR-SIGFOX1 3.2.0
2025-12-04 16:51:55,418 [INFO] ThirdParty:1030 - CMSIS Pack Vendor :STMicroelectronics X-CUBE-NFC10 1.0.0
2025-12-04 16:51:55,418 [INFO] ThirdParty:1030 - CMSIS Pack Vendor :STMicroelectronics HAL Drivers 0.0.0
2025-12-04 16:51:55,418 [INFO] ThirdParty:1030 - CMSIS Pack Vendor :STMicroelectronics MBEDTLS 2.16.2
2025-12-04 16:51:55,418 [INFO] ThirdParty:1030 - CMSIS Pack Vendor :STMicroelectronics X-CUBE-ST60 1.1.0
2025-12-04 16:51:55,419 [INFO] ThirdParty:1030 - CMSIS Pack Vendor :STMicroelectronics X-CUBE-ALS 1.0.2
2025-12-04 16:51:55,419 [INFO] ThirdParty:1030 - CMSIS Pack Vendor :emotas I-CUBE-CANOPEN 1.3.0
2025-12-04 16:51:55,419 [INFO] ThirdParty:1030 - CMSIS Pack Vendor :STMicroelectronics MBEDTLS 2.14.1
2025-12-04 16:51:55,419 [INFO] ThirdParty:1030 - CMSIS Pack Vendor :STMicroelectronics X-CUBE-GNSS1 7.1.0
2025-12-04 16:51:55,419 [INFO] ThirdParty:1030 - CMSIS Pack Vendor :ITTIA_DB I-CUBE-ITTIADB 8.9.0
2025-12-04 16:51:55,419 [INFO] ThirdParty:1030 - CMSIS Pack Vendor :STMicroelectronics X-CUBE-TOUCHGFX 4.26.0
2025-12-04 16:51:55,419 [INFO] ThirdParty:1030 - CMSIS Pack Vendor :STMicroelectronics X-CUBE-STSE01 1.0.0
2025-12-04 16:51:55,419 [INFO] ThirdParty:1030 - CMSIS Pack Vendor :STMicroelectronics FP-SNS-STBOX1 2.1.0
2025-12-04 16:51:55,419 [INFO] ThirdParty:1030 - CMSIS Pack Vendor :STMicroelectronics X-CUBE-AI 10.2.0
2025-12-04 16:51:55,419 [INFO] ThirdParty:1030 - CMSIS Pack Vendor :STMicroelectronics FP-SNS-STAIOTCFT 1.0.0
2025-12-04 16:51:55,419 [INFO] ThirdParty:1030 - CMSIS Pack Vendor :STMicroelectronics ThreadX 1.0.0
2025-12-04 16:51:55,419 [INFO] ThirdParty:1030 - CMSIS Pack Vendor :STMicroelectronics FP-SNS-SMARTAG2 1.2.0
2025-12-04 16:51:55,419 [INFO] ThirdParty:1030 - CMSIS Pack Vendor :STMicroelectronics FP-SNS-FLIGHT1 5.1.0
2025-12-04 16:51:55,419 [INFO] ThirdParty:1030 - CMSIS Pack Vendor :STMicroelectronics X-CUBE-AZRTOS-WL 2.0.0
2025-12-04 16:51:55,420 [INFO] ThirdParty:1030 - CMSIS Pack Vendor :SEGGER I-CUBE-embOS 1.3.1
2025-12-04 16:51:55,420 [INFO] ThirdParty:1030 - CMSIS Pack Vendor :STMicroelectronics X-CUBE-ALGOBUILD 1.4.0
2025-12-04 16:51:55,420 [INFO] ThirdParty:1030 - CMSIS Pack Vendor :STMicroelectronics X-CUBE-DPower 1.3.0
2025-12-04 16:51:55,420 [INFO] ThirdParty:1030 - CMSIS Pack Vendor :STMicroelectronics USB_DEVICE 1.0.0
2025-12-04 16:51:55,420 [INFO] ThirdParty:1030 - CMSIS Pack Vendor :STMicroelectronics X-CUBE-AZRTOS-H7RS 1.2.0
2025-12-04 16:51:55,420 [INFO] ThirdParty:1030 - CMSIS Pack Vendor :STMicroelectronics X-CUBE-AZRTOS-L4 2.0.0
2025-12-04 16:51:55,420 [INFO] ThirdParty:1030 - CMSIS Pack Vendor :STMicroelectronics ThreadX 0.0.2
2025-12-04 16:51:55,420 [INFO] ThirdParty:1030 - CMSIS Pack Vendor :STMicroelectronics lwIP 2.1.2
2025-12-04 16:51:55,420 [INFO] ThirdParty:1030 - CMSIS Pack Vendor :STMicroelectronics X-CUBE-SFXS2LP1 4.0.0
2025-12-04 16:51:55,420 [INFO] ThirdParty:1030 - CMSIS Pack Vendor :STMicroelectronics X-CUBE-BLE2 3.3.0
2025-12-04 16:51:55,420 [INFO] ThirdParty:1030 - CMSIS Pack Vendor :Avnet-IOTCONNECT X-CUBE-iotc-st67-sdk 1.0.0
2025-12-04 16:51:55,420 [INFO] ThirdParty:1030 - CMSIS Pack Vendor :STMicroelectronics X-CUBE-TOF1 3.4.3
2025-12-04 16:51:55,420 [INFO] ThirdParty:1030 - CMSIS Pack Vendor :Infineon AIROC-Wi-Fi-Bluetooth-STM32 1.8.0
2025-12-04 16:51:55,420 [INFO] ThirdParty:1030 - CMSIS Pack Vendor :STMicroelectronics PDM2PCM 3.2.0
2025-12-04 16:51:55,421 [INFO] ThirdParty:841 - exiting critical section [change project]
2025-12-04 16:51:55,541 [INFO] PinOutPanel:1589 - setPackage(No Configuration,No Configuration)
2025-12-04 16:51:55,542 [INFO] PinOutPanel:1589 - setPackage(STM32F103C8Tx,LQFP48)
2025-12-04 16:51:55,697 [INFO] UtilMem:75 - Before build in PCC Used Memory: 874739464 Bytes (1073741824)
2025-12-04 16:51:55,913 [INFO] UtilMem:75 - After build in PCC Used Memory: 916682504 Bytes (1073741824)
2025-12-04 16:51:55,933 [INFO] IPUIPlugin:80 - create IPUIPlugin
2025-12-04 16:51:55,933 [INFO] IPUIPlugin:80 - create IPUIPlugin
2025-12-04 16:51:55,933 [INFO] IPUIPlugin:80 - create IPUIPlugin
2025-12-04 16:51:55,933 [INFO] IPUIPlugin:80 - create IPUIPlugin
2025-12-04 16:51:55,933 [INFO] IPUIPlugin:80 - create IPUIPlugin
2025-12-04 16:51:55,933 [INFO] IPUIPlugin:80 - create IPUIPlugin
2025-12-04 16:51:55,933 [INFO] IPUIPlugin:80 - create IPUIPlugin
2025-12-04 16:51:55,933 [INFO] IPUIPlugin:80 - create IPUIPlugin
2025-12-04 16:51:55,934 [INFO] IPUIPlugin:80 - create IPUIPlugin
2025-12-04 16:51:55,934 [INFO] IPUIPlugin:80 - create IPUIPlugin
2025-12-04 16:51:55,934 [INFO] IPUIPlugin:80 - create IPUIPlugin
2025-12-04 16:51:55,934 [INFO] IPUIPlugin:80 - create IPUIPlugin
2025-12-04 16:51:55,934 [INFO] IPUIPlugin:80 - create IPUIPlugin
2025-12-04 16:51:55,934 [INFO] IPUIPlugin:80 - create IPUIPlugin
2025-12-04 16:51:55,934 [INFO] IPUIPlugin:80 - create IPUIPlugin
2025-12-04 16:51:55,934 [INFO] IPUIPlugin:80 - create IPUIPlugin
2025-12-04 16:51:55,934 [INFO] IPUIPlugin:80 - create IPUIPlugin
2025-12-04 16:51:55,935 [INFO] IPUIPlugin:80 - create IPUIPlugin
2025-12-04 16:51:55,935 [INFO] IPUIPlugin:80 - create IPUIPlugin
2025-12-04 16:51:55,935 [INFO] IPUIPlugin:80 - create IPUIPlugin
2025-12-04 16:51:55,935 [INFO] IPUIPlugin:80 - create IPUIPlugin
2025-12-04 16:51:55,935 [INFO] IPUIPlugin:80 - create IPUIPlugin
2025-12-04 16:51:55,935 [INFO] IPUIPlugin:80 - create IPUIPlugin
2025-12-04 16:51:55,936 [INFO] IPUIPlugin:80 - create IPUIPlugin
2025-12-04 16:51:55,936 [INFO] IPUIPlugin:80 - create IPUIPlugin
2025-12-04 16:51:55,936 [INFO] IPUIPlugin:80 - create IPUIPlugin
2025-12-04 16:51:55,936 [INFO] IPUIPlugin:80 - create IPUIPlugin
2025-12-04 16:51:55,939 [INFO] Can:71 - Can Add PropertyChangeListener com.st.microxplorer.plugins.ip.can.Can@3ff2dfa9
2025-12-04 16:51:55,990 [INFO] CADModel:165 - CPN selected for project levelSTM32F103C8T6
2025-12-04 16:51:55,990 [INFO] CADModel:114 - Register for checkConnection events
2025-12-04 16:51:56,058 [INFO] OpenFileManager:386 - Restore cursor
2025-12-04 16:52:00,718 [INFO] ADCParametersView:116 -                Rank 1 : false
2025-12-04 16:52:00,753 [INFO] ADCParametersView:116 -                Rank 1 : false
2025-12-04 16:52:00,753 [INFO] ADCParametersView:116 -                Rank 1 : false
2025-12-04 16:52:00,753 [INFO] ADCParametersView:116 -                Rank 1 : false
2025-12-04 16:52:00,753 [INFO] ADCParametersView:116 -                Rank 1 : false
2025-12-04 16:52:00,753 [INFO] ADCParametersView:116 -                Rank 1 : false
2025-12-04 16:52:00,753 [INFO] ADCParametersView:116 -                Rank 1 : false
2025-12-04 16:52:00,753 [INFO] ADCParametersView:116 -                Rank 1 : false
2025-12-04 16:52:00,754 [INFO] ADCParametersView:116 -                Rank 1 : false
2025-12-04 16:52:00,754 [INFO] ADCParametersView:116 -                Rank 1 : false
2025-12-04 16:52:00,754 [INFO] ADCParametersView:116 -                Rank 1 : false
2025-12-04 16:52:00,759 [INFO] ADCParametersView:116 -                Rank 1 : false
2025-12-04 16:52:03,486 [INFO] ADCParametersView:116 -                Rank 1 : false
2025-12-04 16:52:03,487 [INFO] ADCParametersView:116 -                Rank 1 : false
2025-12-04 16:52:03,487 [INFO] ADCParametersView:116 -                Rank 1 : false
2025-12-04 16:52:03,487 [INFO] ADCParametersView:116 -                Rank 1 : false
2025-12-04 16:52:03,487 [INFO] ADCParametersView:116 -                Rank 1 : false
2025-12-04 16:52:03,487 [INFO] ADCParametersView:116 -                Rank 1 : false
2025-12-04 16:52:03,487 [INFO] ADCParametersView:116 -                Rank 1 : false
2025-12-04 16:52:03,487 [INFO] ADCParametersView:116 -                Rank 1 : false
2025-12-04 16:52:03,487 [INFO] ADCParametersView:116 -                Rank 1 : false
2025-12-04 16:52:03,487 [INFO] ADCParametersView:116 -                Rank 1 : false
2025-12-04 16:52:03,493 [INFO] ADCParametersView:116 -                Rank 1 : false
2025-12-04 16:52:03,509 [INFO] ADCParametersView:116 -                Rank 1 : false
2025-12-04 16:52:03,510 [INFO] ADCParametersView:116 -                Rank 1 : false
2025-12-04 16:52:03,510 [INFO] ADCParametersView:116 -                Rank 1 : false
2025-12-04 16:52:03,510 [INFO] ADCParametersView:116 -                Rank 1 : false
2025-12-04 16:52:03,510 [INFO] ADCParametersView:116 -                Rank 1 : false
2025-12-04 16:52:03,510 [INFO] ADCParametersView:116 -                Rank 1 : false
2025-12-04 16:52:03,510 [INFO] ADCParametersView:116 -                Rank 1 : false
2025-12-04 16:52:03,510 [INFO] ADCParametersView:116 -                Rank 1 : false
2025-12-04 16:52:03,510 [INFO] ADCParametersView:116 -                Rank 1 : false
2025-12-04 16:52:03,510 [INFO] ADCParametersView:116 -                Rank 1 : false
2025-12-04 16:52:03,515 [INFO] ADCParametersView:116 -                Rank 1 : false
2025-12-04 16:52:03,583 [INFO] NvicIntPanel:101 - NVIC parent = com.st.microxplorer.plugins.ip.nvic.MultiNvicIntPanel[,0,0,0x0,invalid,layout=javax.swing.BoxLayout,alignmentX=0.0,alignmentY=0.0,border=,flags=9,maximumSize=,minimumSize=,preferredSize=]
2025-12-04 16:52:03,657 [INFO] NvicIntPanel:101 - NVIC parent = com.st.microxplorer.plugins.ip.nvic.MultiNvicIntPanel[,0,0,0x0,invalid,layout=javax.swing.BoxLayout,alignmentX=0.0,alignmentY=0.0,border=,flags=9,maximumSize=,minimumSize=,preferredSize=]
2025-12-04 16:52:03,730 [INFO] NvicIntPanel:101 - NVIC parent = com.st.microxplorer.plugins.ip.nvic.MultiNvicIntPanel[,0,0,0x0,invalid,layout=javax.swing.BoxLayout,alignmentX=0.0,alignmentY=0.0,border=,flags=9,maximumSize=,minimumSize=,preferredSize=]
2025-12-04 16:52:03,778 [INFO] ADCParametersView:116 -                Rank 1 : false
2025-12-04 16:52:03,778 [INFO] ADCParametersView:116 -                Rank 1 : false
2025-12-04 16:52:03,778 [INFO] ADCParametersView:116 -                Rank 1 : false
2025-12-04 16:52:03,778 [INFO] ADCParametersView:116 -                Rank 1 : false
2025-12-04 16:52:03,778 [INFO] ADCParametersView:116 -                Rank 1 : false
2025-12-04 16:52:03,778 [INFO] ADCParametersView:116 -                Rank 1 : false
2025-12-04 16:52:03,778 [INFO] ADCParametersView:116 -                Rank 1 : false
2025-12-04 16:52:03,778 [INFO] ADCParametersView:116 -                Rank 1 : false
2025-12-04 16:52:03,779 [INFO] ADCParametersView:116 -                Rank 1 : false
2025-12-04 16:52:03,779 [INFO] ADCParametersView:116 -                Rank 1 : false
2025-12-04 16:52:03,786 [INFO] ADCParametersView:116 -                Rank 1 : false
2025-12-04 16:52:03,804 [INFO] ADCParametersView:116 -                Rank 1 : false
2025-12-04 16:52:03,804 [INFO] ADCParametersView:116 -                Rank 1 : false
2025-12-04 16:52:03,805 [INFO] ADCParametersView:116 -                Rank 1 : false
2025-12-04 16:52:03,805 [INFO] ADCParametersView:116 -                Rank 1 : false
2025-12-04 16:52:03,805 [INFO] ADCParametersView:116 -                Rank 1 : false
2025-12-04 16:52:03,805 [INFO] ADCParametersView:116 -                Rank 1 : false
2025-12-04 16:52:03,805 [INFO] ADCParametersView:116 -                Rank 1 : false
2025-12-04 16:52:03,805 [INFO] ADCParametersView:116 -                Rank 1 : false
2025-12-04 16:52:03,805 [INFO] ADCParametersView:116 -                Rank 1 : false
2025-12-04 16:52:03,805 [INFO] ADCParametersView:116 -                Rank 1 : false
2025-12-04 16:52:03,812 [INFO] ADCParametersView:116 -                Rank 1 : false
2025-12-04 16:52:08,757 [INFO] ADCParametersView:116 -                Rank 1 : true
2025-12-04 16:52:11,020 [INFO] ADCParametersView:116 -                Rank 1 : true
2025-12-04 16:52:11,026 [INFO] ADCParametersView:116 -                Rank 1 : true
2025-12-04 16:52:11,026 [INFO] ADCParametersView:116 -                Rank 1 : true
2025-12-04 16:52:11,027 [INFO] ADCParametersView:116 -                Rank 1 : true
2025-12-04 16:52:11,027 [INFO] ADCParametersView:116 -                Rank 1 : true
2025-12-04 16:52:11,027 [INFO] ADCParametersView:116 -                Rank 1 : true
2025-12-04 16:52:11,027 [INFO] ADCParametersView:116 -                Rank 1 : true
2025-12-04 16:52:11,027 [INFO] ADCParametersView:116 -                Rank 1 : true
2025-12-04 16:52:11,027 [INFO] ADCParametersView:116 -                Rank 1 : true
2025-12-04 16:52:11,027 [INFO] ADCParametersView:116 -                Rank 1 : true
2025-12-04 16:52:11,033 [INFO] ADCParametersView:116 -                Rank 1 : true
2025-12-04 16:52:11,054 [INFO] ADCParametersView:116 -                Rank 1 : true
2025-12-04 16:52:11,055 [INFO] ADCParametersView:116 -                Rank 1 : true
2025-12-04 16:52:11,055 [INFO] ADCParametersView:116 -                Rank 1 : true
2025-12-04 16:52:11,055 [INFO] ADCParametersView:116 -                Rank 1 : true
2025-12-04 16:52:11,056 [INFO] ADCParametersView:116 -                Rank 1 : true
2025-12-04 16:52:11,056 [INFO] ADCParametersView:116 -                Rank 1 : true
2025-12-04 16:52:11,056 [INFO] ADCParametersView:116 -                Rank 1 : true
2025-12-04 16:52:11,056 [INFO] ADCParametersView:116 -                Rank 1 : true
2025-12-04 16:52:11,056 [INFO] ADCParametersView:116 -                Rank 1 : true
2025-12-04 16:52:11,056 [INFO] ADCParametersView:116 -                Rank 1 : true
2025-12-04 16:52:11,061 [INFO] ADCParametersView:116 -                Rank 1 : true
2025-12-04 16:52:11,083 [INFO] ADCParametersView:116 -                Rank 1 : true
2025-12-04 16:52:11,085 [INFO] ADCParametersView:116 -                Rank 1 : true
2025-12-04 16:52:11,085 [INFO] ADCParametersView:116 -                Rank 1 : true
2025-12-04 16:52:11,085 [INFO] ADCParametersView:116 -                Rank 1 : true
2025-12-04 16:52:11,085 [INFO] ADCParametersView:116 -                Rank 1 : true
2025-12-04 16:52:11,085 [INFO] ADCParametersView:116 -                Rank 1 : true
2025-12-04 16:52:11,085 [INFO] ADCParametersView:116 -                Rank 1 : true
2025-12-04 16:52:11,085 [INFO] ADCParametersView:116 -                Rank 1 : true
2025-12-04 16:52:11,085 [INFO] ADCParametersView:116 -                Rank 1 : true
2025-12-04 16:52:11,085 [INFO] ADCParametersView:116 -                Rank 1 : true
2025-12-04 16:52:11,107 [INFO] ADCParametersView:116 -                Rank 1 : true
2025-12-04 16:52:15,886 [INFO] UtilMem:75 - End SaveConfig() Used Memory: 639605256 Bytes (1073741824)
2025-12-04 16:52:17,338 [INFO] UtilMem:75 - End SaveConfig() Used Memory: 657862112 Bytes (1073741824)
2025-12-04 16:52:18,555 [INFO] LogOutputStream:77 - [STDOUT_REDIRECT] This download action requires prior login. To proceed, please use the 'login' command with your my.st.com account email and password.
2025-12-04 16:52:18,558 [INFO] LogOutputStream:77 - [STDOUT_REDIRECT] Run 'login <email> <password> <remember_me>' for example 'login john.smith@st.com mypassword y'.
2025-12-04 16:52:18,559 [INFO] LogOutputStream:77 - [STDOUT_REDIRECT] If you do not have a my.st.com account, please visit https://st.com website to create one.
2025-12-04 16:54:41,399 [INFO] ADCParametersView:116 -                Rank 1 : true
2025-12-04 16:54:41,400 [INFO] ADCParametersView:116 -                Rank 1 : true
2025-12-04 16:54:41,400 [INFO] ADCParametersView:116 -                Rank 1 : true
2025-12-04 16:54:41,400 [INFO] ADCParametersView:116 -                Rank 1 : true
2025-12-04 16:54:41,401 [INFO] ADCParametersView:116 -                Rank 1 : true
2025-12-04 16:54:41,401 [INFO] ADCParametersView:116 -                Rank 1 : true
2025-12-04 16:54:41,401 [INFO] ADCParametersView:116 -                Rank 1 : true
2025-12-04 16:54:41,401 [INFO] ADCParametersView:116 -                Rank 1 : true
2025-12-04 16:54:41,401 [INFO] ADCParametersView:116 -                Rank 1 : true
2025-12-04 16:54:41,401 [INFO] ADCParametersView:116 -                Rank 1 : true
2025-12-04 16:54:41,406 [INFO] ADCParametersView:116 -                Rank 1 : false
2025-12-04 16:54:41,430 [INFO] ADCParametersView:116 -                Rank 1 : false
2025-12-04 16:54:41,431 [INFO] ADCParametersView:116 -                Rank 1 : false
2025-12-04 16:54:41,431 [INFO] ADCParametersView:116 -                Rank 1 : false
2025-12-04 16:54:41,431 [INFO] ADCParametersView:116 -                Rank 1 : false
2025-12-04 16:54:41,432 [INFO] ADCParametersView:116 -                Rank 1 : false
2025-12-04 16:54:41,432 [INFO] ADCParametersView:116 -                Rank 1 : false
2025-12-04 16:54:41,432 [INFO] ADCParametersView:116 -                Rank 1 : false
2025-12-04 16:54:41,432 [INFO] ADCParametersView:116 -                Rank 1 : false
2025-12-04 16:54:41,432 [INFO] ADCParametersView:116 -                Rank 1 : false
2025-12-04 16:54:41,432 [INFO] ADCParametersView:116 -                Rank 1 : false
2025-12-04 16:54:41,439 [INFO] ADCParametersView:116 -                Rank 1 : false
2025-12-04 16:54:41,498 [INFO] NvicIntPanel:101 - NVIC parent = com.st.microxplorer.plugins.ip.nvic.MultiNvicIntPanel[,0,0,0x0,invalid,layout=javax.swing.BoxLayout,alignmentX=0.0,alignmentY=0.0,border=,flags=9,maximumSize=,minimumSize=,preferredSize=]
2025-12-04 16:54:41,580 [INFO] NvicIntPanel:101 - NVIC parent = com.st.microxplorer.plugins.ip.nvic.MultiNvicIntPanel[,0,0,0x0,invalid,layout=javax.swing.BoxLayout,alignmentX=0.0,alignmentY=0.0,border=,flags=9,maximumSize=,minimumSize=,preferredSize=]
2025-12-04 16:54:41,641 [INFO] NvicIntPanel:101 - NVIC parent = com.st.microxplorer.plugins.ip.nvic.MultiNvicIntPanel[,0,0,0x0,invalid,layout=javax.swing.BoxLayout,alignmentX=0.0,alignmentY=0.0,border=,flags=9,maximumSize=,minimumSize=,preferredSize=]
2025-12-04 16:54:41,685 [INFO] ADCParametersView:116 -                Rank 1 : false
2025-12-04 16:54:41,686 [INFO] ADCParametersView:116 -                Rank 1 : false
2025-12-04 16:54:41,686 [INFO] ADCParametersView:116 -                Rank 1 : false
2025-12-04 16:54:41,686 [INFO] ADCParametersView:116 -                Rank 1 : false
2025-12-04 16:54:41,687 [INFO] ADCParametersView:116 -                Rank 1 : false
2025-12-04 16:54:41,687 [INFO] ADCParametersView:116 -                Rank 1 : false
2025-12-04 16:54:41,687 [INFO] ADCParametersView:116 -                Rank 1 : false
2025-12-04 16:54:41,687 [INFO] ADCParametersView:116 -                Rank 1 : false
2025-12-04 16:54:41,687 [INFO] ADCParametersView:116 -                Rank 1 : false
2025-12-04 16:54:41,687 [INFO] ADCParametersView:116 -                Rank 1 : false
2025-12-04 16:54:41,692 [INFO] ADCParametersView:116 -                Rank 1 : false
2025-12-04 16:54:41,709 [INFO] ADCParametersView:116 -                Rank 1 : false
2025-12-04 16:54:41,710 [INFO] ADCParametersView:116 -                Rank 1 : false
2025-12-04 16:54:41,710 [INFO] ADCParametersView:116 -                Rank 1 : false
2025-12-04 16:54:41,710 [INFO] ADCParametersView:116 -                Rank 1 : false
2025-12-04 16:54:41,710 [INFO] ADCParametersView:116 -                Rank 1 : false
2025-12-04 16:54:41,710 [INFO] ADCParametersView:116 -                Rank 1 : false
2025-12-04 16:54:41,710 [INFO] ADCParametersView:116 -                Rank 1 : false
2025-12-04 16:54:41,711 [INFO] ADCParametersView:116 -                Rank 1 : false
2025-12-04 16:54:41,711 [INFO] ADCParametersView:116 -                Rank 1 : false
2025-12-04 16:54:41,711 [INFO] ADCParametersView:116 -                Rank 1 : false
2025-12-04 16:54:41,738 [INFO] ADCParametersView:116 -                Rank 1 : false
2025-12-04 16:54:46,150 [INFO] ADCParametersView:116 -                Rank 1 : false
2025-12-04 16:54:46,152 [INFO] ADCParametersView:116 -                Rank 1 : false
2025-12-04 16:54:46,152 [INFO] ADCParametersView:116 -                Rank 1 : false
2025-12-04 16:54:46,152 [INFO] ADCParametersView:116 -                Rank 1 : false
2025-12-04 16:54:46,152 [INFO] ADCParametersView:116 -                Rank 1 : false
2025-12-04 16:54:46,152 [INFO] ADCParametersView:116 -                Rank 1 : false
2025-12-04 16:54:46,152 [INFO] ADCParametersView:116 -                Rank 1 : false
2025-12-04 16:54:46,152 [INFO] ADCParametersView:116 -                Rank 1 : false
2025-12-04 16:54:46,152 [INFO] ADCParametersView:116 -                Rank 1 : false
2025-12-04 16:54:46,152 [INFO] ADCParametersView:116 -                Rank 1 : false
2025-12-04 16:54:46,157 [INFO] ADCParametersView:116 -                Rank 1 : false
2025-12-04 16:54:46,173 [INFO] ADCParametersView:116 -                Rank 1 : false
2025-12-04 16:54:46,174 [INFO] ADCParametersView:116 -                Rank 1 : false
2025-12-04 16:54:46,175 [INFO] ADCParametersView:116 -                Rank 1 : false
2025-12-04 16:54:46,175 [INFO] ADCParametersView:116 -                Rank 1 : false
2025-12-04 16:54:46,175 [INFO] ADCParametersView:116 -                Rank 1 : false
2025-12-04 16:54:46,175 [INFO] ADCParametersView:116 -                Rank 1 : false
2025-12-04 16:54:46,175 [INFO] ADCParametersView:116 -                Rank 1 : false
2025-12-04 16:54:46,175 [INFO] ADCParametersView:116 -                Rank 1 : false
2025-12-04 16:54:46,175 [INFO] ADCParametersView:116 -                Rank 1 : false
2025-12-04 16:54:46,175 [INFO] ADCParametersView:116 -                Rank 1 : false
2025-12-04 16:54:46,180 [INFO] ADCParametersView:116 -                Rank 1 : false
2025-12-04 16:54:46,236 [INFO] NvicIntPanel:101 - NVIC parent = com.st.microxplorer.plugins.ip.nvic.MultiNvicIntPanel[,0,0,0x0,invalid,layout=javax.swing.BoxLayout,alignmentX=0.0,alignmentY=0.0,border=,flags=9,maximumSize=,minimumSize=,preferredSize=]
2025-12-04 16:54:46,300 [INFO] NvicIntPanel:101 - NVIC parent = com.st.microxplorer.plugins.ip.nvic.MultiNvicIntPanel[,0,0,0x0,invalid,layout=javax.swing.BoxLayout,alignmentX=0.0,alignmentY=0.0,border=,flags=9,maximumSize=,minimumSize=,preferredSize=]
2025-12-04 16:54:46,364 [INFO] NvicIntPanel:101 - NVIC parent = com.st.microxplorer.plugins.ip.nvic.MultiNvicIntPanel[,0,0,0x0,invalid,layout=javax.swing.BoxLayout,alignmentX=0.0,alignmentY=0.0,border=,flags=9,maximumSize=,minimumSize=,preferredSize=]
2025-12-04 16:54:46,408 [INFO] ADCParametersView:116 -                Rank 1 : false
2025-12-04 16:54:46,409 [INFO] ADCParametersView:116 -                Rank 1 : false
2025-12-04 16:54:46,410 [INFO] ADCParametersView:116 -                Rank 1 : false
2025-12-04 16:54:46,410 [INFO] ADCParametersView:116 -                Rank 1 : false
2025-12-04 16:54:46,410 [INFO] ADCParametersView:116 -                Rank 1 : false
2025-12-04 16:54:46,410 [INFO] ADCParametersView:116 -                Rank 1 : false
2025-12-04 16:54:46,410 [INFO] ADCParametersView:116 -                Rank 1 : false
2025-12-04 16:54:46,410 [INFO] ADCParametersView:116 -                Rank 1 : false
2025-12-04 16:54:46,410 [INFO] ADCParametersView:116 -                Rank 1 : false
2025-12-04 16:54:46,410 [INFO] ADCParametersView:116 -                Rank 1 : false
2025-12-04 16:54:46,414 [INFO] ADCParametersView:116 -                Rank 1 : false
2025-12-04 16:54:46,428 [INFO] ADCParametersView:116 -                Rank 1 : false
2025-12-04 16:54:46,430 [INFO] ADCParametersView:116 -                Rank 1 : false
2025-12-04 16:54:46,430 [INFO] ADCParametersView:116 -                Rank 1 : false
2025-12-04 16:54:46,430 [INFO] ADCParametersView:116 -                Rank 1 : false
2025-12-04 16:54:46,430 [INFO] ADCParametersView:116 -                Rank 1 : false
2025-12-04 16:54:46,430 [INFO] ADCParametersView:116 -                Rank 1 : false
2025-12-04 16:54:46,430 [INFO] ADCParametersView:116 -                Rank 1 : false
2025-12-04 16:54:46,430 [INFO] ADCParametersView:116 -                Rank 1 : false
2025-12-04 16:54:46,430 [INFO] ADCParametersView:116 -                Rank 1 : false
2025-12-04 16:54:46,430 [INFO] ADCParametersView:116 -                Rank 1 : false
2025-12-04 16:54:46,434 [INFO] ADCParametersView:116 -                Rank 1 : false
2025-12-04 16:55:38,106 [INFO] ADCParametersView:116 -                Rank 1 : false
2025-12-04 16:55:40,377 [INFO] ADCParametersView:116 -                Rank 1 : false
2025-12-04 16:55:42,445 [INFO] ADCParametersView:116 -                Rank 1 : true
2025-12-04 16:55:48,687 [INFO] ADCParametersView:116 -                Rank 1 : true
2025-12-04 16:55:48,693 [INFO] ADCParametersView:116 -                Rank 1 : true
2025-12-04 16:55:48,693 [INFO] ADCParametersView:116 -                Rank 1 : true
2025-12-04 16:55:48,693 [INFO] ADCParametersView:116 -                Rank 1 : true
2025-12-04 16:55:48,694 [INFO] ADCParametersView:116 -                Rank 1 : true
2025-12-04 16:55:48,694 [INFO] ADCParametersView:116 -                Rank 1 : true
2025-12-04 16:55:48,694 [INFO] ADCParametersView:116 -                Rank 1 : true
2025-12-04 16:55:48,694 [INFO] ADCParametersView:116 -                Rank 1 : true
2025-12-04 16:55:48,694 [INFO] ADCParametersView:116 -                Rank 1 : true
2025-12-04 16:55:48,694 [INFO] ADCParametersView:116 -                Rank 1 : true
2025-12-04 16:55:48,698 [INFO] ADCParametersView:116 -                Rank 1 : true
2025-12-04 16:55:48,713 [INFO] ADCParametersView:116 -                Rank 1 : true
2025-12-04 16:55:48,714 [INFO] ADCParametersView:116 -                Rank 1 : true
2025-12-04 16:55:48,715 [INFO] ADCParametersView:116 -                Rank 1 : true
2025-12-04 16:55:48,715 [INFO] ADCParametersView:116 -                Rank 1 : true
2025-12-04 16:55:48,715 [INFO] ADCParametersView:116 -                Rank 1 : true
2025-12-04 16:55:48,715 [INFO] ADCParametersView:116 -                Rank 1 : true
2025-12-04 16:55:48,715 [INFO] ADCParametersView:116 -                Rank 1 : true
2025-12-04 16:55:48,715 [INFO] ADCParametersView:116 -                Rank 1 : true
2025-12-04 16:55:48,715 [INFO] ADCParametersView:116 -                Rank 1 : true
2025-12-04 16:55:48,715 [INFO] ADCParametersView:116 -                Rank 1 : true
2025-12-04 16:55:48,720 [INFO] ADCParametersView:116 -                Rank 1 : true
2025-12-04 16:55:48,748 [INFO] ADCParametersView:116 -                Rank 1 : true
2025-12-04 16:55:48,749 [INFO] ADCParametersView:116 -                Rank 1 : true
2025-12-04 16:55:48,750 [INFO] ADCParametersView:116 -                Rank 1 : true
2025-12-04 16:55:48,750 [INFO] ADCParametersView:116 -                Rank 1 : true
2025-12-04 16:55:48,750 [INFO] ADCParametersView:116 -                Rank 1 : true
2025-12-04 16:55:48,750 [INFO] ADCParametersView:116 -                Rank 1 : true
2025-12-04 16:55:48,750 [INFO] ADCParametersView:116 -                Rank 1 : true
2025-12-04 16:55:48,750 [INFO] ADCParametersView:116 -                Rank 1 : true
2025-12-04 16:55:48,750 [INFO] ADCParametersView:116 -                Rank 1 : true
2025-12-04 16:55:48,750 [INFO] ADCParametersView:116 -                Rank 1 : true
2025-12-04 16:55:48,754 [INFO] ADCParametersView:116 -                Rank 1 : true
2025-12-04 16:55:52,662 [INFO] UtilMem:75 - End SaveConfig() Used Memory: 675312760 Bytes (1073741824)
2025-12-04 16:56:23,326 [INFO] UtilMem:75 - End SaveConfig() Used Memory: 693501552 Bytes (1073741824)
2025-12-04 16:56:27,480 [INFO] LogOutputStream:77 - [STDOUT_REDIRECT] This download action requires prior login. To proceed, please use the 'login' command with your my.st.com account email and password.
2025-12-04 16:56:27,482 [INFO] LogOutputStream:77 - [STDOUT_REDIRECT] Run 'login <email> <password> <remember_me>' for example 'login john.smith@st.com mypassword y'.
2025-12-04 16:56:27,484 [INFO] LogOutputStream:77 - [STDOUT_REDIRECT] If you do not have a my.st.com account, please visit https://st.com website to create one.
2025-12-04 16:57:00,587 [INFO] ADCParametersView:116 -                Rank 1 : true
2025-12-04 16:57:00,589 [INFO] ADCParametersView:116 -                Rank 1 : true
2025-12-04 16:57:00,589 [INFO] ADCParametersView:116 -                Rank 1 : true
2025-12-04 16:57:00,589 [INFO] ADCParametersView:116 -                Rank 1 : true
2025-12-04 16:57:00,589 [INFO] ADCParametersView:116 -                Rank 1 : true
2025-12-04 16:57:00,589 [INFO] ADCParametersView:116 -                Rank 1 : true
2025-12-04 16:57:00,589 [INFO] ADCParametersView:116 -                Rank 1 : true
2025-12-04 16:57:00,589 [INFO] ADCParametersView:116 -                Rank 1 : true
2025-12-04 16:57:00,589 [INFO] ADCParametersView:116 -                Rank 1 : true
2025-12-04 16:57:00,589 [INFO] ADCParametersView:116 -                Rank 1 : true
2025-12-04 16:57:00,596 [INFO] ADCParametersView:116 -                Rank 1 : false
2025-12-04 16:57:00,612 [INFO] ADCParametersView:116 -                Rank 1 : false
2025-12-04 16:57:00,613 [INFO] ADCParametersView:116 -                Rank 1 : false
2025-12-04 16:57:00,613 [INFO] ADCParametersView:116 -                Rank 1 : false
2025-12-04 16:57:00,613 [INFO] ADCParametersView:116 -                Rank 1 : false
2025-12-04 16:57:00,613 [INFO] ADCParametersView:116 -                Rank 1 : false
2025-12-04 16:57:00,613 [INFO] ADCParametersView:116 -                Rank 1 : false
2025-12-04 16:57:00,613 [INFO] ADCParametersView:116 -                Rank 1 : false
2025-12-04 16:57:00,613 [INFO] ADCParametersView:116 -                Rank 1 : false
2025-12-04 16:57:00,613 [INFO] ADCParametersView:116 -                Rank 1 : false
2025-12-04 16:57:00,613 [INFO] ADCParametersView:116 -                Rank 1 : false
2025-12-04 16:57:00,617 [INFO] ADCParametersView:116 -                Rank 1 : false
2025-12-04 16:57:00,676 [INFO] NvicIntPanel:101 - NVIC parent = com.st.microxplorer.plugins.ip.nvic.MultiNvicIntPanel[,0,0,0x0,invalid,layout=javax.swing.BoxLayout,alignmentX=0.0,alignmentY=0.0,border=,flags=9,maximumSize=,minimumSize=,preferredSize=]
2025-12-04 16:57:00,742 [INFO] NvicIntPanel:101 - NVIC parent = com.st.microxplorer.plugins.ip.nvic.MultiNvicIntPanel[,0,0,0x0,invalid,layout=javax.swing.BoxLayout,alignmentX=0.0,alignmentY=0.0,border=,flags=9,maximumSize=,minimumSize=,preferredSize=]
2025-12-04 16:57:00,817 [INFO] NvicIntPanel:101 - NVIC parent = com.st.microxplorer.plugins.ip.nvic.MultiNvicIntPanel[,0,0,0x0,invalid,layout=javax.swing.BoxLayout,alignmentX=0.0,alignmentY=0.0,border=,flags=9,maximumSize=,minimumSize=,preferredSize=]
2025-12-04 16:57:00,854 [INFO] ADCParametersView:116 -                Rank 1 : false
2025-12-04 16:57:00,855 [INFO] ADCParametersView:116 -                Rank 1 : false
2025-12-04 16:57:00,855 [INFO] ADCParametersView:116 -                Rank 1 : false
2025-12-04 16:57:00,855 [INFO] ADCParametersView:116 -                Rank 1 : false
2025-12-04 16:57:00,855 [INFO] ADCParametersView:116 -                Rank 1 : false
2025-12-04 16:57:00,855 [INFO] ADCParametersView:116 -                Rank 1 : false
2025-12-04 16:57:00,855 [INFO] ADCParametersView:116 -                Rank 1 : false
2025-12-04 16:57:00,855 [INFO] ADCParametersView:116 -                Rank 1 : false
2025-12-04 16:57:00,855 [INFO] ADCParametersView:116 -                Rank 1 : false
2025-12-04 16:57:00,855 [INFO] ADCParametersView:116 -                Rank 1 : false
2025-12-04 16:57:00,859 [INFO] ADCParametersView:116 -                Rank 1 : false
2025-12-04 16:57:00,872 [INFO] ADCParametersView:116 -                Rank 1 : false
2025-12-04 16:57:00,873 [INFO] ADCParametersView:116 -                Rank 1 : false
2025-12-04 16:57:00,873 [INFO] ADCParametersView:116 -                Rank 1 : false
2025-12-04 16:57:00,873 [INFO] ADCParametersView:116 -                Rank 1 : false
2025-12-04 16:57:00,875 [INFO] ADCParametersView:116 -                Rank 1 : false
2025-12-04 16:57:00,875 [INFO] ADCParametersView:116 -                Rank 1 : false
2025-12-04 16:57:00,875 [INFO] ADCParametersView:116 -                Rank 1 : false
2025-12-04 16:57:00,875 [INFO] ADCParametersView:116 -                Rank 1 : false
2025-12-04 16:57:00,875 [INFO] ADCParametersView:116 -                Rank 1 : false
2025-12-04 16:57:00,875 [INFO] ADCParametersView:116 -                Rank 1 : false
2025-12-04 16:57:00,879 [INFO] ADCParametersView:116 -                Rank 1 : false
2025-12-04 16:57:03,662 [INFO] ADCParametersView:116 -                Rank 1 : false
2025-12-04 16:57:05,464 [INFO] ADCParametersView:116 -                Rank 1 : false
2025-12-04 16:57:06,956 [INFO] ADCParametersView:116 -                Rank 1 : true
2025-12-04 16:57:09,625 [INFO] ADCParametersView:116 -                Rank 1 : true
2025-12-04 16:57:09,630 [INFO] ADCParametersView:116 -                Rank 1 : true
2025-12-04 16:57:09,630 [INFO] ADCParametersView:116 -                Rank 1 : true
2025-12-04 16:57:09,630 [INFO] ADCParametersView:116 -                Rank 1 : true
2025-12-04 16:57:09,630 [INFO] ADCParametersView:116 -                Rank 1 : true
2025-12-04 16:57:09,630 [INFO] ADCParametersView:116 -                Rank 1 : true
2025-12-04 16:57:09,630 [INFO] ADCParametersView:116 -                Rank 1 : true
2025-12-04 16:57:09,630 [INFO] ADCParametersView:116 -                Rank 1 : true
2025-12-04 16:57:09,630 [INFO] ADCParametersView:116 -                Rank 1 : true
2025-12-04 16:57:09,630 [INFO] ADCParametersView:116 -                Rank 1 : true
2025-12-04 16:57:09,634 [INFO] ADCParametersView:116 -                Rank 1 : true
2025-12-04 16:57:09,649 [INFO] ADCParametersView:116 -                Rank 1 : true
2025-12-04 16:57:09,650 [INFO] ADCParametersView:116 -                Rank 1 : true
2025-12-04 16:57:09,650 [INFO] ADCParametersView:116 -                Rank 1 : true
2025-12-04 16:57:09,650 [INFO] ADCParametersView:116 -                Rank 1 : true
2025-12-04 16:57:09,651 [INFO] ADCParametersView:116 -                Rank 1 : true
2025-12-04 16:57:09,651 [INFO] ADCParametersView:116 -                Rank 1 : true
2025-12-04 16:57:09,651 [INFO] ADCParametersView:116 -                Rank 1 : true
2025-12-04 16:57:09,651 [INFO] ADCParametersView:116 -                Rank 1 : true
2025-12-04 16:57:09,651 [INFO] ADCParametersView:116 -                Rank 1 : true
2025-12-04 16:57:09,651 [INFO] ADCParametersView:116 -                Rank 1 : true
2025-12-04 16:57:09,656 [INFO] ADCParametersView:116 -                Rank 1 : true
2025-12-04 16:57:09,680 [INFO] ADCParametersView:116 -                Rank 1 : true
2025-12-04 16:57:09,681 [INFO] ADCParametersView:116 -                Rank 1 : true
2025-12-04 16:57:09,681 [INFO] ADCParametersView:116 -                Rank 1 : true
2025-12-04 16:57:09,681 [INFO] ADCParametersView:116 -                Rank 1 : true
2025-12-04 16:57:09,681 [INFO] ADCParametersView:116 -                Rank 1 : true
2025-12-04 16:57:09,681 [INFO] ADCParametersView:116 -                Rank 1 : true
2025-12-04 16:57:09,681 [INFO] ADCParametersView:116 -                Rank 1 : true
2025-12-04 16:57:09,681 [INFO] ADCParametersView:116 -                Rank 1 : true
2025-12-04 16:57:09,681 [INFO] ADCParametersView:116 -                Rank 1 : true
2025-12-04 16:57:09,681 [INFO] ADCParametersView:116 -                Rank 1 : true
2025-12-04 16:57:09,685 [INFO] ADCParametersView:116 -                Rank 1 : true
2025-12-04 16:57:10,731 [INFO] UtilMem:75 - End SaveConfig() Used Memory: 818888784 Bytes (1073741824)
2025-12-04 16:57:12,048 [INFO] UtilMem:75 - End SaveConfig() Used Memory: 836142848 Bytes (1073741824)
2025-12-04 16:57:13,547 [INFO] LogOutputStream:77 - [STDOUT_REDIRECT] This download action requires prior login. To proceed, please use the 'login' command with your my.st.com account email and password.
2025-12-04 16:57:13,549 [INFO] LogOutputStream:77 - [STDOUT_REDIRECT] Run 'login <email> <password> <remember_me>' for example 'login john.smith@st.com mypassword y'.
2025-12-04 16:57:13,550 [INFO] LogOutputStream:77 - [STDOUT_REDIRECT] If you do not have a my.st.com account, please visit https://st.com website to create one.
2025-12-04 17:39:04,423 [INFO] LogOutputStream:77 - [STDOUT_REDIRECT] This download action requires prior login. To proceed, please use the 'login' command with your my.st.com account email and password.
2025-12-04 17:39:04,425 [INFO] LogOutputStream:77 - [STDOUT_REDIRECT] Run 'login <email> <password> <remember_me>' for example 'login john.smith@st.com mypassword y'.
2025-12-04 17:39:04,426 [INFO] LogOutputStream:77 - [STDOUT_REDIRECT] If you do not have a my.st.com account, please visit https://st.com website to create one.
2025-12-04 17:39:06,165 [INFO] LogOutputStream:77 - [STDOUT_REDIRECT] This download action requires prior login. To proceed, please use the 'login' command with your my.st.com account email and password.
2025-12-04 17:39:06,167 [INFO] LogOutputStream:77 - [STDOUT_REDIRECT] Run 'login <email> <password> <remember_me>' for example 'login john.smith@st.com mypassword y'.
2025-12-04 17:39:06,169 [INFO] LogOutputStream:77 - [STDOUT_REDIRECT] If you do not have a my.st.com account, please visit https://st.com website to create one.
2025-12-04 17:39:23,482 [INFO] LogOutputStream:77 - [STDOUT_REDIRECT] This download action requires prior login. To proceed, please use the 'login' command with your my.st.com account email and password.
2025-12-04 17:39:23,484 [INFO] LogOutputStream:77 - [STDOUT_REDIRECT] Run 'login <email> <password> <remember_me>' for example 'login john.smith@st.com mypassword y'.
2025-12-04 17:39:23,485 [INFO] LogOutputStream:77 - [STDOUT_REDIRECT] If you do not have a my.st.com account, please visit https://st.com website to create one.
2025-12-04 17:43:03,792 [ERROR] LogOutputStream:75 - [STDERR_REDIRECT] 
2025-12-04 17:43:21,272 [INFO] Activator:176 - 


2025-12-04 17:43:21,274 [INFO] Activator:177 - !SESSION log4j initialized
2025-12-04 17:43:27,631 [INFO] LogOutputStream:77 - [STDOUT_REDIRECT] 
2025-12-04 17:43:28,666 [INFO] ApplicationProperties:184 - Using Application install path: C:\ST\STM32CubeIDE_1.19.0\STM32CubeIDE\plugins\com.st.stm32cube.common.mx_6.15.0.202507011659
2025-12-04 17:43:28,682 [INFO] DbMcusXml:78 - Set database path to: C:\ST\STM32CubeIDE_1.19.0\STM32CubeIDE\plugins\com.st.stm32cube.common.mx_6.15.0.202507011659\\db\/mcu/
2025-12-04 17:43:28,682 [INFO] ApiDb:274 - Set plugin database path to: C:\ST\STM32CubeIDE_1.19.0\STM32CubeIDE\plugins\com.st.stm32cube.common.mx_6.15.0.202507011659\\db\/plugins/boardmanager/
2025-12-04 17:43:28,682 [WARN] ApiDb:259 - Overriding images path with different value:  => C:\ST\STM32CubeIDE_1.19.0\STM32CubeIDE\plugins\com.st.stm32cube.common.mx_6.15.0.202507011659\\db\/plugins/mcufinder/images/
2025-12-04 17:43:28,682 [INFO] ApiDb:250 - Set database path to: C:\Users\Ovi\.stmcufinder\plugins\mcufinder//mcu/
2025-12-04 17:43:28,682 [INFO] DbMcusAds:125 - Set database path to: C:\Users\Ovi\.stmcufinder\plugins\mcufinder//mcu/
2025-12-04 17:43:28,697 [INFO] CrossReferenceDbSqlite:203 - Set database path to: C:\Users\Ovi\.stmcufinder\plugins\mcufinder//mcu/cs/
2025-12-04 17:43:28,798 [INFO] RulesReader:64 - Compatibility file has been processed (317 Rules)
2025-12-04 17:43:28,898 [INFO] DbMcusXml:78 - Set database path to: C:\ST\STM32CubeIDE_1.19.0\STM32CubeIDE\plugins\com.st.stm32cube.common.mx_6.15.0.202507011659\\db\/mcu/
2025-12-04 17:43:28,898 [INFO] ApiDb:274 - Set plugin database path to: C:\ST\STM32CubeIDE_1.19.0\STM32CubeIDE\plugins\com.st.stm32cube.common.mx_6.15.0.202507011659\\db\/plugins/boardmanager/
2025-12-04 17:43:28,898 [INFO] ApiDb:261 - Set plugin images path to: C:\ST\STM32CubeIDE_1.19.0\STM32CubeIDE\plugins\com.st.stm32cube.common.mx_6.15.0.202507011659\\db\/plugins/mcufinder/images/
2025-12-04 17:43:28,898 [WARN] DbFile:41 - Overriding database path with different value: C:\Users\Ovi\.stmcufinder\plugins\mcufinder/ => C:\Users\Ovi\.stmcufinder\plugins\mcufinder
2025-12-04 17:43:28,898 [INFO] ApiDb:250 - Set database path to: C:\Users\Ovi\.stmcufinder\plugins\mcufinder//mcu/
2025-12-04 17:43:28,898 [WARN] DbFile:41 - Overriding database path with different value: C:\Users\Ovi\.stmcufinder\plugins\mcufinder/ => C:\Users\Ovi\.stmcufinder\plugins\mcufinder
2025-12-04 17:43:28,898 [INFO] DbMcusAds:125 - Set database path to: C:\Users\Ovi\.stmcufinder\plugins\mcufinder//mcu/
2025-12-04 17:43:28,898 [WARN] DbFile:41 - Overriding database path with different value: C:\Users\Ovi\.stmcufinder\plugins\mcufinder/ => C:\Users\Ovi\.stmcufinder\plugins\mcufinder
2025-12-04 17:43:28,898 [WARN] DbFile:41 - Overriding database path with different value: C:\Users\Ovi\.stmcufinder\plugins\mcufinder/ => C:\Users\Ovi\.stmcufinder\plugins\mcufinder
2025-12-04 17:43:28,898 [INFO] CrossReferenceDbSqlite:203 - Set database path to: C:\Users\Ovi\.stmcufinder\plugins\mcufinder//mcu/cs/
2025-12-04 17:43:28,983 [INFO] MainPanel:274 - HeapMemory: 268435456
2025-12-04 17:43:29,060 [INFO] DbMcusXml:78 - Set database path to: C:\ST\STM32CubeIDE_1.19.0\STM32CubeIDE\plugins\com.st.stm32cube.common.mx_6.15.0.202507011659\\db\/mcu/
2025-12-04 17:43:29,060 [INFO] ApiDb:274 - Set plugin database path to: C:\ST\STM32CubeIDE_1.19.0\STM32CubeIDE\plugins\com.st.stm32cube.common.mx_6.15.0.202507011659\\db\/plugins/boardmanager/
2025-12-04 17:43:29,060 [INFO] ApiDb:261 - Set plugin images path to: C:\ST\STM32CubeIDE_1.19.0\STM32CubeIDE\plugins\com.st.stm32cube.common.mx_6.15.0.202507011659\\db\/plugins/mcufinder/images/
2025-12-04 17:43:29,060 [WARN] DbFile:41 - Overriding database path with different value: C:\Users\Ovi\.stmcufinder\plugins\mcufinder/ => C:\Users\Ovi\.stmcufinder\plugins\mcufinder
2025-12-04 17:43:29,060 [INFO] ApiDb:250 - Set database path to: C:\Users\Ovi\.stmcufinder\plugins\mcufinder//mcu/
2025-12-04 17:43:29,060 [WARN] DbFile:41 - Overriding database path with different value: C:\Users\Ovi\.stmcufinder\plugins\mcufinder/ => C:\Users\Ovi\.stmcufinder\plugins\mcufinder
2025-12-04 17:43:29,060 [INFO] DbMcusAds:125 - Set database path to: C:\Users\Ovi\.stmcufinder\plugins\mcufinder//mcu/
2025-12-04 17:43:29,060 [WARN] DbFile:41 - Overriding database path with different value: C:\Users\Ovi\.stmcufinder\plugins\mcufinder/ => C:\Users\Ovi\.stmcufinder\plugins\mcufinder
2025-12-04 17:43:29,060 [WARN] DbFile:41 - Overriding database path with different value: C:\Users\Ovi\.stmcufinder\plugins\mcufinder/ => C:\Users\Ovi\.stmcufinder\plugins\mcufinder
2025-12-04 17:43:29,060 [INFO] CrossReferenceDbSqlite:203 - Set database path to: C:\Users\Ovi\.stmcufinder\plugins\mcufinder//mcu/cs/
2025-12-04 17:43:29,091 [INFO] ApplicationProperties:184 - Using Application install path: C:\ST\STM32CubeIDE_1.19.0\STM32CubeIDE\plugins\com.st.stm32cube.common.mx_6.15.0.202507011659
2025-12-04 17:43:29,091 [INFO] PluginManage:196 - Search for loadable plugins [exclusion list=, ]
2025-12-04 17:43:29,091 [INFO] PluginManage:310 - Check plugin analytics
2025-12-04 17:43:29,268 [INFO] AnalyticsPlugin:253 - Accepted Software Licenses: STM32CubeMX.6.16.0
2025-12-04 17:43:29,268 [INFO] AnalyticsPlugin:255 - Accepted CMSIS Pack Licenses: 
2025-12-04 17:43:29,268 [INFO] AnalyticsPlugin:257 - Accepted Firmware Licenses: 
2025-12-04 17:43:29,268 [INFO] PluginManage:359 - Loaded plugin analytics (category:tool,tabindex:-1)
2025-12-04 17:43:29,268 [INFO] PluginManage:310 - Check plugin cadmodel
2025-12-04 17:43:29,283 [INFO] CADModel:105 - Init CAD model plugin
2025-12-04 17:43:29,283 [INFO] PluginManage:359 - Loaded plugin cadmodel (category:power,tabindex:5)
2025-12-04 17:43:29,283 [INFO] PluginManage:310 - Check plugin clock
2025-12-04 17:43:29,283 [INFO] PluginManage:359 - Loaded plugin clock (category:base,tabindex:2)
2025-12-04 17:43:29,283 [INFO] PluginManage:310 - Check plugin ddr
2025-12-04 17:43:29,283 [INFO] PluginManage:359 - Loaded plugin ddr (category:tool,tabindex:6)
2025-12-04 17:43:29,283 [INFO] PluginManage:310 - Check plugin filemanager
2025-12-04 17:43:29,453 [INFO] PluginManage:359 - Loaded plugin filemanager (category:base,tabindex:10)
2025-12-04 17:43:29,453 [INFO] PluginManage:310 - Check plugin ipmanager
2025-12-04 17:43:29,461 [INFO] PluginManage:359 - Loaded plugin ipmanager (category:base,tabindex:5)
2025-12-04 17:43:29,461 [INFO] PluginManage:310 - Check plugin lpbam
2025-12-04 17:43:29,461 [INFO] PluginManage:359 - Loaded plugin lpbam (category:base,tabindex:0)
2025-12-04 17:43:29,461 [INFO] PluginManage:310 - Check plugin memorymap
2025-12-04 17:43:29,477 [INFO] PluginManage:359 - Loaded plugin memorymap (category:base,tabindex:4)
2025-12-04 17:43:29,477 [INFO] PluginManage:310 - Check plugin pinoutandconfiguration
2025-12-04 17:43:29,493 [INFO] PluginManage:359 - Loaded plugin pinoutandconfiguration (category:base,tabindex:1)
2025-12-04 17:43:29,493 [INFO] PluginManage:310 - Check plugin pinoutconfig
2025-12-04 17:43:29,600 [WARN] SupportedApi:132 - Cannot load RTOS API schema: s4s-elt-must-match.1: The content of 'definitions' must match (annotation?, (simpleType | complexType)?, (unique | key | keyref)*)). A problem was found starting at: attribute.
2025-12-04 17:43:29,785 [INFO] PluginManage:359 - Loaded plugin pinoutconfig (category:base,tabindex:0)
2025-12-04 17:43:29,785 [INFO] PluginManage:310 - Check plugin power
2025-12-04 17:43:29,785 [INFO] PluginManage:359 - Loaded plugin power (category:power,tabindex:4)
2025-12-04 17:43:29,785 [INFO] PluginManage:310 - Check plugin projectmanager
2025-12-04 17:43:29,816 [INFO] PluginManage:359 - Loaded plugin projectmanager (category:projectmanager,tabindex:4)
2025-12-04 17:43:29,816 [INFO] PluginManage:310 - Check plugin rif
2025-12-04 17:43:29,816 [INFO] PluginManage:359 - Loaded plugin rif (category:base,tabindex:3)
2025-12-04 17:43:29,816 [INFO] PluginManage:310 - Check plugin thirdparty
2025-12-04 17:43:29,970 [INFO] PluginManage:359 - Loaded plugin thirdparty (category:base,tabindex:-1)
2025-12-04 17:43:29,970 [WARN] IntegrityCheckThread:84 - waiting for thirdparty lock release [integrity check]
2025-12-04 17:43:29,970 [INFO] PluginManage:310 - Check plugin tools
2025-12-04 17:43:29,970 [INFO] IntegrityCheckThread:86 - entering critical section [integrity check]
2025-12-04 17:43:29,970 [INFO] ThirdPartyUpdaterWithRetryManager:70 - Updater plugin not ready yet. [1/15]
2025-12-04 17:43:29,970 [INFO] PluginManage:359 - Loaded plugin tools (category:base,tabindex:7)
2025-12-04 17:43:29,970 [INFO] PluginManage:310 - Check plugin tutovideos
2025-12-04 17:43:30,202 [INFO] PluginManage:359 - Loaded plugin tutovideos (category:base,tabindex:-1)
2025-12-04 17:43:30,202 [INFO] PluginManage:310 - Check plugin updater
2025-12-04 17:43:30,233 [INFO] PluginManage:359 - Loaded plugin updater (category:base,tabindex:12)
2025-12-04 17:43:30,233 [INFO] PluginManage:310 - Check plugin userauth
2025-12-04 17:43:30,233 [INFO] UserAuth:118 - Init User Auth plugin
2025-12-04 17:43:30,233 [INFO] PluginManage:359 - Loaded plugin userauth (category:base,tabindex:14)
2025-12-04 17:43:30,239 [INFO] PluginManage:283 - PluginManage : Loaded plugins [18]
2025-12-04 17:43:30,487 [INFO] PinOutPanel:1589 - setPackage(No Configuration,No Configuration)
2025-12-04 17:43:30,572 [INFO] CADModel:165 - CPN selected for project level
2025-12-04 17:43:30,572 [INFO] CADModel:114 - Register for checkConnection events
2025-12-04 17:43:30,587 [INFO] IPUIPlugin:80 - create IPUIPlugin
2025-12-04 17:43:30,587 [INFO] PluginManager:220 - loadIPPluginJar : add adc
2025-12-04 17:43:30,603 [INFO] IPUIPlugin:80 - create IPUIPlugin
2025-12-04 17:43:30,603 [INFO] PluginManager:220 - loadIPPluginJar : add aes
2025-12-04 17:43:30,603 [INFO] IPUIPlugin:80 - create IPUIPlugin
2025-12-04 17:43:30,603 [INFO] PluginManager:220 - loadIPPluginJar : add can
2025-12-04 17:43:30,603 [INFO] IPUIPlugin:80 - create IPUIPlugin
2025-12-04 17:43:30,603 [INFO] PluginManager:220 - loadIPPluginJar : add comp
2025-12-04 17:43:30,603 [INFO] IPUIPlugin:80 - create IPUIPlugin
2025-12-04 17:43:30,603 [INFO] PluginManager:220 - loadIPPluginJar : add cryp
2025-12-04 17:43:30,603 [INFO] IPUIPlugin:80 - create IPUIPlugin
2025-12-04 17:43:30,603 [INFO] PluginManager:220 - loadIPPluginJar : add ddr_ctrl_phy
2025-12-04 17:43:30,603 [INFO] IPUIPlugin:80 - create IPUIPlugin
2025-12-04 17:43:30,603 [INFO] PluginManager:220 - loadIPPluginJar : add dfsdm
2025-12-04 17:43:30,618 [INFO] IPUIPlugin:80 - create IPUIPlugin
2025-12-04 17:43:30,618 [INFO] PluginManager:220 - loadIPPluginJar : add dma
2025-12-04 17:43:30,618 [INFO] IPUIPlugin:80 - create IPUIPlugin
2025-12-04 17:43:30,618 [INFO] PluginManager:220 - loadIPPluginJar : add dma3
2025-12-04 17:43:30,618 [INFO] IPUIPlugin:80 - create IPUIPlugin
2025-12-04 17:43:30,618 [INFO] PluginManager:220 - loadIPPluginJar : add extmemmanager
2025-12-04 17:43:30,618 [INFO] IPUIPlugin:80 - create IPUIPlugin
2025-12-04 17:43:30,618 [INFO] PluginManager:220 - loadIPPluginJar : add fatfs
2025-12-04 17:43:30,634 [INFO] IPUIPlugin:80 - create IPUIPlugin
2025-12-04 17:43:30,634 [INFO] PluginManager:220 - loadIPPluginJar : add fmc
2025-12-04 17:43:30,641 [INFO] IPUIPlugin:80 - create IPUIPlugin
2025-12-04 17:43:30,641 [INFO] PluginManager:220 - loadIPPluginJar : add freertos
2025-12-04 17:43:30,641 [INFO] IPUIPlugin:80 - create IPUIPlugin
2025-12-04 17:43:30,641 [INFO] PluginManager:220 - loadIPPluginJar : add genericplugin
2025-12-04 17:43:30,641 [INFO] IPUIPlugin:80 - create IPUIPlugin
2025-12-04 17:43:30,641 [INFO] PluginManager:220 - loadIPPluginJar : add gfxmmu
2025-12-04 17:43:30,656 [INFO] IPUIPlugin:80 - create IPUIPlugin
2025-12-04 17:43:30,656 [INFO] PluginManager:220 - loadIPPluginJar : add gic
2025-12-04 17:43:30,656 [INFO] IPUIPlugin:80 - create IPUIPlugin
2025-12-04 17:43:30,656 [INFO] PluginManager:220 - loadIPPluginJar : add gpio
2025-12-04 17:43:30,672 [INFO] IPUIPlugin:80 - create IPUIPlugin
2025-12-04 17:43:30,672 [INFO] PluginManager:220 - loadIPPluginJar : add gtzc
2025-12-04 17:43:30,672 [INFO] IPUIPlugin:80 - create IPUIPlugin
2025-12-04 17:43:30,672 [INFO] PluginManager:220 - loadIPPluginJar : add hash
2025-12-04 17:43:30,672 [INFO] IPUIPlugin:80 - create IPUIPlugin
2025-12-04 17:43:30,672 [INFO] PluginManager:220 - loadIPPluginJar : add i2c
2025-12-04 17:43:30,687 [INFO] IPUIPlugin:80 - create IPUIPlugin
2025-12-04 17:43:30,687 [INFO] PluginManager:220 - loadIPPluginJar : add i2s
2025-12-04 17:43:30,687 [INFO] IPUIPlugin:80 - create IPUIPlugin
2025-12-04 17:43:30,687 [INFO] PluginManager:220 - loadIPPluginJar : add i3c
2025-12-04 17:43:30,687 [INFO] IPUIPlugin:80 - create IPUIPlugin
2025-12-04 17:43:30,687 [INFO] PluginManager:220 - loadIPPluginJar : add ipddr
2025-12-04 17:43:30,703 [INFO] IPUIPlugin:80 - create IPUIPlugin
2025-12-04 17:43:30,703 [INFO] PluginManager:220 - loadIPPluginJar : add linkedlist
2025-12-04 17:43:30,703 [INFO] IPUIPlugin:80 - create IPUIPlugin
2025-12-04 17:43:30,703 [INFO] PluginManager:220 - loadIPPluginJar : add lorawan
2025-12-04 17:43:30,703 [INFO] IPUIPlugin:80 - create IPUIPlugin
2025-12-04 17:43:30,703 [INFO] PluginManager:220 - loadIPPluginJar : add ltdc
2025-12-04 17:43:30,719 [INFO] IPUIPlugin:80 - create IPUIPlugin
2025-12-04 17:43:30,719 [INFO] PluginManager:220 - loadIPPluginJar : add mdma
2025-12-04 17:43:30,719 [INFO] IPUIPlugin:80 - create IPUIPlugin
2025-12-04 17:43:30,719 [INFO] PluginManager:220 - loadIPPluginJar : add nvic
2025-12-04 17:43:30,719 [INFO] IPUIPlugin:80 - create IPUIPlugin
2025-12-04 17:43:30,719 [INFO] PluginManager:220 - loadIPPluginJar : add opamp
2025-12-04 17:43:30,734 [INFO] IPUIPlugin:80 - create IPUIPlugin
2025-12-04 17:43:30,734 [INFO] PluginManager:220 - loadIPPluginJar : add openamp
2025-12-04 17:43:30,734 [INFO] IPUIPlugin:80 - create IPUIPlugin
2025-12-04 17:43:30,734 [INFO] PluginManager:220 - loadIPPluginJar : add pdm2pcm
2025-12-04 17:43:30,741 [INFO] IPUIPlugin:80 - create IPUIPlugin
2025-12-04 17:43:30,741 [INFO] PluginManager:220 - loadIPPluginJar : add plateformsettings
2025-12-04 17:43:30,741 [INFO] IPUIPlugin:80 - create IPUIPlugin
2025-12-04 17:43:30,741 [INFO] PluginManager:220 - loadIPPluginJar : add quadspi
2025-12-04 17:43:30,741 [INFO] IPUIPlugin:80 - create IPUIPlugin
2025-12-04 17:43:30,741 [INFO] PluginManager:220 - loadIPPluginJar : add radio
2025-12-04 17:43:30,741 [INFO] IPUIPlugin:80 - create IPUIPlugin
2025-12-04 17:43:30,741 [INFO] PluginManager:220 - loadIPPluginJar : add resmgrutility
2025-12-04 17:43:30,756 [INFO] IPUIPlugin:80 - create IPUIPlugin
2025-12-04 17:43:30,756 [INFO] PluginManager:220 - loadIPPluginJar : add sai
2025-12-04 17:43:30,756 [INFO] IPUIPlugin:80 - create IPUIPlugin
2025-12-04 17:43:30,756 [INFO] PluginManager:220 - loadIPPluginJar : add spi
2025-12-04 17:43:30,756 [INFO] IPUIPlugin:80 - create IPUIPlugin
2025-12-04 17:43:30,756 [INFO] PluginManager:220 - loadIPPluginJar : add stm32_wpan
2025-12-04 17:43:30,772 [INFO] IPUIPlugin:80 - create IPUIPlugin
2025-12-04 17:43:30,772 [INFO] PluginManager:220 - loadIPPluginJar : add tim
2025-12-04 17:43:30,772 [INFO] IPUIPlugin:80 - create IPUIPlugin
2025-12-04 17:43:30,772 [INFO] PluginManager:220 - loadIPPluginJar : add touchsensing
2025-12-04 17:43:30,772 [INFO] IPUIPlugin:80 - create IPUIPlugin
2025-12-04 17:43:30,772 [INFO] PluginManager:220 - loadIPPluginJar : add tracer_emb
2025-12-04 17:43:30,772 [INFO] IPUIPlugin:80 - create IPUIPlugin
2025-12-04 17:43:30,772 [INFO] PluginManager:220 - loadIPPluginJar : add ts
2025-12-04 17:43:30,772 [INFO] IPUIPlugin:80 - create IPUIPlugin
2025-12-04 17:43:30,772 [INFO] PluginManager:220 - loadIPPluginJar : add tsc
2025-12-04 17:43:30,772 [INFO] IPUIPlugin:80 - create IPUIPlugin
2025-12-04 17:43:30,772 [INFO] PluginManager:220 - loadIPPluginJar : add ucpd
2025-12-04 17:43:30,788 [INFO] IPUIPlugin:80 - create IPUIPlugin
2025-12-04 17:43:30,788 [INFO] PluginManager:220 - loadIPPluginJar : add usart
2025-12-04 17:43:30,788 [INFO] IPUIPlugin:80 - create IPUIPlugin
2025-12-04 17:43:30,788 [INFO] PluginManager:220 - loadIPPluginJar : add usbx
2025-12-04 17:43:30,933 [FATAL] Updater:351 - Updater called before beeing initialized
2025-12-04 17:43:30,957 [INFO] RulesReader:64 - Compatibility file has been processed (317 Rules)
2025-12-04 17:43:30,972 [INFO] RulesReader:64 - Compatibility file has been processed (317 Rules)
2025-12-04 17:43:30,988 [INFO] CADModel:165 - CPN selected for project level
2025-12-04 17:43:30,988 [INFO] CADModel:114 - Register for checkConnection events
2025-12-04 17:43:30,988 [FATAL] Updater:351 - Updater called before beeing initialized
2025-12-04 17:43:30,988 [ERROR] CADModel:125 - Updater not yet initialized, retry later 
2025-12-04 17:43:31,169 [FATAL] Updater:351 - Updater called before beeing initialized
2025-12-04 17:43:31,177 [INFO] CADModel:165 - CPN selected for project level
2025-12-04 17:43:31,177 [INFO] CADModel:114 - Register for checkConnection events
2025-12-04 17:43:31,177 [FATAL] Updater:351 - Updater called before beeing initialized
2025-12-04 17:43:31,177 [ERROR] CADModel:125 - Updater not yet initialized, retry later 
2025-12-04 17:43:31,177 [FATAL] Updater:351 - Updater called before beeing initialized
2025-12-04 17:43:31,358 [FATAL] Updater:351 - Updater called before beeing initialized
2025-12-04 17:43:31,358 [INFO] DbMcusAds:53 - JSON generation date=Tue Nov 25 16:08:32 EET 2025 (1764079712175)
2025-12-04 17:43:31,358 [FATAL] Updater:351 - Updater called before beeing initialized
2025-12-04 17:43:31,389 [WARN] DetailPanel:346 - Failed to get advertising image, set to default
2025-12-04 17:43:31,489 [FATAL] Updater:351 - Updater called before beeing initialized
2025-12-04 17:43:31,489 [FATAL] Updater:351 - Updater called before beeing initialized
2025-12-04 17:43:31,489 [FATAL] Updater:351 - Updater called before beeing initialized
2025-12-04 17:43:31,489 [WARN] DetailPanel:346 - Failed to get advertising image, set to default
2025-12-04 17:43:31,489 [FATAL] Updater:351 - Updater called before beeing initialized
2025-12-04 17:43:31,542 [ERROR] Updater:1198 - MainUpdater not yet initialized. External WinMGr cannot be set.
2025-12-04 17:43:31,542 [INFO] Updater:1134 - Updater Version found : 6.15.0
2025-12-04 17:43:31,558 [INFO] ApplicationProperties:184 - Using Application install path: C:\ST\STM32CubeIDE_1.19.0\STM32CubeIDE\plugins\com.st.stm32cube.common.mx_6.15.0.202507011659
2025-12-04 17:43:32,022 [INFO] MainUpdater:2872 - connection check result : 10
2025-12-04 17:43:32,022 [INFO] MainUpdater:289 - Updater Check For Update Now.
2025-12-04 17:43:32,022 [INFO] MicroXplorer:498 - Change Database Version : DB.6.0.150
2025-12-04 17:43:32,029 [INFO] McuFinderGlobals:63 - Set McuFinder mode to 2 (CubeIDE integrated)
2025-12-04 17:43:32,029 [INFO] UserAuth:171 - activating auth plugin
2025-12-04 17:43:32,044 [INFO] UserAuth:487 - Internet connection configuration mode: 1
2025-12-04 17:43:32,060 [INFO] JxBrowserEngine:152 - Initiate JxBrowser Engine with user profile folder
2025-12-04 17:43:32,260 [INFO] CheckServerUpdateThread:120 - End of CheckServer Thread
2025-12-04 17:43:32,792 [INFO] WebApp:169 - Instantiating new browser for Auth
2025-12-04 17:43:33,320 [WARN] PackLoader:240 - Cannot read IP mode file for STMicroelectronics.FP-SNS-MOTENVWB1.1.4.0
2025-12-04 17:43:33,336 [WARN] PackLoader:240 - Cannot read IP mode file for STMicroelectronics.FP-ATR-ASTRA1.2.0.2
2025-12-04 17:43:33,346 [WARN] PackLoader:240 - Cannot read IP mode file for STMicroelectronics.X-CUBE-SMBUS.2.1.0
2025-12-04 17:43:33,409 [WARN] PackLoader:240 - Cannot read IP mode file for STMicroelectronics.X-CUBE-AZRTOS-F7.1.1.0
2025-12-04 17:43:33,409 [WARN] PackLoader:240 - Cannot read IP mode file for STMicroelectronics.FP-SNS-MOTENV1.5.1.0
2025-12-04 17:43:33,436 [WARN] PackLoader:240 - Cannot read IP mode file for WES.I-CUBE-Cesium.1.4.0
2025-12-04 17:43:33,477 [WARN] PackLoader:240 - Cannot read IP mode file for STMicroelectronics.X-CUBE-AZRTOS-H7.3.4.0
2025-12-04 17:43:33,493 [WARN] PackLoader:240 - Cannot read IP mode file for STMicroelectronics.X-CUBE-DISPLAY.3.0.0
2025-12-04 17:43:33,509 [WARN] PackLoader:240 - Cannot read IP mode file for STMicroelectronics.X-CUBE-NFC10.1.0.0
2025-12-04 17:43:33,524 [WARN] PackLoader:240 - Cannot read IP mode file for STMicroelectronics.X-CUBE-ST60.1.1.0
2025-12-04 17:43:33,540 [WARN] PackLoader:240 - Cannot read IP mode file for emotas.I-CUBE-CANOPEN.1.3.0
2025-12-04 17:43:33,540 [WARN] PackLoader:240 - Cannot read IP mode file for STMicroelectronics.X-CUBE-GNSS1.7.1.0
2025-12-04 17:43:33,555 [WARN] PackLoader:240 - Cannot read IP mode file for STMicroelectronics.FP-SNS-STBOX1.2.1.0
2025-12-04 17:43:33,571 [WARN] PackLoader:240 - Cannot read IP mode file for STMicroelectronics.FP-SNS-SMARTAG2.1.2.0
2025-12-04 17:43:33,578 [WARN] PackLoader:240 - Cannot read IP mode file for STMicroelectronics.FP-SNS-FLIGHT1.5.1.0
2025-12-04 17:43:33,596 [INFO] LogOutputStream:77 - [STDOUT_REDIRECT] 1 : Invalid condition id : UX_CORESTACK_Condition cause : null
2025-12-04 17:43:33,596 [INFO] LogOutputStream:77 - [STDOUT_REDIRECT] 1 : Invalid condition id : UX_CORESTACK_Condition cause : null
2025-12-04 17:43:33,596 [INFO] LogOutputStream:77 - [STDOUT_REDIRECT] 1 : Invalid condition id : UX_CORESTACK_Condition cause : null
2025-12-04 17:43:33,605 [INFO] LogOutputStream:77 - [STDOUT_REDIRECT] 1 : Invalid condition id : UX_CORESTACK_Condition cause : null
2025-12-04 17:43:33,608 [INFO] LogOutputStream:77 - [STDOUT_REDIRECT] 1 : Invalid condition id : UX_CORESTACK_Condition cause : null
2025-12-04 17:43:33,612 [WARN] PackLoader:240 - Cannot read IP mode file for STMicroelectronics.X-CUBE-AZRTOS-WL.2.0.0
2025-12-04 17:43:33,645 [WARN] PackLoader:240 - Cannot read IP mode file for STMicroelectronics.X-CUBE-AZRTOS-H7RS.1.2.0
2025-12-04 17:43:33,646 [WARN] PackLoader:240 - Cannot read IP mode file for STMicroelectronics.X-CUBE-BLE2.3.3.0
2025-12-04 17:43:33,725 [WARN] PackLoader:240 - Cannot read IP mode file for Infineon.AIROC-Wi-Fi-Bluetooth-STM32.1.8.0
2025-12-04 17:43:33,756 [WARN] PackLoader:240 - Cannot read IP mode file for STMicroelectronics.X-CUBE-NFC9.1.0.0
2025-12-04 17:43:33,769 [WARN] PackLoader:240 - Cannot read IP mode file for wolfSSL.I-CUBE-wolfSSL.5.8.2
2025-12-04 17:43:33,770 [WARN] PackLoader:240 - Cannot read IP mode file for STMicroelectronics.X-CUBE-BLE1.7.1.0
2025-12-04 17:43:33,780 [WARN] PackLoader:240 - Cannot read IP mode file for wolfSSL.I-CUBE-wolfMQTT.1.19.2
2025-12-04 17:43:33,794 [WARN] PackLoader:240 - Cannot read IP mode file for STMicroelectronics.X-CUBE-FREERTOS.1.4.0
2025-12-04 17:43:33,824 [WARN] PackLoader:240 - Cannot read IP mode file for STMicroelectronics.X-CUBE-EEPRMA1.5.2.0
2025-12-04 17:43:33,832 [WARN] PackLoader:240 - Cannot read IP mode file for Cesanta.I-CUBE-Mongoose.7.20.0
2025-12-04 17:43:33,840 [WARN] PackLoader:240 - Cannot read IP mode file for STMicroelectronics.X-CUBE-ST67W61.1.1.0
2025-12-04 17:43:33,916 [WARN] PackLoader:240 - Cannot read IP mode file for STMicroelectronics.X-CUBE-MEMS1.12.0.0
2025-12-04 17:43:33,973 [INFO] WebApp:463 - Apply proxy settings
2025-12-04 17:43:33,973 [INFO] WebApp:548 - Chromium requires no authentication
2025-12-04 17:43:33,993 [INFO] WebApp:491 - Direct internet connection detected
2025-12-04 17:43:34,038 [INFO] WebApp:900 - Register for checkConnection events
2025-12-04 17:43:34,038 [INFO] WebApp:463 - Apply proxy settings
2025-12-04 17:43:34,038 [INFO] WebApp:548 - Chromium requires no authentication
2025-12-04 17:43:34,038 [INFO] WebApp:491 - Direct internet connection detected
2025-12-04 17:43:34,066 [WARN] PackLoader:240 - Cannot read IP mode file for STMicroelectronics.X-CUBE-AZRTOS-G0.1.1.0
2025-12-04 17:43:34,081 [WARN] PackLoader:240 - Cannot read IP mode file for STMicroelectronics.X-CUBE-NFC4.3.0.0
2025-12-04 17:43:34,081 [WARN] PackLoader:240 - Cannot read IP mode file for EmbeddedOffice.I-CUBE-FS-RTOS.1.0.1
2025-12-04 17:43:34,098 [WARN] PackLoader:240 - Cannot read IP mode file for STMicroelectronics.X-CUBE-WB05N.2.0.0
2025-12-04 17:43:34,106 [WARN] PackLoader:240 - Cannot read IP mode file for wolfSSL.I-CUBE-wolfTPM.3.8.0
2025-12-04 17:43:34,122 [WARN] PackLoader:240 - Cannot read IP mode file for STMicroelectronics.X-CUBE-TCPP.4.2.0
2025-12-04 17:43:34,122 [WARN] PackLoader:240 - Cannot read IP mode file for RealThread.X-CUBE-RT-Thread_Nano.4.1.1
2025-12-04 17:43:34,122 [WARN] PackLoader:240 - Cannot read IP mode file for STMicroelectronics.FP-ATR-SIGFOX1.3.2.0
2025-12-04 17:43:34,138 [WARN] PackLoader:240 - Cannot read IP mode file for ITTIA_DB.I-CUBE-ITTIADB.8.9.0
2025-12-04 17:43:34,138 [WARN] PackLoader:240 - Cannot read IP mode file for STMicroelectronics.X-CUBE-AI.10.2.0
2025-12-04 17:43:34,182 [WARN] PackLoader:240 - Cannot read IP mode file for SEGGER.I-CUBE-embOS.1.3.1
2025-12-04 17:43:34,294 [WARN] PackLoader:240 - Cannot read IP mode file for STMicroelectronics.X-CUBE-ALGOBUILD.1.4.0
2025-12-04 17:43:34,294 [WARN] PackLoader:240 - Cannot read IP mode file for STMicroelectronics.X-CUBE-PM33A1.1.0.0
2025-12-04 17:43:34,326 [WARN] PackLoader:240 - Cannot read IP mode file for STMicroelectronics.X-CUBE-AZRTOS-F4.1.1.0
2025-12-04 17:43:34,341 [WARN] PackLoader:240 - Cannot read IP mode file for STMicroelectronics.X-CUBE-ISPU.2.1.0
2025-12-04 17:43:34,368 [WARN] PackLoader:240 - Cannot read IP mode file for STMicroelectronics.X-CUBE-IPS.3.2.0
2025-12-04 17:43:34,378 [INFO] WebApp:191 - Connection restablished
2025-12-04 17:43:34,389 [WARN] PackLoader:240 - Cannot read IP mode file for STMicroelectronics.X-CUBE-NFC12.1.0.0
2025-12-04 17:43:34,423 [WARN] PackLoader:240 - Cannot read IP mode file for STMicroelectronics.X-CUBE-AZRTOS-L5.2.0.0
2025-12-04 17:43:34,430 [WARN] PackLoader:240 - Cannot read IP mode file for STMicroelectronics.X-CUBE-NFC6.3.1.0
2025-12-04 17:43:34,441 [WARN] PackLoader:240 - Cannot read IP mode file for STMicroelectronics.X-CUBE-TOUCHGFX.4.26.0
2025-12-04 17:43:34,456 [WARN] PackLoader:240 - Cannot read IP mode file for STMicroelectronics.FP-SNS-STAIOTCFT.1.0.0
2025-12-04 17:43:34,473 [WARN] PackLoader:240 - Cannot read IP mode file for STMicroelectronics.X-CUBE-DPower.1.3.0
2025-12-04 17:43:34,492 [WARN] ConditionMgr:438 - getConditionDescription Invalid condition id : LAN8742 Phy interface Condition cause : null
2025-12-04 17:43:34,492 [WARN] PackLoader:240 - Cannot read IP mode file for STMicroelectronics.X-CUBE-AZRTOS-L4.2.0.0
2025-12-04 17:43:34,492 [WARN] ConditionMgr:1044 - genDependencies : Invalid condition id : LAN8742 Phy interface Condition cause : null
2025-12-04 17:43:34,492 [WARN] ConditionMgr:1044 - genDependencies : Invalid condition id : LAN8742 Phy interface Condition cause : null
2025-12-04 17:43:34,492 [WARN] ConditionMgr:1044 - genDependencies : Invalid condition id : LAN8742 Phy interface Condition cause : null
2025-12-04 17:43:34,502 [WARN] PackLoader:240 - Cannot read IP mode file for STMicroelectronics.X-CUBE-SFXS2LP1.4.0.0
2025-12-04 17:43:34,520 [WARN] PackLoader:240 - Cannot read IP mode file for STMicroelectronics.X-CUBE-BLEMGR.4.1.0
2025-12-04 17:43:34,530 [WARN] ConditionMgr:438 - getConditionDescription Invalid condition id : UX DEVICE CLASS RTOS Condition cause : null
2025-12-04 17:43:34,530 [WARN] ConditionMgr:438 - getConditionDescription Invalid condition id : UX DEVICE CLASS RTOS Condition cause : null
2025-12-04 17:43:34,530 [INFO] WebApp:225 - Starting web application
2025-12-04 17:43:34,530 [INFO] WebApp:593 - Web application path used C:\ST\STM32CubeIDE_1.19.0\STM32CubeIDE\plugins\com.st.stm32cube.common.mx_6.15.0.202507011659\db\plugins\mcufinder\reactClient1\index.html
2025-12-04 17:43:34,540 [WARN] PackLoader:240 - Cannot read IP mode file for STMicroelectronics.X-CUBE-AZRTOS-WB.2.0.0
2025-12-04 17:43:34,540 [WARN] ConditionMgr:1044 - genDependencies : Invalid condition id : UX DEVICE CLASS RTOS Condition cause : null
2025-12-04 17:43:34,540 [WARN] ConditionMgr:1044 - genDependencies : Invalid condition id : UX DEVICE CLASS RTOS Condition cause : null
2025-12-04 17:43:34,542 [WARN] ConditionMgr:1044 - genDependencies : Invalid condition id : UX DEVICE CLASS RTOS Condition cause : null
2025-12-04 17:43:34,543 [WARN] ConditionMgr:1044 - genDependencies : Invalid condition id : UX DEVICE CLASS RTOS Condition cause : null
2025-12-04 17:43:34,543 [WARN] ConditionMgr:1044 - genDependencies : Invalid condition id : UX DEVICE CLASS RTOS Condition cause : null
2025-12-04 17:43:34,551 [WARN] ConditionMgr:438 - getConditionDescription Invalid condition id : Cortex-A Device cause : null
2025-12-04 17:43:34,569 [WARN] ConditionMgr:1044 - genDependencies : Invalid condition id : Cortex-A Device cause : null
2025-12-04 17:43:34,569 [WARN] ConditionMgr:1044 - genDependencies : Invalid condition id : Cortex-A Device cause : null
2025-12-04 17:43:34,569 [WARN] ConditionMgr:1044 - genDependencies : Invalid condition id : Cortex-A Device cause : null
2025-12-04 17:43:34,585 [WARN] PackLoader:240 - Cannot read IP mode file for STMicroelectronics.X-CUBE-SUBG2.5.0.0
2025-12-04 17:43:34,603 [WARN] PackLoader:240 - Cannot read IP mode file for STMicroelectronics.X-CUBE-AZRTOS-G4.2.0.0
2025-12-04 17:43:34,620 [WARN] PackLoader:240 - Cannot read IP mode file for wolfSSL.I-CUBE-wolfSSH.1.4.20
2025-12-04 17:43:34,624 [WARN] PackLoader:240 - Cannot read IP mode file for STMicroelectronics.X-CUBE-NFC7.2.0.0
2025-12-04 17:43:34,634 [WARN] PackLoader:240 - Cannot read IP mode file for STMicroelectronics.X-CUBE-ALS.1.0.2
2025-12-04 17:43:34,644 [WARN] PackLoader:240 - Cannot read IP mode file for STMicroelectronics.X-CUBE-STSE01.1.0.0
2025-12-04 17:43:34,654 [WARN] PackLoader:240 - Cannot read IP mode file for STMicroelectronics.X-CUBE-TOF1.3.4.3
2025-12-04 17:43:34,674 [INFO] ThirdParty:978 - Integrity check success = true
2025-12-04 17:43:34,674 [INFO] IntegrityCheckThread:100 - exiting critical section [integrity check]
2025-12-04 17:43:34,674 [INFO] IntegrityCheckThread:103 - End integrity checks thread
2025-12-04 17:50:08,022 [INFO] McuFinderGlobals:63 - Set McuFinder mode to 2 (CubeIDE integrated)
2025-12-04 17:50:08,026 [INFO] MainUpdater:2872 - connection check result : 10
2025-12-04 17:50:08,026 [INFO] MainUpdater:2872 - connection check result : 10
2025-12-04 17:50:08,068 [INFO] MicroXplorer:468 - Change Database Path : 
2025-12-04 17:50:08,068 [INFO] MicroXplorer:498 - Change Database Version : DB.6.0.150
2025-12-04 17:50:08,068 [WARN] ThirdParty:871 - waiting for thirdparty lock release [close project]
2025-12-04 17:50:08,068 [INFO] ThirdParty:873 - entering critical section [close project]
2025-12-04 17:50:08,078 [INFO] ThirdParty:883 - exiting critical section [close project]
2025-12-04 17:50:08,078 [INFO] PinOutPanel:1589 - setPackage(No Configuration,No Configuration)
2025-12-04 17:50:08,085 [INFO] UtilMem:75 - Begin LoadConfig() Used Memory: 888201032 Bytes (1073741824)
2025-12-04 17:50:08,088 [INFO] MicroXplorer:468 - Change Database Path : 
2025-12-04 17:50:08,088 [INFO] MicroXplorer:498 - Change Database Version : DB.6.0.150
2025-12-04 17:50:08,088 [INFO] OpenFileManager:355 - Change cursor
2025-12-04 17:50:08,132 [INFO] Mcu:2029 - Initializing MCU STM32F103C(8-B)Tx STM32F103C8Tx STM32F103C8T6
2025-12-04 17:50:09,293 [INFO] Context:786 - Trying to add GPIOservice into a context  which must be forbidden
2025-12-04 17:50:09,582 [INFO] ImportTextPane:234 - (OptionalMessage_ERROR) Pin11 (VP_RIF_VS_RIF1) cannot be retrieved for this MCU
2025-12-04 17:50:09,808 [INFO] RtosManager:558 - Registered RTOS mode: class=CMSIS, group=RTOS, mode=CMSIS_V1, owner=FREERTOS
2025-12-04 17:50:09,808 [INFO] RtosManager:558 - Registered RTOS mode: class=CMSIS, group=RTOS2, mode=CMSIS_V2, owner=FREERTOS
2025-12-04 17:50:09,809 [INFO] RtosManager:558 - Registered RTOS mode: class=RTOS, group=Core, mode=CMSIS_V1, owner=FREERTOS
2025-12-04 17:50:09,809 [INFO] RtosManager:558 - Registered RTOS mode: class=RTOS, group=Core, mode=CMSIS_V2, owner=FREERTOS
2025-12-04 17:50:09,809 [WARN] ModelIntegratedComponent:184 - Missing modes for component STMicroelectronics:FreeRTOS:0.0.1:STMicroelectronics:RTOS:FreeRTOS:Core:::10.2.0:
2025-12-04 17:50:09,826 [WARN] ModelIntegratedComponent:63 - No mode defined for component null
2025-12-04 17:50:09,826 [WARN] ModelIntegratedComponent:63 - No mode defined for component null
2025-12-04 17:50:09,826 [WARN] ModelIntegratedComponent:63 - No mode defined for component null
2025-12-04 17:50:09,826 [WARN] ModelIntegratedComponent:63 - No mode defined for component null
2025-12-04 17:50:09,826 [WARN] ModelIntegratedComponent:63 - No mode defined for component null
2025-12-04 17:50:09,826 [WARN] ModelIntegratedComponent:63 - No mode defined for component null
2025-12-04 17:50:09,826 [WARN] ModelIntegratedComponent:63 - No mode defined for component null
2025-12-04 17:50:09,826 [WARN] ModelIntegratedComponent:63 - No mode defined for component null
2025-12-04 17:50:09,826 [WARN] ModelIntegratedComponent:63 - No mode defined for component null
2025-12-04 17:50:09,826 [WARN] ModelIntegratedComponent:63 - No mode defined for component null
2025-12-04 17:50:09,826 [WARN] ModelIntegratedComponent:63 - No mode defined for component null
2025-12-04 17:50:09,826 [WARN] ModelIntegratedComponent:63 - No mode defined for component null
2025-12-04 17:50:09,826 [WARN] ModelIntegratedComponent:63 - No mode defined for component null
2025-12-04 17:50:09,826 [WARN] ModelIntegratedComponent:63 - No mode defined for component null
2025-12-04 17:50:09,826 [WARN] ModelIntegratedComponent:63 - No mode defined for component null
2025-12-04 17:50:09,826 [WARN] ModelIntegratedComponent:63 - No mode defined for component null
2025-12-04 17:50:09,826 [WARN] ModelIntegratedComponent:63 - No mode defined for component null
2025-12-04 17:50:09,826 [WARN] ModelIntegratedComponent:63 - No mode defined for component null
2025-12-04 17:50:09,826 [WARN] ModelIntegratedComponent:63 - No mode defined for component null
2025-12-04 17:50:09,826 [WARN] ModelIntegratedComponent:63 - No mode defined for component null
2025-12-04 17:50:09,826 [WARN] ModelIntegratedComponent:63 - No mode defined for component null
2025-12-04 17:50:09,826 [WARN] ModelIntegratedComponent:63 - No mode defined for component null
2025-12-04 17:50:09,826 [WARN] ModelIntegratedComponent:63 - No mode defined for component null
2025-12-04 17:50:09,826 [WARN] ModelIntegratedComponent:63 - No mode defined for component null
2025-12-04 17:50:09,826 [WARN] ModelIntegratedComponent:63 - No mode defined for component null
2025-12-04 17:50:09,826 [WARN] ModelIntegratedComponent:63 - No mode defined for component null
2025-12-04 17:50:09,826 [WARN] ModelIntegratedComponent:63 - No mode defined for component null
2025-12-04 17:50:09,826 [WARN] ModelIntegratedComponent:63 - No mode defined for component null
2025-12-04 17:50:09,826 [WARN] ModelIntegratedComponent:63 - No mode defined for component null
2025-12-04 17:50:09,826 [WARN] ModelIntegratedComponent:63 - No mode defined for component null
2025-12-04 17:50:09,826 [WARN] ModelIntegratedComponent:63 - No mode defined for component null
2025-12-04 17:50:09,826 [WARN] ModelIntegratedComponent:63 - No mode defined for component null
2025-12-04 17:50:09,826 [WARN] ModelIntegratedComponent:63 - No mode defined for component null
2025-12-04 17:50:09,826 [WARN] ModelIntegratedComponent:63 - No mode defined for component null
2025-12-04 17:50:09,826 [WARN] ModelIntegratedComponent:63 - No mode defined for component null
2025-12-04 17:50:09,826 [WARN] ModelPack:524 - Component already loaded: STMicroelectronics:HAL Drivers:0.0.0:STMicroelectronics:Device:STMicro_Driver:XSPI:HAL::0.0.1:HAL_XSPI
2025-12-04 17:50:09,857 [INFO] ThirdPartyModel:298 - Start build external matchings
2025-12-04 17:50:10,253 [INFO] ThirdPartyModel:316 - End build external matchings
2025-12-04 17:50:10,742 [INFO] ApiDb:581 - Connected to CubeFinder SQLite database (C:\Users\Ovi\.stmcufinder\plugins\mcufinder\mcu\cube-finder-db.db)
2025-12-04 17:50:10,863 [INFO] ApiDb:668 - CubeFinder database Data Model version=2.1
2025-12-04 17:50:10,863 [INFO] ApiDb:669 - CubeFinder database Configuration version=3.0.39
2025-12-04 17:50:10,864 [INFO] ApiDb:670 - CubeFinder database generation date=2025-11-05 (1762334721)
2025-12-04 17:50:10,864 [INFO] ApiDb:671 - CubeFinder database FW Pack versions=[FP-ATR-ASTRA1_V2.0.0, FP-SNS-FLIGHT1_V5.1.0, FP-SNS-MOTENV1_V5.1.0, FP-SNS-MOTENVWB1_V1.4.0, FP-SNS-SMARTAG2_V1.2.0, FP-SNS-STBOX1_V2.1.0, STM32Cube_FW_C0_V1.4.0, STM32Cube_FW_F4_V1.28.3, STM32Cube_FW_F7_V1.17.4, STM32Cube_FW_G0_V1.6.2, STM32Cube_FW_G4_V1.6.1, STM32Cube_FW_H5_V1.5.1, STM32Cube_FW_H7RS_V1.3.0, STM32Cube_FW_H7_V1.12.1, STM32Cube_FW_L0_V1.12.2, STM32Cube_FW_L4_V1.18.1, STM32Cube_FW_L5_V1.6.0, STM32Cube_FW_N6_V1.3.0, STM32Cube_FW_U0_V1.3.0, STM32Cube_FW_U3_V1.2.1, STM32Cube_FW_U5_V1.8.0, STM32Cube_FW_WB0_V1.4.0, STM32Cube_FW_WBA_V1.8.0, STM32Cube_FW_WB_V1.24.0, STM32Cube_FW_WL3_V1.3.0, STM32Cube_FW_WL_V1.4.0, X-CUBE-ALGOBUILD_V1.4.0, X-CUBE-ALS_V1.0.2, X-CUBE-AZRTOS-F4_V1.1.0, X-CUBE-AZRTOS-F7_V1.1.0, X-CUBE-AZRTOS-G0_V1.1.0, X-CUBE-AZRTOS-G4_V2.0.0, X-CUBE-AZRTOS-H7RS_V1.1.0, X-CUBE-AZRTOS-H7_V3.4.0, X-CUBE-AZRTOS-L4_V2.0.0, X-CUBE-AZRTOS-L5_V2.0.0, X-CUBE-AZRTOS-WB_V2.0.0, X-CUBE-AZRTOS-WL_V2.0.0, X-CUBE-BLE1_V7.1.0, X-CUBE-BLE2_V3.3.0, X-CUBE-BLEMGR_V4.1.0, X-CUBE-EEPRMA1_V5.2.0, X-CUBE-FREERTOS_V1.3.1, X-CUBE-GNSS1_V6.0.0, X-CUBE-MEMS1_V11.3.0, X-CUBE-NFC4_V3.0.0, X-CUBE-NFC7_V2.0.0, X-CUBE-SFXS2LP1_V4.0.0, X-CUBE-ST67W61_V1.1.0, X-CUBE-SUBG2_V5.0.0, X-CUBE-TOF1_V3.4.3]
2025-12-04 17:50:10,937 [INFO] DbBoardsSqlite:226 - include board P-NUCLEO-WB55-NUCLEO as a kit item of type 'Nucleo-64'
2025-12-04 17:50:10,938 [INFO] DbBoardsSqlite:226 - include board P-NUCLEO-WB55-USBDONGLE as a kit item of type 'Nucleo USB Dongle'
2025-12-04 17:50:10,938 [INFO] DbBoardsSqlite:226 - include board STEVAL-IDP005V1 as a kit item of type 'Evaluation Board'
2025-12-04 17:50:10,938 [INFO] DbBoardsSqlite:226 - include board STEVAL-IDP005V2 as a kit item of type 'Evaluation Board'
2025-12-04 17:50:11,041 [INFO] ApiDb:240 - Found 880 in-development CPN: [B-G473E-ZEST1S, B-WB1M-WPAN1, B-WBA5M-WPAN, B-WL5M-SUBG1, NUCLEO-C031C6, NUCLEO-C051C8, NUCLEO-C071RB, NUCLEO-C092RC, NUCLEO-H503RB, NUCLEO-H533RE, NUCLEO-H563ZI, NUCLEO-H7S3L8, NUCLEO-N657X0-Q, NUCLEO-U031R8, NUCLEO-U083RC, NUCLEO-U385RG-Q, NUCLEO-U545RE-Q, NUCLEO-U5A5ZJ-Q, NUCLEO-WB05KZ, NUCLEO-WB07CC, NUCLEO-WB09KE, NUCLEO-WBA52CG, NUCLEO-WBA55CG, NUCLEO-WL33CC1, NUCLEO-WL33CC2, STEVAL-PROTEUS1, STEVAL-SMARTAG2, STEVAL-STWINBX1, STM320518-EVAL, STM32C0116-DK, STM32C011D6Y3TR, STM32C011D6Y6TR, STM32C011F4P3, STM32C011F4P6, STM32C011F4U3, STM32C011F4U6TR, STM32C011F6P3, STM32C011F6P6, STM32C011F6U3, STM32C011F6U6TR, STM32C011J4M3, STM32C011J4M6, STM32C011J6M3, STM32C011J6M6, STM32C0316-DK, STM32C031C4T3, STM32C031C4T6, STM32C031C4U3, STM32C031C4U6, STM32C031C6T3, STM32C031C6T6, STM32C031C6U3, STM32C031C6U6, STM32C031F4P3, STM32C031F4P6, STM32C031F6P3, STM32C031F6P6, STM32C031G4U3, STM32C031G4U6, STM32C031G6U3, STM32C031G6U6, STM32C031K4T3, STM32C031K4T6, STM32C031K4U3, STM32C031K4U6, STM32C031K6T3, STM32C031K6T6, STM32C031K6U3, STM32C031K6U6, STM32C051C6T6, STM32C051C6U6, STM32C051C8T6, STM32C051C8U6, STM32C051D8Y6TR, STM32C051F6P6, STM32C051F8P6, STM32C051G6U6, STM32C051G8U6, STM32C051K6T6, STM32C051K6U6, STM32C051K8T6, STM32C071C8T6, STM32C071C8T6N, STM32C071C8U6, STM32C071C8U6N, STM32C071CBT6, STM32C071CBT6N, STM32C071CBU6, STM32C071CBU6N, STM32C071F8P6, STM32C071F8P6N, STM32C071FBP6, STM32C071FBP6N, STM32C071FBY6TR, STM32C071G8U6, STM32C071G8U6N, STM32C071GBU6, STM32C071GBU6N, STM32C071K8T6, STM32C071K8T6N, STM32C071K8U6, STM32C071K8U6N, STM32C071KBT6, STM32C071KBT6N, STM32C071KBU6, STM32C071KBU6N, STM32C071R8T6, STM32C071R8T6N, STM32C071RBI6N, STM32C071RBT6, STM32C071RBT6N, STM32C091CBT6, STM32C091CBU6, STM32C091CCT6, STM32C091CCU6, STM32C091ECY6TR, STM32C091FBP6, STM32C091FCP6, STM32C091GBU6, STM32C091GCU6, STM32C091KBT6, STM32C091KBU6, STM32C091KCT6, STM32C091KCU6, STM32C091RBT6, STM32C091RCI6, STM32C091RCT6, STM32C092CBT6, STM32C092CBU6, STM32C092CCT6, STM32C092CCU6, STM32C092ECY6TR, STM32C092FBP6, STM32C092FCP6, STM32C092GBU6, STM32C092GCU6, STM32C092KBT6, STM32C092KBU6, STM32C092KCT6, STM32C092KCU6, STM32C092RBT6, STM32C092RCI6, STM32C092RCT6, STM32G071K8TXN, STM32G071K8UXN, STM32G081GBU6N, STM32G081KBT6N, STM32G081KBUXN, STM32G0B1CCT6N, STM32G0B1KCT6, STM32G0B1NEY6TR, STM32G0B1RCT6N, STM32G0C1CCT6, STM32G0C1CCT6N, STM32G0C1CCU6N, STM32G0C1CET6N, STM32G0C1CEU6N, STM32G0C1KCT6, STM32G0C1NEY6TR, STM32G0C1RCI6N, STM32G0C1RCT6N, STM32G0C1REI6N, STM32G0C1RET6N, STM32G0C1VCI6, STM32G0C1VEI6, STM32G411C6T3, STM32G411C6T6, STM32G411C6U3, STM32G411C6U6, STM32G411C8T3, STM32G411C8T6, STM32G411C8U3, STM32G411C8U6, STM32G411CBT3, STM32G411CBT6, STM32G411CBU3, STM32G411CBU6, STM32G411K6T3, STM32G411K6T6, STM32G411K6U3, STM32G411K6U6, STM32G411K8T3, STM32G411K8T6, STM32G411K8U3, STM32G411K8U6, STM32G411KBT3, STM32G411KBT6, STM32G411KBU3, STM32G411KBU6, STM32G411M6T3, STM32G411M6T6, STM32G411M8T3, STM32G411M8T6, STM32G411MBT3, STM32G411MBT6, STM32G411R6T3, STM32G411R6T6, STM32G411R8T3, STM32G411R8T6, STM32G411RBT3, STM32G411RBT6, STM32G414CBT3, STM32G414CBT6, STM32G414CBU3, STM32G414CBU6, STM32G414CCT3, STM32G414CCT6, STM32G414CCU3, STM32G414CCU6, STM32G414MBT3, STM32G414MBT6, STM32G414MCT3, STM32G414MCT6, STM32G414RBT3, STM32G414RBT6, STM32G414RCT3, STM32G414RCT6, STM32G414VBT3, STM32G414VBT6, STM32G414VCT3, STM32G414VCT6, STM32G431CBT3Z, STM32G431RBT3Z, STM32G471CCT6, STM32G471CCU6, STM32G471CET3, STM32G471CET6, STM32G471CEU3, STM32G471CEU6, STM32G471MCT6, STM32G471MET3, STM32G471MET6, STM32G471MEY6TR, STM32G471QCT6, STM32G471QET3, STM32G471RCT6, STM32G471RET3, STM32G471RET6, STM32G471VCH6, STM32G471VCI6, STM32G471VCT6, STM32G471VEH3, STM32G471VEH6, STM32G471VEI3, STM32G471VEI6, STM32G471VET3, STM32G471VET6, STM32G473QET3Z, STM32G473RET3Z, STM32G474CCT6, STM32G491RET3Z, STM32H503CBT6, STM32H503CBU6, STM32H503EBY6TR, STM32H503KBU6, STM32H503RBT6, STM32H523CCT6, STM32H523CCU6, STM32H523CET6, STM32H523CEU6, STM32H523HEY6TR, STM32H523RCT6, STM32H523RET6, STM32H523VCI6, STM32H523VCT6, STM32H523VEI6, STM32H523VET6, STM32H523ZCJ6, STM32H523ZCT6, STM32H523ZEJ6, STM32H523ZET6, STM32H533CET6, STM32H533CEU6, STM32H533HEY6TR, STM32H533RET6, STM32H533VEI6, STM32H533VET6, STM32H533ZEJ6, STM32H533ZET6, STM32H562AGI6, STM32H562AII6, STM32H562IGK6, STM32H562IGT6, STM32H562IIK6, STM32H562IIT6, STM32H562RGT6, STM32H562RGV6, STM32H562RIT6, STM32H562RIV6, STM32H562VGT6, STM32H562VIT6, STM32H562ZGT6, STM32H562ZIT6, STM32H563AGI6, STM32H563AII3Q, STM32H563AII6, STM32H563IGK6, STM32H563IGT6, STM32H563IIK3Q, STM32H563IIK6, STM32H563IIT3Q, STM32H563IIT6, STM32H563MIY3QTR, STM32H563RGT6, STM32H563RGV6, STM32H563RIT6, STM32H563RIV6, STM32H563VGT6, STM32H563VIT3Q, STM32H563VIT6, STM32H563ZGT6, STM32H563ZIT3Q, STM32H563ZIT6, STM32H573AII3Q, STM32H573AII6, STM32H573I-DK, STM32H573IIK3Q, STM32H573IIK6, STM32H573IIT3Q, STM32H573IIT6, STM32H573MIY3QTR, STM32H573RIT6, STM32H573RIV6, STM32H573VIT3Q, STM32H573VIT6, STM32H573ZIT3Q, STM32H573ZIT6, STM32H7R3A8I6, STM32H7R3I8K6, STM32H7R3I8T6, STM32H7R3L8H6, STM32H7R3L8H6H, STM32H7R3R8V6, STM32H7R3V8H6, STM32H7R3V8T6, STM32H7R3V8Y6TR, STM32H7R3Z8J6, STM32H7R3Z8T6, STM32H7R7A8I6, STM32H7R7I8K6, STM32H7R7I8T6, STM32H7R7L8H6, STM32H7R7L8H6H, STM32H7R7Z8J6, STM32H7S3A8I6, STM32H7S3I8K6, STM32H7S3I8T6, STM32H7S3L8H6, STM32H7S3L8H6H, STM32H7S3R8V6, STM32H7S3V8H6, STM32H7S3V8T6, STM32H7S3V8Y6TR, STM32H7S3Z8J6, STM32H7S3Z8T6, STM32H7S78-DK, STM32H7S7A8I6, STM32H7S7I8K6, STM32H7S7I8T6, STM32H7S7L8H6, STM32H7S7L8H6H, STM32H7S7Z8J6, STM32L4R5QGI6STR, STM32MP131AAE3, STM32MP131AAF3, STM32MP131AAG3, STM32MP131CAE3, STM32MP131CAF3, STM32MP131CAG3, STM32MP131DAE7, STM32MP131DAF7, STM32MP131DAG7, STM32MP131FAE7, STM32MP131FAF7, STM32MP131FAG7, STM32MP133AAE3, STM32MP133AAF3, STM32MP133AAG3, STM32MP133CAE3, STM32MP133CAF3, STM32MP133CAG3, STM32MP133DAE7, STM32MP133DAF7, STM32MP133DAG7, STM32MP133FAE7, STM32MP133FAF7, STM32MP133FAG7, STM32MP135AAE3, STM32MP135AAF3, STM32MP135AAG3, STM32MP135CAE3, STM32MP135CAF3, STM32MP135CAG3, STM32MP135DAE7, STM32MP135DAF7, STM32MP135DAG7, STM32MP135F-DK, STM32MP135FAE7, STM32MP135FAF7, STM32MP135FAF7T, STM32MP135FAF7U, STM32MP135FAG7, STM32MP211AAL3, STM32MP211AAM3, STM32MP211AAN3, STM32MP211AAO3, STM32MP211CAL3, STM32MP211CAM3, STM32MP211CAN3, STM32MP211CAO3, STM32MP211DAL3, STM32MP211DAM3, STM32MP211DAN3, STM32MP211DAO3, STM32MP211FAL3, STM32MP211FAM3, STM32MP211FAN3, STM32MP211FAO3, STM32MP213AAL3, STM32MP213AAM3, STM32MP213AAN3, STM32MP213AAO3, STM32MP213CAL3, STM32MP213CAM3, STM32MP213CAN3, STM32MP213CAO3, STM32MP213DAL3, STM32MP213DAM3, STM32MP213DAN3, STM32MP213DAO3, STM32MP213FAL3, STM32MP213FAM3, STM32MP213FAN3, STM32MP213FAO3, STM32MP215AAL3, STM32MP215AAM3, STM32MP215AAN3, STM32MP215AAO3, STM32MP215CAL3, STM32MP215CAM3, STM32MP215CAN3, STM32MP215CAO3, STM32MP215DAL3, STM32MP215DAM3, STM32MP215DAN3, STM32MP215DAO3, STM32MP215F-DK, STM32MP215FAL3, STM32MP215FAM3, STM32MP215FAN3, STM32MP215FAO3, STM32MP231AAJ3, STM32MP231AAK3, STM32MP231AAL3, STM32MP231CAJ3, STM32MP231CAK3, STM32MP231CAL3, STM32MP231DAJ3, STM32MP231DAK3, STM32MP231DAL3, STM32MP231FAJ3, STM32MP231FAK3, STM32MP231FAL3, STM32MP233AAJ3, STM32MP233AAK3, STM32MP233AAL3, STM32MP233CAJ3, STM32MP233CAK3, STM32MP233CAL3, STM32MP233DAJ3, STM32MP233DAK3, STM32MP233DAL3, STM32MP233FAJ3, STM32MP233FAK3, STM32MP233FAL3, STM32MP235AAJ3, STM32MP235AAK3, STM32MP235AAL3, STM32MP235CAJ3, STM32MP235CAK3, STM32MP235CAL3, STM32MP235DAJ3, STM32MP235DAK3, STM32MP235DAL3, STM32MP235FAJ3, STM32MP235FAK3, STM32MP235FAL3, STM32MP251AAI3, STM32MP251AAK3, STM32MP251AAL3, STM32MP251CAI3, STM32MP251CAK3, STM32MP251CAL3, STM32MP251DAI3, STM32MP251DAK3, STM32MP251DAL3, STM32MP251FAI3, STM32MP251FAK3, STM32MP251FAL3, STM32MP253AAI3, STM32MP253AAK3, STM32MP253AAL3, STM32MP253CAI3, STM32MP253CAK3, STM32MP253CAL3, STM32MP253DAI3, STM32MP253DAK3, STM32MP253DAL3, STM32MP253FAI3, STM32MP253FAK3, STM32MP253FAL3, STM32MP255AAI3, STM32MP255AAK3, STM32MP255AAL3, STM32MP255CAI3, STM32MP255CAK3, STM32MP255CAL3, STM32MP255DAI3, STM32MP255DAK3, STM32MP255DAL3, STM32MP255FAI3, STM32MP255FAK3, STM32MP255FAL3, STM32MP257AAI3, STM32MP257AAK3, STM32MP257AAL3, STM32MP257CAI3, STM32MP257CAK3, STM32MP257CAL3, STM32MP257DAI3, STM32MP257DAK3, STM32MP257DAL3, STM32MP257F-DK, STM32MP257F-EV1, STM32MP257FAI3, STM32MP257FAK3, STM32MP257FAL3, STM32N645A0H3Q, STM32N645B0H3Q, STM32N645I0H3Q, STM32N645L0H3Q, STM32N645X0H3Q, STM32N645Z0H3Q, STM32N647A0H3Q, STM32N647B0H3Q, STM32N647I0H3Q, STM32N647L0H3Q, STM32N647X0H3Q, STM32N647Z0H3Q, STM32N655A0H3Q, STM32N655B0H3Q, STM32N655I0H3Q, STM32N655L0H3Q, STM32N655X0H3Q, STM32N655Z0H3Q, STM32N6570-DK, STM32N657A0H3Q, STM32N657B0H3Q, STM32N657I0H3Q, STM32N657L0H3Q, STM32N657X0H3Q, STM32N657Z0H3Q, STM32U031C6T6, STM32U031C6U6, STM32U031C8T6, STM32U031C8U6, STM32U031F4P6, STM32U031F6P6, STM32U031F8P6, STM32U031G6Y6TR, STM32U031G8Y6TR, STM32U031K4U6, STM32U031K6U6, STM32U031K8U6, STM32U031R6I6, STM32U031R6T6, STM32U031R8I6, STM32U031R8T6, STM32U073C8T6, STM32U073C8U6, STM32U073CBT6, STM32U073CBU6, STM32U073CCT6, STM32U073CCU6, STM32U073H8Y6TR, STM32U073HBY6TR, STM32U073HCY6TR, STM32U073K8U6, STM32U073KBU6, STM32U073KCU6, STM32U073M8I6, STM32U073M8T6, STM32U073MBI6, STM32U073MBT6, STM32U073MCI6, STM32U073MCT6, STM32U073R8I6, STM32U073R8T6, STM32U073RBI6, STM32U073RBT6, STM32U073RCI6, STM32U073RCT6, STM32U083C-DK, STM32U083CCT6, STM32U083CCU6, STM32U083HCY6TR, STM32U083KCU6, STM32U083MCI6, STM32U083MCT6, STM32U083RCI6, STM32U083RCT6, STM32U375CET6, STM32U375CET6Q, STM32U375CEU6, STM32U375CEU6Q, STM32U375CEY6QTR, STM32U375CGT6, STM32U375CGT6Q, STM32U375CGU6, STM32U375CGU6Q, STM32U375CGY6QTR, STM32U375KEU6, STM32U375KGU6, STM32U375REI6, STM32U375REI6Q, STM32U375RET6, STM32U375RET6Q, STM32U375REY6GTR, STM32U375REY6QTR, STM32U375RGI6, STM32U375RGI6Q, STM32U375RGT6, STM32U375RGT6Q, STM32U375RGY6GTR, STM32U375RGY6QTR, STM32U375VEI6, STM32U375VEI6Q, STM32U375VET6, STM32U375VET6Q, STM32U375VGI6, STM32U375VGI6Q, STM32U375VGT6, STM32U375VGT6Q, STM32U385CGT6, STM32U385CGT6Q, STM32U385CGU6, STM32U385CGU6Q, STM32U385CGY6QTR, STM32U385KGU6, STM32U385RGI6, STM32U385RGI6Q, STM32U385RGT6, STM32U385RGT6Q, STM32U385RGY6GTR, STM32U385RGY6QTR, STM32U385VGI6, STM32U385VGI6Q, STM32U385VGT6, STM32U385VGT6Q, STM32U535CBT6, STM32U535CBT6Q, STM32U535CBU6, STM32U535CBU6Q, STM32U535CCT6, STM32U535CCT6Q, STM32U535CCU6, STM32U535CCU6Q, STM32U535CET6, STM32U535CET6Q, STM32U535CEU6, STM32U535CEU6Q, STM32U535JEY6QTR, STM32U535NCY6QTR, STM32U535NEY6QTR, STM32U535RBI6, STM32U535RBI6Q, STM32U535RBT6, STM32U535RBT6Q, STM32U535RCI6, STM32U535RCI6Q, STM32U535RCT6, STM32U535RCT6Q, STM32U535REI6, STM32U535REI6Q, STM32U535RET6, STM32U535RET6Q, STM32U535VCI6, STM32U535VCI6Q, STM32U535VCT6, STM32U535VCT6Q, STM32U535VEI6, STM32U535VEI6Q, STM32U535VET6, STM32U535VET6Q, STM32U545CET6, STM32U545CET6Q, STM32U545CEU6, STM32U545CEU6Q, STM32U545JEY6QTR, STM32U545NEY6QTR, STM32U545REI6, STM32U545REI6Q, STM32U545RET6, STM32U545RET6Q, STM32U545VEI6, STM32U545VEI6Q, STM32U545VET6, STM32U545VET6Q, STM32U595AIH6, STM32U595AIH6Q, STM32U595AJH6, STM32U595AJH6Q, STM32U595QII6, STM32U595QII6Q, STM32U595QJI6, STM32U595QJI6Q, STM32U595RIT6, STM32U595RIT6Q, STM32U595RJT6, STM32U595RJT6Q, STM32U595VIT6, STM32U595VIT6Q, STM32U595VJT6, STM32U595VJT6Q, STM32U595ZIT6, STM32U595ZIT6Q, STM32U595ZIY6QTR, STM32U595ZJT6, STM32U595ZJT6Q, STM32U595ZJY6QTR, STM32U599BJY6QTR, STM32U599NIH6Q, STM32U599NJH6Q, STM32U599VIT6Q, STM32U599VJT6, STM32U599VJT6Q, STM32U599ZIT6Q, STM32U599ZIY6QTR, STM32U599ZJT6Q, STM32U599ZJY6QTR, STM32U5A5AJH6, STM32U5A5AJH6Q, STM32U5A5QII3Q , STM32U5A5QJI6, STM32U5A5QJI6Q, STM32U5A5RJT6, STM32U5A5RJT6Q, STM32U5A5VJT6, STM32U5A5VJT6Q, STM32U5A5ZJT6, STM32U5A5ZJT6Q, STM32U5A5ZJY6QTR, STM32U5A9BJY6QTR, STM32U5A9J-DK, STM32U5A9NJH6Q, STM32U5A9VJT6Q, STM32U5A9ZJT6Q, STM32U5A9ZJY6QTR, STM32U5F7VIT6, STM32U5F7VIT6Q, STM32U5F7VJT6, STM32U5F7VJT6Q, STM32U5F9BJY6QTR, STM32U5F9NJH6Q, STM32U5F9VIT6Q, STM32U5F9VJT6Q, STM32U5F9ZIJ6QTR, STM32U5F9ZIT6Q, STM32U5F9ZJJ6QTR, STM32U5F9ZJT6Q, STM32U5G7VJT6, STM32U5G7VJT6Q, STM32U5G9BJY6QTR, STM32U5G9J-DK1, STM32U5G9J-DK2, STM32U5G9NJH6Q, STM32U5G9VJT6Q, STM32U5G9ZJJ6QTR, STM32U5G9ZJT6Q, STM32WB05KZV6TR, STM32WB05KZV7TR, STM32WB05TZF6TR, STM32WB05TZF7TR, STM32WB06CCF6TR, STM32WB06CCF7TR, STM32WB06CCV6TR, STM32WB06CCV7TR, STM32WB06KCV6TR, STM32WB06KCV7TR, STM32WB07CCF6TR, STM32WB07CCF7TR, STM32WB07CCV6TR, STM32WB07CCV7TR, STM32WB07KCV6TR, STM32WB07KCV7TR, STM32WB09KEV6TR, STM32WB09KEV7TR, STM32WB09TEF6TR, STM32WB09TEF7TR, STM32WB1MMCH6, STM32WBA50KGU6, STM32WBA50KGU6TR, STM32WBA52CEU6, STM32WBA52CEU6TR, STM32WBA52CEU7, STM32WBA52CEU7TR, STM32WBA52CGU6, STM32WBA52CGU6TR, STM32WBA52CGU6U, STM32WBA52CGU7, STM32WBA52CGU7TR, STM32WBA52KEU6, STM32WBA52KEU6TR, STM32WBA52KGU6, STM32WBA52KGU6TR, STM32WBA54CEU6, STM32WBA54CEU6TR, STM32WBA54CEU7, STM32WBA54CEU7TR, STM32WBA54CGU6, STM32WBA54CGU6TR, STM32WBA54CGU7, STM32WBA54CGU7TR, STM32WBA54KEU6, STM32WBA54KEU6TR, STM32WBA54KEU7, STM32WBA54KEU7TR, STM32WBA54KGU6, STM32WBA54KGU6TR, STM32WBA54KGU7, STM32WBA54KGU7TR, STM32WBA55CEU6, STM32WBA55CEU6TR, STM32WBA55CEU7, STM32WBA55CEU7TR, STM32WBA55CGU6, STM32WBA55CGU6TR, STM32WBA55CGU6U, STM32WBA55CGU7, STM32WBA55CGU7TR, STM32WBA55G-DK1, STM32WBA55HEF6, STM32WBA55HEF7, STM32WBA55HGF6, STM32WBA55HGF7, STM32WBA55UEI6, STM32WBA55UEI6TR, STM32WBA55UEI7, STM32WBA55UEI7TR, STM32WBA55UGI6, STM32WBA55UGI6TR, STM32WBA55UGI7, STM32WBA55UGI7TR, STM32WBA5MMGH6TR, STM32WBA62MGF6, STM32WBA62MIF6, STM32WBA65MGF7, STM32WBA65MIF6, STM32WBA65MIF7, STM32WL30K8V6, STM32WL30KBV6, STM32WL31C8V6, STM32WL31CBV6, STM32WL31K8V6, STM32WL31KBV6, STM32WL33C8V6, STM32WL33C8V6X, STM32WL33CBV6, STM32WL33CBV6X, STM32WL33CCV6, STM32WL33CCV6A, STM32WL33CCV6X, STM32WL33K8V7, STM32WL33K8V7X, STM32WL33KBV7 , STM32WL33KBV7X, STM32WL33KCV7, STM32WL33KCV7X, STM32WL5MOCH6, STM32WL5MOCH6TR]
2025-12-04 17:50:11,046 [INFO] ApiDb:668 - CubeFinder database Data Model version=2.1
2025-12-04 17:50:11,046 [INFO] ApiDb:669 - CubeFinder database Configuration version=3.0.39
2025-12-04 17:50:11,046 [INFO] ApiDb:670 - CubeFinder database generation date=2025-11-05 (1762334721)
2025-12-04 17:50:11,046 [INFO] ApiDb:671 - CubeFinder database FW Pack versions=[FP-ATR-ASTRA1_V2.0.0, FP-SNS-FLIGHT1_V5.1.0, FP-SNS-MOTENV1_V5.1.0, FP-SNS-MOTENVWB1_V1.4.0, FP-SNS-SMARTAG2_V1.2.0, FP-SNS-STBOX1_V2.1.0, STM32Cube_FW_C0_V1.4.0, STM32Cube_FW_F4_V1.28.3, STM32Cube_FW_F7_V1.17.4, STM32Cube_FW_G0_V1.6.2, STM32Cube_FW_G4_V1.6.1, STM32Cube_FW_H5_V1.5.1, STM32Cube_FW_H7RS_V1.3.0, STM32Cube_FW_H7_V1.12.1, STM32Cube_FW_L0_V1.12.2, STM32Cube_FW_L4_V1.18.1, STM32Cube_FW_L5_V1.6.0, STM32Cube_FW_N6_V1.3.0, STM32Cube_FW_U0_V1.3.0, STM32Cube_FW_U3_V1.2.1, STM32Cube_FW_U5_V1.8.0, STM32Cube_FW_WB0_V1.4.0, STM32Cube_FW_WBA_V1.8.0, STM32Cube_FW_WB_V1.24.0, STM32Cube_FW_WL3_V1.3.0, STM32Cube_FW_WL_V1.4.0, X-CUBE-ALGOBUILD_V1.4.0, X-CUBE-ALS_V1.0.2, X-CUBE-AZRTOS-F4_V1.1.0, X-CUBE-AZRTOS-F7_V1.1.0, X-CUBE-AZRTOS-G0_V1.1.0, X-CUBE-AZRTOS-G4_V2.0.0, X-CUBE-AZRTOS-H7RS_V1.1.0, X-CUBE-AZRTOS-H7_V3.4.0, X-CUBE-AZRTOS-L4_V2.0.0, X-CUBE-AZRTOS-L5_V2.0.0, X-CUBE-AZRTOS-WB_V2.0.0, X-CUBE-AZRTOS-WL_V2.0.0, X-CUBE-BLE1_V7.1.0, X-CUBE-BLE2_V3.3.0, X-CUBE-BLEMGR_V4.1.0, X-CUBE-EEPRMA1_V5.2.0, X-CUBE-FREERTOS_V1.3.1, X-CUBE-GNSS1_V6.0.0, X-CUBE-MEMS1_V11.3.0, X-CUBE-NFC4_V3.0.0, X-CUBE-NFC7_V2.0.0, X-CUBE-SFXS2LP1_V4.0.0, X-CUBE-ST67W61_V1.1.0, X-CUBE-SUBG2_V5.0.0, X-CUBE-TOF1_V3.4.3]
2025-12-04 17:50:13,722 [INFO] ApiDb:240 - Found 880 in-development CPN: [B-G473E-ZEST1S, B-WB1M-WPAN1, B-WBA5M-WPAN, B-WL5M-SUBG1, NUCLEO-C031C6, NUCLEO-C051C8, NUCLEO-C071RB, NUCLEO-C092RC, NUCLEO-H503RB, NUCLEO-H533RE, NUCLEO-H563ZI, NUCLEO-H7S3L8, NUCLEO-N657X0-Q, NUCLEO-U031R8, NUCLEO-U083RC, NUCLEO-U385RG-Q, NUCLEO-U545RE-Q, NUCLEO-U5A5ZJ-Q, NUCLEO-WB05KZ, NUCLEO-WB07CC, NUCLEO-WB09KE, NUCLEO-WBA52CG, NUCLEO-WBA55CG, NUCLEO-WL33CC1, NUCLEO-WL33CC2, STEVAL-PROTEUS1, STEVAL-SMARTAG2, STEVAL-STWINBX1, STM320518-EVAL, STM32C0116-DK, STM32C011D6Y3TR, STM32C011D6Y6TR, STM32C011F4P3, STM32C011F4P6, STM32C011F4U3, STM32C011F4U6TR, STM32C011F6P3, STM32C011F6P6, STM32C011F6U3, STM32C011F6U6TR, STM32C011J4M3, STM32C011J4M6, STM32C011J6M3, STM32C011J6M6, STM32C0316-DK, STM32C031C4T3, STM32C031C4T6, STM32C031C4U3, STM32C031C4U6, STM32C031C6T3, STM32C031C6T6, STM32C031C6U3, STM32C031C6U6, STM32C031F4P3, STM32C031F4P6, STM32C031F6P3, STM32C031F6P6, STM32C031G4U3, STM32C031G4U6, STM32C031G6U3, STM32C031G6U6, STM32C031K4T3, STM32C031K4T6, STM32C031K4U3, STM32C031K4U6, STM32C031K6T3, STM32C031K6T6, STM32C031K6U3, STM32C031K6U6, STM32C051C6T6, STM32C051C6U6, STM32C051C8T6, STM32C051C8U6, STM32C051D8Y6TR, STM32C051F6P6, STM32C051F8P6, STM32C051G6U6, STM32C051G8U6, STM32C051K6T6, STM32C051K6U6, STM32C051K8T6, STM32C071C8T6, STM32C071C8T6N, STM32C071C8U6, STM32C071C8U6N, STM32C071CBT6, STM32C071CBT6N, STM32C071CBU6, STM32C071CBU6N, STM32C071F8P6, STM32C071F8P6N, STM32C071FBP6, STM32C071FBP6N, STM32C071FBY6TR, STM32C071G8U6, STM32C071G8U6N, STM32C071GBU6, STM32C071GBU6N, STM32C071K8T6, STM32C071K8T6N, STM32C071K8U6, STM32C071K8U6N, STM32C071KBT6, STM32C071KBT6N, STM32C071KBU6, STM32C071KBU6N, STM32C071R8T6, STM32C071R8T6N, STM32C071RBI6N, STM32C071RBT6, STM32C071RBT6N, STM32C091CBT6, STM32C091CBU6, STM32C091CCT6, STM32C091CCU6, STM32C091ECY6TR, STM32C091FBP6, STM32C091FCP6, STM32C091GBU6, STM32C091GCU6, STM32C091KBT6, STM32C091KBU6, STM32C091KCT6, STM32C091KCU6, STM32C091RBT6, STM32C091RCI6, STM32C091RCT6, STM32C092CBT6, STM32C092CBU6, STM32C092CCT6, STM32C092CCU6, STM32C092ECY6TR, STM32C092FBP6, STM32C092FCP6, STM32C092GBU6, STM32C092GCU6, STM32C092KBT6, STM32C092KBU6, STM32C092KCT6, STM32C092KCU6, STM32C092RBT6, STM32C092RCI6, STM32C092RCT6, STM32G071K8TXN, STM32G071K8UXN, STM32G081GBU6N, STM32G081KBT6N, STM32G081KBUXN, STM32G0B1CCT6N, STM32G0B1KCT6, STM32G0B1NEY6TR, STM32G0B1RCT6N, STM32G0C1CCT6, STM32G0C1CCT6N, STM32G0C1CCU6N, STM32G0C1CET6N, STM32G0C1CEU6N, STM32G0C1KCT6, STM32G0C1NEY6TR, STM32G0C1RCI6N, STM32G0C1RCT6N, STM32G0C1REI6N, STM32G0C1RET6N, STM32G0C1VCI6, STM32G0C1VEI6, STM32G411C6T3, STM32G411C6T6, STM32G411C6U3, STM32G411C6U6, STM32G411C8T3, STM32G411C8T6, STM32G411C8U3, STM32G411C8U6, STM32G411CBT3, STM32G411CBT6, STM32G411CBU3, STM32G411CBU6, STM32G411K6T3, STM32G411K6T6, STM32G411K6U3, STM32G411K6U6, STM32G411K8T3, STM32G411K8T6, STM32G411K8U3, STM32G411K8U6, STM32G411KBT3, STM32G411KBT6, STM32G411KBU3, STM32G411KBU6, STM32G411M6T3, STM32G411M6T6, STM32G411M8T3, STM32G411M8T6, STM32G411MBT3, STM32G411MBT6, STM32G411R6T3, STM32G411R6T6, STM32G411R8T3, STM32G411R8T6, STM32G411RBT3, STM32G411RBT6, STM32G414CBT3, STM32G414CBT6, STM32G414CBU3, STM32G414CBU6, STM32G414CCT3, STM32G414CCT6, STM32G414CCU3, STM32G414CCU6, STM32G414MBT3, STM32G414MBT6, STM32G414MCT3, STM32G414MCT6, STM32G414RBT3, STM32G414RBT6, STM32G414RCT3, STM32G414RCT6, STM32G414VBT3, STM32G414VBT6, STM32G414VCT3, STM32G414VCT6, STM32G431CBT3Z, STM32G431RBT3Z, STM32G471CCT6, STM32G471CCU6, STM32G471CET3, STM32G471CET6, STM32G471CEU3, STM32G471CEU6, STM32G471MCT6, STM32G471MET3, STM32G471MET6, STM32G471MEY6TR, STM32G471QCT6, STM32G471QET3, STM32G471RCT6, STM32G471RET3, STM32G471RET6, STM32G471VCH6, STM32G471VCI6, STM32G471VCT6, STM32G471VEH3, STM32G471VEH6, STM32G471VEI3, STM32G471VEI6, STM32G471VET3, STM32G471VET6, STM32G473QET3Z, STM32G473RET3Z, STM32G474CCT6, STM32G491RET3Z, STM32H503CBT6, STM32H503CBU6, STM32H503EBY6TR, STM32H503KBU6, STM32H503RBT6, STM32H523CCT6, STM32H523CCU6, STM32H523CET6, STM32H523CEU6, STM32H523HEY6TR, STM32H523RCT6, STM32H523RET6, STM32H523VCI6, STM32H523VCT6, STM32H523VEI6, STM32H523VET6, STM32H523ZCJ6, STM32H523ZCT6, STM32H523ZEJ6, STM32H523ZET6, STM32H533CET6, STM32H533CEU6, STM32H533HEY6TR, STM32H533RET6, STM32H533VEI6, STM32H533VET6, STM32H533ZEJ6, STM32H533ZET6, STM32H562AGI6, STM32H562AII6, STM32H562IGK6, STM32H562IGT6, STM32H562IIK6, STM32H562IIT6, STM32H562RGT6, STM32H562RGV6, STM32H562RIT6, STM32H562RIV6, STM32H562VGT6, STM32H562VIT6, STM32H562ZGT6, STM32H562ZIT6, STM32H563AGI6, STM32H563AII3Q, STM32H563AII6, STM32H563IGK6, STM32H563IGT6, STM32H563IIK3Q, STM32H563IIK6, STM32H563IIT3Q, STM32H563IIT6, STM32H563MIY3QTR, STM32H563RGT6, STM32H563RGV6, STM32H563RIT6, STM32H563RIV6, STM32H563VGT6, STM32H563VIT3Q, STM32H563VIT6, STM32H563ZGT6, STM32H563ZIT3Q, STM32H563ZIT6, STM32H573AII3Q, STM32H573AII6, STM32H573I-DK, STM32H573IIK3Q, STM32H573IIK6, STM32H573IIT3Q, STM32H573IIT6, STM32H573MIY3QTR, STM32H573RIT6, STM32H573RIV6, STM32H573VIT3Q, STM32H573VIT6, STM32H573ZIT3Q, STM32H573ZIT6, STM32H7R3A8I6, STM32H7R3I8K6, STM32H7R3I8T6, STM32H7R3L8H6, STM32H7R3L8H6H, STM32H7R3R8V6, STM32H7R3V8H6, STM32H7R3V8T6, STM32H7R3V8Y6TR, STM32H7R3Z8J6, STM32H7R3Z8T6, STM32H7R7A8I6, STM32H7R7I8K6, STM32H7R7I8T6, STM32H7R7L8H6, STM32H7R7L8H6H, STM32H7R7Z8J6, STM32H7S3A8I6, STM32H7S3I8K6, STM32H7S3I8T6, STM32H7S3L8H6, STM32H7S3L8H6H, STM32H7S3R8V6, STM32H7S3V8H6, STM32H7S3V8T6, STM32H7S3V8Y6TR, STM32H7S3Z8J6, STM32H7S3Z8T6, STM32H7S78-DK, STM32H7S7A8I6, STM32H7S7I8K6, STM32H7S7I8T6, STM32H7S7L8H6, STM32H7S7L8H6H, STM32H7S7Z8J6, STM32L4R5QGI6STR, STM32MP131AAE3, STM32MP131AAF3, STM32MP131AAG3, STM32MP131CAE3, STM32MP131CAF3, STM32MP131CAG3, STM32MP131DAE7, STM32MP131DAF7, STM32MP131DAG7, STM32MP131FAE7, STM32MP131FAF7, STM32MP131FAG7, STM32MP133AAE3, STM32MP133AAF3, STM32MP133AAG3, STM32MP133CAE3, STM32MP133CAF3, STM32MP133CAG3, STM32MP133DAE7, STM32MP133DAF7, STM32MP133DAG7, STM32MP133FAE7, STM32MP133FAF7, STM32MP133FAG7, STM32MP135AAE3, STM32MP135AAF3, STM32MP135AAG3, STM32MP135CAE3, STM32MP135CAF3, STM32MP135CAG3, STM32MP135DAE7, STM32MP135DAF7, STM32MP135DAG7, STM32MP135F-DK, STM32MP135FAE7, STM32MP135FAF7, STM32MP135FAF7T, STM32MP135FAF7U, STM32MP135FAG7, STM32MP211AAL3, STM32MP211AAM3, STM32MP211AAN3, STM32MP211AAO3, STM32MP211CAL3, STM32MP211CAM3, STM32MP211CAN3, STM32MP211CAO3, STM32MP211DAL3, STM32MP211DAM3, STM32MP211DAN3, STM32MP211DAO3, STM32MP211FAL3, STM32MP211FAM3, STM32MP211FAN3, STM32MP211FAO3, STM32MP213AAL3, STM32MP213AAM3, STM32MP213AAN3, STM32MP213AAO3, STM32MP213CAL3, STM32MP213CAM3, STM32MP213CAN3, STM32MP213CAO3, STM32MP213DAL3, STM32MP213DAM3, STM32MP213DAN3, STM32MP213DAO3, STM32MP213FAL3, STM32MP213FAM3, STM32MP213FAN3, STM32MP213FAO3, STM32MP215AAL3, STM32MP215AAM3, STM32MP215AAN3, STM32MP215AAO3, STM32MP215CAL3, STM32MP215CAM3, STM32MP215CAN3, STM32MP215CAO3, STM32MP215DAL3, STM32MP215DAM3, STM32MP215DAN3, STM32MP215DAO3, STM32MP215F-DK, STM32MP215FAL3, STM32MP215FAM3, STM32MP215FAN3, STM32MP215FAO3, STM32MP231AAJ3, STM32MP231AAK3, STM32MP231AAL3, STM32MP231CAJ3, STM32MP231CAK3, STM32MP231CAL3, STM32MP231DAJ3, STM32MP231DAK3, STM32MP231DAL3, STM32MP231FAJ3, STM32MP231FAK3, STM32MP231FAL3, STM32MP233AAJ3, STM32MP233AAK3, STM32MP233AAL3, STM32MP233CAJ3, STM32MP233CAK3, STM32MP233CAL3, STM32MP233DAJ3, STM32MP233DAK3, STM32MP233DAL3, STM32MP233FAJ3, STM32MP233FAK3, STM32MP233FAL3, STM32MP235AAJ3, STM32MP235AAK3, STM32MP235AAL3, STM32MP235CAJ3, STM32MP235CAK3, STM32MP235CAL3, STM32MP235DAJ3, STM32MP235DAK3, STM32MP235DAL3, STM32MP235FAJ3, STM32MP235FAK3, STM32MP235FAL3, STM32MP251AAI3, STM32MP251AAK3, STM32MP251AAL3, STM32MP251CAI3, STM32MP251CAK3, STM32MP251CAL3, STM32MP251DAI3, STM32MP251DAK3, STM32MP251DAL3, STM32MP251FAI3, STM32MP251FAK3, STM32MP251FAL3, STM32MP253AAI3, STM32MP253AAK3, STM32MP253AAL3, STM32MP253CAI3, STM32MP253CAK3, STM32MP253CAL3, STM32MP253DAI3, STM32MP253DAK3, STM32MP253DAL3, STM32MP253FAI3, STM32MP253FAK3, STM32MP253FAL3, STM32MP255AAI3, STM32MP255AAK3, STM32MP255AAL3, STM32MP255CAI3, STM32MP255CAK3, STM32MP255CAL3, STM32MP255DAI3, STM32MP255DAK3, STM32MP255DAL3, STM32MP255FAI3, STM32MP255FAK3, STM32MP255FAL3, STM32MP257AAI3, STM32MP257AAK3, STM32MP257AAL3, STM32MP257CAI3, STM32MP257CAK3, STM32MP257CAL3, STM32MP257DAI3, STM32MP257DAK3, STM32MP257DAL3, STM32MP257F-DK, STM32MP257F-EV1, STM32MP257FAI3, STM32MP257FAK3, STM32MP257FAL3, STM32N645A0H3Q, STM32N645B0H3Q, STM32N645I0H3Q, STM32N645L0H3Q, STM32N645X0H3Q, STM32N645Z0H3Q, STM32N647A0H3Q, STM32N647B0H3Q, STM32N647I0H3Q, STM32N647L0H3Q, STM32N647X0H3Q, STM32N647Z0H3Q, STM32N655A0H3Q, STM32N655B0H3Q, STM32N655I0H3Q, STM32N655L0H3Q, STM32N655X0H3Q, STM32N655Z0H3Q, STM32N6570-DK, STM32N657A0H3Q, STM32N657B0H3Q, STM32N657I0H3Q, STM32N657L0H3Q, STM32N657X0H3Q, STM32N657Z0H3Q, STM32U031C6T6, STM32U031C6U6, STM32U031C8T6, STM32U031C8U6, STM32U031F4P6, STM32U031F6P6, STM32U031F8P6, STM32U031G6Y6TR, STM32U031G8Y6TR, STM32U031K4U6, STM32U031K6U6, STM32U031K8U6, STM32U031R6I6, STM32U031R6T6, STM32U031R8I6, STM32U031R8T6, STM32U073C8T6, STM32U073C8U6, STM32U073CBT6, STM32U073CBU6, STM32U073CCT6, STM32U073CCU6, STM32U073H8Y6TR, STM32U073HBY6TR, STM32U073HCY6TR, STM32U073K8U6, STM32U073KBU6, STM32U073KCU6, STM32U073M8I6, STM32U073M8T6, STM32U073MBI6, STM32U073MBT6, STM32U073MCI6, STM32U073MCT6, STM32U073R8I6, STM32U073R8T6, STM32U073RBI6, STM32U073RBT6, STM32U073RCI6, STM32U073RCT6, STM32U083C-DK, STM32U083CCT6, STM32U083CCU6, STM32U083HCY6TR, STM32U083KCU6, STM32U083MCI6, STM32U083MCT6, STM32U083RCI6, STM32U083RCT6, STM32U375CET6, STM32U375CET6Q, STM32U375CEU6, STM32U375CEU6Q, STM32U375CEY6QTR, STM32U375CGT6, STM32U375CGT6Q, STM32U375CGU6, STM32U375CGU6Q, STM32U375CGY6QTR, STM32U375KEU6, STM32U375KGU6, STM32U375REI6, STM32U375REI6Q, STM32U375RET6, STM32U375RET6Q, STM32U375REY6GTR, STM32U375REY6QTR, STM32U375RGI6, STM32U375RGI6Q, STM32U375RGT6, STM32U375RGT6Q, STM32U375RGY6GTR, STM32U375RGY6QTR, STM32U375VEI6, STM32U375VEI6Q, STM32U375VET6, STM32U375VET6Q, STM32U375VGI6, STM32U375VGI6Q, STM32U375VGT6, STM32U375VGT6Q, STM32U385CGT6, STM32U385CGT6Q, STM32U385CGU6, STM32U385CGU6Q, STM32U385CGY6QTR, STM32U385KGU6, STM32U385RGI6, STM32U385RGI6Q, STM32U385RGT6, STM32U385RGT6Q, STM32U385RGY6GTR, STM32U385RGY6QTR, STM32U385VGI6, STM32U385VGI6Q, STM32U385VGT6, STM32U385VGT6Q, STM32U535CBT6, STM32U535CBT6Q, STM32U535CBU6, STM32U535CBU6Q, STM32U535CCT6, STM32U535CCT6Q, STM32U535CCU6, STM32U535CCU6Q, STM32U535CET6, STM32U535CET6Q, STM32U535CEU6, STM32U535CEU6Q, STM32U535JEY6QTR, STM32U535NCY6QTR, STM32U535NEY6QTR, STM32U535RBI6, STM32U535RBI6Q, STM32U535RBT6, STM32U535RBT6Q, STM32U535RCI6, STM32U535RCI6Q, STM32U535RCT6, STM32U535RCT6Q, STM32U535REI6, STM32U535REI6Q, STM32U535RET6, STM32U535RET6Q, STM32U535VCI6, STM32U535VCI6Q, STM32U535VCT6, STM32U535VCT6Q, STM32U535VEI6, STM32U535VEI6Q, STM32U535VET6, STM32U535VET6Q, STM32U545CET6, STM32U545CET6Q, STM32U545CEU6, STM32U545CEU6Q, STM32U545JEY6QTR, STM32U545NEY6QTR, STM32U545REI6, STM32U545REI6Q, STM32U545RET6, STM32U545RET6Q, STM32U545VEI6, STM32U545VEI6Q, STM32U545VET6, STM32U545VET6Q, STM32U595AIH6, STM32U595AIH6Q, STM32U595AJH6, STM32U595AJH6Q, STM32U595QII6, STM32U595QII6Q, STM32U595QJI6, STM32U595QJI6Q, STM32U595RIT6, STM32U595RIT6Q, STM32U595RJT6, STM32U595RJT6Q, STM32U595VIT6, STM32U595VIT6Q, STM32U595VJT6, STM32U595VJT6Q, STM32U595ZIT6, STM32U595ZIT6Q, STM32U595ZIY6QTR, STM32U595ZJT6, STM32U595ZJT6Q, STM32U595ZJY6QTR, STM32U599BJY6QTR, STM32U599NIH6Q, STM32U599NJH6Q, STM32U599VIT6Q, STM32U599VJT6, STM32U599VJT6Q, STM32U599ZIT6Q, STM32U599ZIY6QTR, STM32U599ZJT6Q, STM32U599ZJY6QTR, STM32U5A5AJH6, STM32U5A5AJH6Q, STM32U5A5QII3Q , STM32U5A5QJI6, STM32U5A5QJI6Q, STM32U5A5RJT6, STM32U5A5RJT6Q, STM32U5A5VJT6, STM32U5A5VJT6Q, STM32U5A5ZJT6, STM32U5A5ZJT6Q, STM32U5A5ZJY6QTR, STM32U5A9BJY6QTR, STM32U5A9J-DK, STM32U5A9NJH6Q, STM32U5A9VJT6Q, STM32U5A9ZJT6Q, STM32U5A9ZJY6QTR, STM32U5F7VIT6, STM32U5F7VIT6Q, STM32U5F7VJT6, STM32U5F7VJT6Q, STM32U5F9BJY6QTR, STM32U5F9NJH6Q, STM32U5F9VIT6Q, STM32U5F9VJT6Q, STM32U5F9ZIJ6QTR, STM32U5F9ZIT6Q, STM32U5F9ZJJ6QTR, STM32U5F9ZJT6Q, STM32U5G7VJT6, STM32U5G7VJT6Q, STM32U5G9BJY6QTR, STM32U5G9J-DK1, STM32U5G9J-DK2, STM32U5G9NJH6Q, STM32U5G9VJT6Q, STM32U5G9ZJJ6QTR, STM32U5G9ZJT6Q, STM32WB05KZV6TR, STM32WB05KZV7TR, STM32WB05TZF6TR, STM32WB05TZF7TR, STM32WB06CCF6TR, STM32WB06CCF7TR, STM32WB06CCV6TR, STM32WB06CCV7TR, STM32WB06KCV6TR, STM32WB06KCV7TR, STM32WB07CCF6TR, STM32WB07CCF7TR, STM32WB07CCV6TR, STM32WB07CCV7TR, STM32WB07KCV6TR, STM32WB07KCV7TR, STM32WB09KEV6TR, STM32WB09KEV7TR, STM32WB09TEF6TR, STM32WB09TEF7TR, STM32WB1MMCH6, STM32WBA50KGU6, STM32WBA50KGU6TR, STM32WBA52CEU6, STM32WBA52CEU6TR, STM32WBA52CEU7, STM32WBA52CEU7TR, STM32WBA52CGU6, STM32WBA52CGU6TR, STM32WBA52CGU6U, STM32WBA52CGU7, STM32WBA52CGU7TR, STM32WBA52KEU6, STM32WBA52KEU6TR, STM32WBA52KGU6, STM32WBA52KGU6TR, STM32WBA54CEU6, STM32WBA54CEU6TR, STM32WBA54CEU7, STM32WBA54CEU7TR, STM32WBA54CGU6, STM32WBA54CGU6TR, STM32WBA54CGU7, STM32WBA54CGU7TR, STM32WBA54KEU6, STM32WBA54KEU6TR, STM32WBA54KEU7, STM32WBA54KEU7TR, STM32WBA54KGU6, STM32WBA54KGU6TR, STM32WBA54KGU7, STM32WBA54KGU7TR, STM32WBA55CEU6, STM32WBA55CEU6TR, STM32WBA55CEU7, STM32WBA55CEU7TR, STM32WBA55CGU6, STM32WBA55CGU6TR, STM32WBA55CGU6U, STM32WBA55CGU7, STM32WBA55CGU7TR, STM32WBA55G-DK1, STM32WBA55HEF6, STM32WBA55HEF7, STM32WBA55HGF6, STM32WBA55HGF7, STM32WBA55UEI6, STM32WBA55UEI6TR, STM32WBA55UEI7, STM32WBA55UEI7TR, STM32WBA55UGI6, STM32WBA55UGI6TR, STM32WBA55UGI7, STM32WBA55UGI7TR, STM32WBA5MMGH6TR, STM32WBA62MGF6, STM32WBA62MIF6, STM32WBA65MGF7, STM32WBA65MIF6, STM32WBA65MIF7, STM32WL30K8V6, STM32WL30KBV6, STM32WL31C8V6, STM32WL31CBV6, STM32WL31K8V6, STM32WL31KBV6, STM32WL33C8V6, STM32WL33C8V6X, STM32WL33CBV6, STM32WL33CBV6X, STM32WL33CCV6, STM32WL33CCV6A, STM32WL33CCV6X, STM32WL33K8V7, STM32WL33K8V7X, STM32WL33KBV7 , STM32WL33KBV7X, STM32WL33KCV7, STM32WL33KCV7X, STM32WL5MOCH6, STM32WL5MOCH6TR]
2025-12-04 17:50:13,727 [INFO] DbMcus:218 - Found 4876 MCUs, 4876 are supported
2025-12-04 17:50:13,728 [INFO] ApiDb:414 - User favorites file not found: C:\Users\Ovi/.stm32cubeide/favorites.mcus.txt
2025-12-04 17:50:13,728 [INFO] DbMcus:224 - Set 0 / 0 favorites MCUs
2025-12-04 17:50:14,728 [INFO] BoardInfo:889 - No configuration file found for board P-NUCLEO-WB55
2025-12-04 17:50:14,744 [INFO] DbBoards:161 - Kit is not supported: P-NUCLEO-WB55
2025-12-04 17:50:14,755 [INFO] BoardInfo:889 - No configuration file found for board STEVAL-BFA001V1B
2025-12-04 17:50:14,757 [INFO] DbBoards:161 - Kit is not supported: STEVAL-BFA001V1B
2025-12-04 17:50:14,758 [INFO] BoardInfo:889 - No configuration file found for board STEVAL-BFA001V2B
2025-12-04 17:50:14,761 [INFO] DbBoards:161 - Kit is not supported: STEVAL-BFA001V2B
2025-12-04 17:50:15,124 [INFO] DbBoards:168 - Found 212 boards, 209 are supported
2025-12-04 17:50:15,124 [INFO] DbBoards:169 - Found 212 boards, 43 of them is supported for  Bsp
2025-12-04 17:50:15,128 [INFO] ApiDb:414 - User favorites file not found: C:\Users\Ovi/.stm32cubeide/favorites.boards.txt
2025-12-04 17:50:15,128 [INFO] DbBoards:198 - Set 0 / 0 favorites Boards
2025-12-04 17:50:15,192 [INFO] UtilMem:75 - End LoadConfig() Used Memory: 664676280 Bytes (1073741824)
2025-12-04 17:50:15,389 [WARN] ThirdParty:833 - waiting for thirdparty lock release [change project]
2025-12-04 17:50:15,389 [INFO] ThirdParty:835 - entering critical section [change project]
2025-12-04 17:50:15,389 [INFO] ThirdParty:1030 - CMSIS Pack Vendor :STMicroelectronics X-CUBE-PM33A1 1.0.0
2025-12-04 17:50:15,390 [INFO] ThirdParty:1030 - CMSIS Pack Vendor :STMicroelectronics USBPD 4.1
2025-12-04 17:50:15,390 [INFO] ThirdParty:1030 - CMSIS Pack Vendor :STMicroelectronics X-CUBE-NFC9 1.0.0
2025-12-04 17:50:15,390 [INFO] ThirdParty:1030 - CMSIS Pack Vendor :STMicroelectronics USB_HOST 2.0.0
2025-12-04 17:50:15,390 [INFO] ThirdParty:1030 - CMSIS Pack Vendor :STMicroelectronics FP-SNS-MOTENVWB1 1.4.0
2025-12-04 17:50:15,390 [INFO] ThirdParty:1030 - CMSIS Pack Vendor :STMicroelectronics X-CUBE-AZRTOS-F4 1.1.0
2025-12-04 17:50:15,390 [INFO] ThirdParty:1030 - CMSIS Pack Vendor :STMicroelectronics LIBJPEG 8.0.0
2025-12-04 17:50:15,390 [INFO] ThirdParty:1030 - CMSIS Pack Vendor :STMicroelectronics FP-ATR-ASTRA1 2.0.2
2025-12-04 17:50:15,390 [INFO] ThirdParty:1030 - CMSIS Pack Vendor :wolfSSL I-CUBE-wolfSSL 5.8.2
2025-12-04 17:50:15,390 [INFO] ThirdParty:1030 - CMSIS Pack Vendor :STMicroelectronics X-CUBE-BLE1 7.1.0
2025-12-04 17:50:15,390 [INFO] ThirdParty:1030 - CMSIS Pack Vendor :STMicroelectronics X-CUBE-SMBUS 2.1.0
2025-12-04 17:50:15,390 [INFO] ThirdParty:1030 - CMSIS Pack Vendor :wolfSSL I-CUBE-wolfMQTT 1.19.2
2025-12-04 17:50:15,390 [INFO] ThirdParty:1030 - CMSIS Pack Vendor :STMicroelectronics USB_DEVICE 3.0.0
2025-12-04 17:50:15,390 [INFO] ThirdParty:1030 - CMSIS Pack Vendor :STMicroelectronics X-CUBE-ISPU 2.1.0
2025-12-04 17:50:15,390 [INFO] ThirdParty:1030 - CMSIS Pack Vendor :STMicroelectronics X-CUBE-FREERTOS 1.4.0
2025-12-04 17:50:15,390 [INFO] ThirdParty:1030 - CMSIS Pack Vendor :STMicroelectronics X-CUBE-EEPRMA1 5.2.0
2025-12-04 17:50:15,390 [INFO] ThirdParty:1030 - CMSIS Pack Vendor :STMicroelectronics X-CUBE-IPS 3.2.0
2025-12-04 17:50:15,391 [INFO] ThirdParty:1030 - CMSIS Pack Vendor :STMicroelectronics X-CUBE-BLEMGR 4.1.0
2025-12-04 17:50:15,391 [INFO] ThirdParty:1030 - CMSIS Pack Vendor :STMicroelectronics X-CUBE-AZRTOS-WB 2.0.0
2025-12-04 17:50:15,391 [INFO] ThirdParty:1030 - CMSIS Pack Vendor :Cesanta I-CUBE-Mongoose 7.20.0
2025-12-04 17:50:15,391 [INFO] ThirdParty:1030 - CMSIS Pack Vendor :STMicroelectronics X-CUBE-NFC12 1.0.0
2025-12-04 17:50:15,391 [INFO] ThirdParty:1030 - CMSIS Pack Vendor :STMicroelectronics X-CUBE-AZRTOS-F7 1.1.0
2025-12-04 17:50:15,391 [INFO] ThirdParty:1030 - CMSIS Pack Vendor :STMicroelectronics X-CUBE-AZRTOS-L5 2.0.0
2025-12-04 17:50:15,391 [INFO] ThirdParty:1030 - CMSIS Pack Vendor :STMicroelectronics USB_DEVICE 2.0.0
2025-12-04 17:50:15,391 [INFO] ThirdParty:1030 - CMSIS Pack Vendor :STMicroelectronics X-CUBE-NFC6 3.1.0
2025-12-04 17:50:15,391 [INFO] ThirdParty:1030 - CMSIS Pack Vendor :STMicroelectronics X-CUBE-ST67W61 1.1.0
2025-12-04 17:50:15,391 [INFO] ThirdParty:1030 - CMSIS Pack Vendor :quantropi X-CUBE-qispace-sdk-base 2.1.0
2025-12-04 17:50:15,391 [INFO] ThirdParty:1030 - CMSIS Pack Vendor :STMicroelectronics X-CUBE-MEMS1 12.0.0
2025-12-04 17:50:15,391 [INFO] ThirdParty:1030 - CMSIS Pack Vendor :STMicroelectronics FP-SNS-MOTENV1 5.1.0
2025-12-04 17:50:15,392 [INFO] ThirdParty:1030 - CMSIS Pack Vendor :STMicroelectronics FreeRTOS 0.0.1
2025-12-04 17:50:15,392 [INFO] ThirdParty:1030 - CMSIS Pack Vendor :STMicroelectronics X-CUBE-AZRTOS-G0 1.1.0
2025-12-04 17:50:15,392 [INFO] ThirdParty:1030 - CMSIS Pack Vendor :STMicroelectronics X-CUBE-NFC4 3.0.0
2025-12-04 17:50:15,392 [INFO] ThirdParty:1030 - CMSIS Pack Vendor :STMicroelectronics X-CUBE-SUBG2 5.0.0
2025-12-04 17:50:15,392 [INFO] ThirdParty:1030 - CMSIS Pack Vendor :STMicroelectronics STM32_WPAN 1.0.0
2025-12-04 17:50:15,392 [INFO] ThirdParty:1030 - CMSIS Pack Vendor :EmbeddedOffice I-CUBE-FS-RTOS 1.0.1
2025-12-04 17:50:15,392 [INFO] ThirdParty:1030 - CMSIS Pack Vendor :STMicroelectronics lwIP 2.0.3
2025-12-04 17:50:15,392 [INFO] ThirdParty:1030 - CMSIS Pack Vendor :WES I-CUBE-Cesium 1.4.0
2025-12-04 17:50:15,393 [INFO] ThirdParty:1030 - CMSIS Pack Vendor :STMicroelectronics USB_HOST 1.0.0
2025-12-04 17:50:15,393 [INFO] ThirdParty:1030 - CMSIS Pack Vendor :STMicroelectronics X-CUBE-AZRTOS-G4 2.0.0
2025-12-04 17:50:15,393 [INFO] ThirdParty:1030 - CMSIS Pack Vendor :STMicroelectronics X-CUBE-WB05N 2.0.0
2025-12-04 17:50:15,393 [INFO] ThirdParty:1030 - CMSIS Pack Vendor :STMicroelectronics PDM2PCM 3.1.0
2025-12-04 17:50:15,394 [INFO] ThirdParty:1030 - CMSIS Pack Vendor :STMicroelectronics PDM2PCM 3.3.0
2025-12-04 17:50:15,394 [INFO] ThirdParty:1030 - CMSIS Pack Vendor :wolfSSL I-CUBE-wolfTPM 3.8.0
2025-12-04 17:50:15,394 [INFO] ThirdParty:1030 - CMSIS Pack Vendor :STMicroelectronics X-CUBE-AZRTOS-H7 3.4.0
2025-12-04 17:50:15,394 [INFO] ThirdParty:1030 - CMSIS Pack Vendor :STMicroelectronics X-CUBE-DISPLAY 3.0.0
2025-12-04 17:50:15,394 [INFO] ThirdParty:1030 - CMSIS Pack Vendor :wolfSSL I-CUBE-wolfSSH 1.4.20
2025-12-04 17:50:15,394 [INFO] ThirdParty:1030 - CMSIS Pack Vendor :STMicroelectronics X-CUBE-NFC7 2.0.0
2025-12-04 17:50:15,394 [INFO] ThirdParty:1030 - CMSIS Pack Vendor :STMicroelectronics X-CUBE-TCPP 4.2.0
2025-12-04 17:50:15,394 [INFO] ThirdParty:1030 - CMSIS Pack Vendor :RealThread X-CUBE-RT-Thread_Nano 4.1.1
2025-12-04 17:50:15,394 [INFO] ThirdParty:1030 - CMSIS Pack Vendor :STMicroelectronics FP-ATR-SIGFOX1 3.2.0
2025-12-04 17:50:15,394 [INFO] ThirdParty:1030 - CMSIS Pack Vendor :STMicroelectronics X-CUBE-NFC10 1.0.0
2025-12-04 17:50:15,395 [INFO] ThirdParty:1030 - CMSIS Pack Vendor :STMicroelectronics HAL Drivers 0.0.0
2025-12-04 17:50:15,395 [INFO] ThirdParty:1030 - CMSIS Pack Vendor :STMicroelectronics MBEDTLS 2.16.2
2025-12-04 17:50:15,395 [INFO] ThirdParty:1030 - CMSIS Pack Vendor :STMicroelectronics X-CUBE-ST60 1.1.0
2025-12-04 17:50:15,395 [INFO] ThirdParty:1030 - CMSIS Pack Vendor :STMicroelectronics X-CUBE-ALS 1.0.2
2025-12-04 17:50:15,395 [INFO] ThirdParty:1030 - CMSIS Pack Vendor :emotas I-CUBE-CANOPEN 1.3.0
2025-12-04 17:50:15,395 [INFO] ThirdParty:1030 - CMSIS Pack Vendor :STMicroelectronics MBEDTLS 2.14.1
2025-12-04 17:50:15,395 [INFO] ThirdParty:1030 - CMSIS Pack Vendor :STMicroelectronics X-CUBE-GNSS1 7.1.0
2025-12-04 17:50:15,395 [INFO] ThirdParty:1030 - CMSIS Pack Vendor :ITTIA_DB I-CUBE-ITTIADB 8.9.0
2025-12-04 17:50:15,395 [INFO] ThirdParty:1030 - CMSIS Pack Vendor :STMicroelectronics X-CUBE-TOUCHGFX 4.26.0
2025-12-04 17:50:15,396 [INFO] ThirdParty:1030 - CMSIS Pack Vendor :STMicroelectronics X-CUBE-STSE01 1.0.0
2025-12-04 17:50:15,396 [INFO] ThirdParty:1030 - CMSIS Pack Vendor :STMicroelectronics FP-SNS-STBOX1 2.1.0
2025-12-04 17:50:15,396 [INFO] ThirdParty:1030 - CMSIS Pack Vendor :STMicroelectronics X-CUBE-AI 10.2.0
2025-12-04 17:50:15,396 [INFO] ThirdParty:1030 - CMSIS Pack Vendor :STMicroelectronics FP-SNS-STAIOTCFT 1.0.0
2025-12-04 17:50:15,396 [INFO] ThirdParty:1030 - CMSIS Pack Vendor :STMicroelectronics ThreadX 1.0.0
2025-12-04 17:50:15,396 [INFO] ThirdParty:1030 - CMSIS Pack Vendor :STMicroelectronics FP-SNS-SMARTAG2 1.2.0
2025-12-04 17:50:15,396 [INFO] ThirdParty:1030 - CMSIS Pack Vendor :STMicroelectronics FP-SNS-FLIGHT1 5.1.0
2025-12-04 17:50:15,396 [INFO] ThirdParty:1030 - CMSIS Pack Vendor :STMicroelectronics X-CUBE-AZRTOS-WL 2.0.0
2025-12-04 17:50:15,396 [INFO] ThirdParty:1030 - CMSIS Pack Vendor :SEGGER I-CUBE-embOS 1.3.1
2025-12-04 17:50:15,397 [INFO] ThirdParty:1030 - CMSIS Pack Vendor :STMicroelectronics X-CUBE-ALGOBUILD 1.4.0
2025-12-04 17:50:15,397 [INFO] ThirdParty:1030 - CMSIS Pack Vendor :STMicroelectronics X-CUBE-DPower 1.3.0
2025-12-04 17:50:15,397 [INFO] ThirdParty:1030 - CMSIS Pack Vendor :STMicroelectronics USB_DEVICE 1.0.0
2025-12-04 17:50:15,397 [INFO] ThirdParty:1030 - CMSIS Pack Vendor :STMicroelectronics X-CUBE-AZRTOS-H7RS 1.2.0
2025-12-04 17:50:15,397 [INFO] ThirdParty:1030 - CMSIS Pack Vendor :STMicroelectronics X-CUBE-AZRTOS-L4 2.0.0
2025-12-04 17:50:15,397 [INFO] ThirdParty:1030 - CMSIS Pack Vendor :STMicroelectronics ThreadX 0.0.2
2025-12-04 17:50:15,397 [INFO] ThirdParty:1030 - CMSIS Pack Vendor :STMicroelectronics lwIP 2.1.2
2025-12-04 17:50:15,397 [INFO] ThirdParty:1030 - CMSIS Pack Vendor :STMicroelectronics X-CUBE-SFXS2LP1 4.0.0
2025-12-04 17:50:15,397 [INFO] ThirdParty:1030 - CMSIS Pack Vendor :STMicroelectronics X-CUBE-BLE2 3.3.0
2025-12-04 17:50:15,397 [INFO] ThirdParty:1030 - CMSIS Pack Vendor :Avnet-IOTCONNECT X-CUBE-iotc-st67-sdk 1.0.0
2025-12-04 17:50:15,398 [INFO] ThirdParty:1030 - CMSIS Pack Vendor :STMicroelectronics X-CUBE-TOF1 3.4.3
2025-12-04 17:50:15,398 [INFO] ThirdParty:1030 - CMSIS Pack Vendor :Infineon AIROC-Wi-Fi-Bluetooth-STM32 1.8.0
2025-12-04 17:50:15,398 [INFO] ThirdParty:1030 - CMSIS Pack Vendor :STMicroelectronics PDM2PCM 3.2.0
2025-12-04 17:50:15,398 [INFO] ThirdParty:841 - exiting critical section [change project]
2025-12-04 17:50:15,937 [INFO] PinOutPanel:1589 - setPackage(No Configuration,No Configuration)
2025-12-04 17:50:15,939 [INFO] PinOutPanel:1589 - setPackage(STM32F103C8Tx,LQFP48)
2025-12-04 17:50:16,516 [INFO] UtilMem:75 - Before build in PCC Used Memory: 764947024 Bytes (1073741824)
2025-12-04 17:50:17,545 [INFO] UtilMem:75 - After build in PCC Used Memory: 829536368 Bytes (1073741824)
2025-12-04 17:50:17,585 [INFO] IPUIPlugin:80 - create IPUIPlugin
2025-12-04 17:50:17,585 [INFO] IPUIPlugin:80 - create IPUIPlugin
2025-12-04 17:50:17,585 [INFO] IPUIPlugin:80 - create IPUIPlugin
2025-12-04 17:50:17,586 [INFO] IPUIPlugin:80 - create IPUIPlugin
2025-12-04 17:50:17,586 [INFO] IPUIPlugin:80 - create IPUIPlugin
2025-12-04 17:50:17,586 [INFO] IPUIPlugin:80 - create IPUIPlugin
2025-12-04 17:50:17,586 [INFO] IPUIPlugin:80 - create IPUIPlugin
2025-12-04 17:50:17,587 [INFO] IPUIPlugin:80 - create IPUIPlugin
2025-12-04 17:50:17,587 [INFO] IPUIPlugin:80 - create IPUIPlugin
2025-12-04 17:50:17,587 [INFO] IPUIPlugin:80 - create IPUIPlugin
2025-12-04 17:50:17,587 [INFO] IPUIPlugin:80 - create IPUIPlugin
2025-12-04 17:50:17,587 [INFO] IPUIPlugin:80 - create IPUIPlugin
2025-12-04 17:50:17,588 [INFO] IPUIPlugin:80 - create IPUIPlugin
2025-12-04 17:50:17,588 [INFO] IPUIPlugin:80 - create IPUIPlugin
2025-12-04 17:50:17,588 [INFO] IPUIPlugin:80 - create IPUIPlugin
2025-12-04 17:50:17,588 [INFO] IPUIPlugin:80 - create IPUIPlugin
2025-12-04 17:50:17,589 [INFO] IPUIPlugin:80 - create IPUIPlugin
2025-12-04 17:50:17,589 [INFO] IPUIPlugin:80 - create IPUIPlugin
2025-12-04 17:50:17,589 [INFO] IPUIPlugin:80 - create IPUIPlugin
2025-12-04 17:50:17,590 [INFO] IPUIPlugin:80 - create IPUIPlugin
2025-12-04 17:50:17,590 [INFO] IPUIPlugin:80 - create IPUIPlugin
2025-12-04 17:50:17,590 [INFO] IPUIPlugin:80 - create IPUIPlugin
2025-12-04 17:50:17,591 [INFO] IPUIPlugin:80 - create IPUIPlugin
2025-12-04 17:50:17,591 [INFO] IPUIPlugin:80 - create IPUIPlugin
2025-12-04 17:50:17,591 [INFO] IPUIPlugin:80 - create IPUIPlugin
2025-12-04 17:50:17,591 [INFO] IPUIPlugin:80 - create IPUIPlugin
2025-12-04 17:50:17,592 [INFO] IPUIPlugin:80 - create IPUIPlugin
2025-12-04 17:50:17,616 [INFO] Can:71 - Can Add PropertyChangeListener com.st.microxplorer.plugins.ip.can.Can@40183659
2025-12-04 17:50:17,925 [INFO] CADModel:165 - CPN selected for project levelSTM32F103C8T6
2025-12-04 17:50:17,926 [INFO] CADModel:114 - Register for checkConnection events
2025-12-04 17:50:17,986 [INFO] OpenFileManager:386 - Restore cursor
2025-12-04 17:50:33,991 [INFO] ADCParametersView:116 -                Rank 1 : false
2025-12-04 17:50:34,090 [INFO] ADCParametersView:116 -                Rank 1 : false
2025-12-04 17:50:34,090 [INFO] ADCParametersView:116 -                Rank 1 : false
2025-12-04 17:50:34,090 [INFO] ADCParametersView:116 -                Rank 1 : false
2025-12-04 17:50:34,091 [INFO] ADCParametersView:116 -                Rank 1 : false
2025-12-04 17:50:34,091 [INFO] ADCParametersView:116 -                Rank 1 : false
2025-12-04 17:50:34,091 [INFO] ADCParametersView:116 -                Rank 1 : false
2025-12-04 17:50:34,092 [INFO] ADCParametersView:116 -                Rank 1 : false
2025-12-04 17:50:34,092 [INFO] ADCParametersView:116 -                Rank 1 : false
2025-12-04 17:50:34,093 [INFO] ADCParametersView:116 -                Rank 1 : false
2025-12-04 17:50:34,093 [INFO] ADCParametersView:116 -                Rank 1 : false
2025-12-04 17:50:34,101 [INFO] ADCParametersView:116 -                Rank 1 : false
2025-12-04 17:51:33,458 [INFO] NvicIntPanel:101 - NVIC parent = com.st.microxplorer.plugins.ip.nvic.MultiNvicIntPanel[,0,0,0x0,invalid,layout=javax.swing.BoxLayout,alignmentX=0.0,alignmentY=0.0,border=,flags=9,maximumSize=,minimumSize=,preferredSize=]
2025-12-04 17:51:33,522 [INFO] ADCParametersView:116 -                Rank 1 : false
2025-12-04 17:51:33,526 [INFO] ADCParametersView:116 -                Rank 1 : false
2025-12-04 17:51:33,526 [INFO] ADCParametersView:116 -                Rank 1 : false
2025-12-04 17:51:33,526 [INFO] ADCParametersView:116 -                Rank 1 : false
2025-12-04 17:51:33,527 [INFO] ADCParametersView:116 -                Rank 1 : false
2025-12-04 17:51:33,527 [INFO] ADCParametersView:116 -                Rank 1 : false
2025-12-04 17:51:33,527 [INFO] ADCParametersView:116 -                Rank 1 : false
2025-12-04 17:51:33,527 [INFO] ADCParametersView:116 -                Rank 1 : false
2025-12-04 17:51:33,527 [INFO] ADCParametersView:116 -                Rank 1 : false
2025-12-04 17:51:33,527 [INFO] ADCParametersView:116 -                Rank 1 : false
2025-12-04 17:51:33,536 [INFO] ADCParametersView:116 -                Rank 1 : false
2025-12-04 17:51:36,601 [INFO] NvicIntPanel:101 - NVIC parent = com.st.microxplorer.plugins.ip.nvic.MultiNvicIntPanel[,0,0,0x0,invalid,layout=javax.swing.BoxLayout,alignmentX=0.0,alignmentY=0.0,border=,flags=9,maximumSize=,minimumSize=,preferredSize=]
2025-12-04 17:51:36,657 [INFO] ADCParametersView:116 -                Rank 1 : false
2025-12-04 17:51:36,661 [INFO] ADCParametersView:116 -                Rank 1 : false
2025-12-04 17:51:36,662 [INFO] ADCParametersView:116 -                Rank 1 : false
2025-12-04 17:51:36,662 [INFO] ADCParametersView:116 -                Rank 1 : false
2025-12-04 17:51:36,662 [INFO] ADCParametersView:116 -                Rank 1 : false
2025-12-04 17:51:36,663 [INFO] ADCParametersView:116 -                Rank 1 : false
2025-12-04 17:51:36,663 [INFO] ADCParametersView:116 -                Rank 1 : false
2025-12-04 17:51:36,663 [INFO] ADCParametersView:116 -                Rank 1 : false
2025-12-04 17:51:36,663 [INFO] ADCParametersView:116 -                Rank 1 : false
2025-12-04 17:51:36,663 [INFO] ADCParametersView:116 -                Rank 1 : false
2025-12-04 17:51:36,670 [INFO] ADCParametersView:116 -                Rank 1 : false
2025-12-04 17:51:38,648 [INFO] UtilMem:75 - End SaveConfig() Used Memory: 848308976 Bytes (1073741824)
2025-12-04 17:51:40,203 [INFO] UtilMem:75 - End SaveConfig() Used Memory: 868231920 Bytes (1073741824)
2025-12-04 17:51:41,809 [INFO] LogOutputStream:77 - [STDOUT_REDIRECT] This download action requires prior login. To proceed, please use the 'login' command with your my.st.com account email and password.
2025-12-04 17:51:41,812 [INFO] LogOutputStream:77 - [STDOUT_REDIRECT] Run 'login <email> <password> <remember_me>' for example 'login john.smith@st.com mypassword y'.
2025-12-04 17:51:41,814 [INFO] LogOutputStream:77 - [STDOUT_REDIRECT] If you do not have a my.st.com account, please visit https://st.com website to create one.
2025-12-04 17:51:56,036 [INFO] LogOutputStream:77 - [STDOUT_REDIRECT] This download action requires prior login. To proceed, please use the 'login' command with your my.st.com account email and password.
2025-12-04 17:51:56,036 [INFO] LogOutputStream:77 - [STDOUT_REDIRECT] Run 'login <email> <password> <remember_me>' for example 'login john.smith@st.com mypassword y'.
2025-12-04 17:51:56,036 [INFO] LogOutputStream:77 - [STDOUT_REDIRECT] If you do not have a my.st.com account, please visit https://st.com website to create one.
2025-12-04 18:23:12,552 [INFO] MainUpdater:2872 - connection check result : 10
2025-12-04 18:23:12,894 [INFO] McuFinderGlobals:76 - Set McuFinderConnectedMode to true
2025-12-04 18:23:12,904 [INFO] MultiScanPanel:200 - Auto-refresh data requested => check proxy status ongoing
2025-12-04 18:23:12,907 [INFO] FinderPluginLoader:96 - Searching for filters in installed packs
2025-12-04 18:23:14,601 [INFO] LoadUrlFilesThread:185 - End of LoadServerUrlFiles without Thread
2025-12-04 18:23:14,643 [INFO] DetailPanel:341 - Set advertising image to C:/Users/Ovi/STM32Cube/Repository/\en.mcu-finder-preevent.jpg
2025-12-04 18:24:44,441 [INFO] MainUpdater:2872 - connection check result : 10
2025-12-04 18:24:44,441 [INFO] MainUpdater:2872 - connection check result : 10
2025-12-04 18:24:44,546 [INFO] MicroXplorer:468 - Change Database Path : 
2025-12-04 18:24:44,547 [INFO] MicroXplorer:498 - Change Database Version : DB.6.0.150
2025-12-04 18:24:44,586 [ERROR] ProjectManagerView:395 - 
java.lang.NullPointerException: Cannot invoke "javax.swing.JTextField.getText()" because the return value of "java.util.List.get(int)" is null
	at com.st.microxplorer.plugins.projectmanager.gui.ProjectChoiceTab$9.caretUpdate(ProjectChoiceTab.java:2706) ~[filemanager.jar:?]
	at javax.swing.text.JTextComponent.fireCaretUpdate(JTextComponent.java:408) ~[?:?]
	at javax.swing.text.JTextComponent$MutableCaretEvent.fire(JTextComponent.java:4484) ~[?:?]
	at javax.swing.text.JTextComponent$MutableCaretEvent.stateChanged(JTextComponent.java:4506) ~[?:?]
	at javax.swing.text.DefaultCaret.fireStateChanged(DefaultCaret.java:857) ~[?:?]
	at javax.swing.text.DefaultCaret.changeCaretPosition(DefaultCaret.java:1343) ~[?:?]
	at javax.swing.text.DefaultCaret.handleSetDot(DefaultCaret.java:1242) ~[?:?]
	at javax.swing.text.DefaultCaret.setDot(DefaultCaret.java:1223) ~[?:?]
	at javax.swing.text.DefaultCaret$Handler.insertUpdate(DefaultCaret.java:1819) ~[?:?]
	at javax.swing.text.AbstractDocument.fireInsertUpdate(AbstractDocument.java:227) ~[?:?]
	at javax.swing.text.AbstractDocument.handleInsertString(AbstractDocument.java:781) ~[?:?]
	at javax.swing.text.AbstractDocument.insertString(AbstractDocument.java:740) ~[?:?]
	at javax.swing.text.PlainDocument.insertString(PlainDocument.java:131) ~[?:?]
	at javax.swing.text.AbstractDocument.replace(AbstractDocument.java:699) ~[?:?]
	at javax.swing.text.JTextComponent.setText(JTextComponent.java:1725) ~[?:?]
	at com.st.microxplorer.plugins.projectmanager.gui.ProjectChoiceTab.createHeapStackFields(ProjectChoiceTab.java:993) ~[filemanager.jar:?]
	at com.st.microxplorer.plugins.projectmanager.gui.ProjectChoiceTab.buildLinkSettingsPanel(ProjectChoiceTab.java:3813) ~[filemanager.jar:?]
	at com.st.microxplorer.plugins.projectmanager.gui.ProjectChoiceTab.defineWindowsFields(ProjectChoiceTab.java:1987) ~[filemanager.jar:?]
	at com.st.microxplorer.plugins.projectmanager.gui.ProjectChoiceTab.updateSettings(ProjectChoiceTab.java:558) ~[filemanager.jar:?]
	at com.st.microxplorer.plugins.projectmanager.gui.ProjectSettingsPanel.UpdateDialog(ProjectSettingsPanel.java:247) ~[filemanager.jar:?]
	at com.st.microxplorer.plugins.projectmanager.ProjectManagerView.propertyChange(ProjectManagerView.java:392) ~[filemanager.jar:?]
	at java.beans.PropertyChangeSupport.fire(PropertyChangeSupport.java:343) ~[?:?]
	at java.beans.PropertyChangeSupport.firePropertyChange(PropertyChangeSupport.java:335) ~[?:?]
	at java.beans.PropertyChangeSupport.firePropertyChange(PropertyChangeSupport.java:268) ~[?:?]
	at com.st.microxplorer.util.MXPropertyChangeSupport.firePropertyChange(MXPropertyChangeSupport.java:54) ~[STM32CubeMX.jar:?]
	at com.st.microxplorer.mxsystem.MxSystem.closeConfig(MxSystem.java:899) ~[STM32CubeMX.jar:?]
	at com.st.microxplorer.maingui.MainPanel.closeConfig(MainPanel.java:792) ~[STM32CubeMX.jar:?]
	at com.st.microxplorer.plugins.filemanager.engine.OpenFileManager.loadConfigurationFile(OpenFileManager.java:288) ~[filemanager.jar:?]
	at com.st.microxplorer.plugins.filemanager.engine.MainFileManager.userLoadConfig(MainFileManager.java:364) ~[filemanager.jar:?]
	at com.st.microxplorer.plugins.filemanager.engine.MainFileManager.userLoadConfig(MainFileManager.java:342) ~[filemanager.jar:?]
	at com.st.microxplorer.plugins.filemanager.FileManagerView.getSpecificTask(FileManagerView.java:264) ~[filemanager.jar:?]
	at com.st.stm32cube.common.mx.editor.CubeMxEditor.getMxTabbedPaneInstance(CubeMxEditor.java:1198) ~[com.st.stm32cube.common.mx_6.15.0.202507011659/:?]
	at com.st.stm32cube.common.mx.editor.CubeMxEditor$12$1.createSwingComponent(CubeMxEditor.java:1068) ~[com.st.stm32cube.common.mx_6.15.0.202507011659/:?]
	at com.st.stm32cube.common.mx.oss.core.awtswtbridge.EmbeddedSwingComposite.doComponentCreation(EmbeddedSwingComposite.java:492) ~[com.st.stm32cube.common.mx.oss_6.15.0.202507011659/:?]
	at com.st.stm32cube.common.mx.oss.core.awtswtbridge.EmbeddedSwingComposite$4.run(EmbeddedSwingComposite.java:291) ~[com.st.stm32cube.common.mx.oss_6.15.0.202507011659/:?]
	at com.st.stm32cube.common.mx.oss.core.awtswtbridge.AwtEnvironment$2.run(AwtEnvironment.java:166) ~[com.st.stm32cube.common.mx.oss_6.15.0.202507011659/:?]
	at java.awt.event.InvocationEvent.dispatch(InvocationEvent.java:318) ~[?:?]
	at java.awt.EventQueue.dispatchEventImpl(EventQueue.java:773) ~[?:?]
	at java.awt.EventQueue$4.run(EventQueue.java:720) ~[?:?]
	at java.awt.EventQueue$4.run(EventQueue.java:714) ~[?:?]
	at java.security.AccessController.doPrivileged(AccessController.java:400) ~[?:?]
	at java.security.ProtectionDomain$JavaSecurityAccessImpl.doIntersectionPrivilege(ProtectionDomain.java:87) ~[?:?]
	at java.awt.EventQueue.dispatchEvent(EventQueue.java:742) ~[?:?]
	at java.awt.EventDispatchThread.pumpOneEventForFilters(EventDispatchThread.java:203) ~[?:?]
	at java.awt.EventDispatchThread.pumpEventsForFilter(EventDispatchThread.java:124) ~[?:?]
	at java.awt.EventDispatchThread.pumpEventsForHierarchy(EventDispatchThread.java:113) ~[?:?]
	at java.awt.EventDispatchThread.pumpEvents(EventDispatchThread.java:109) ~[?:?]
	at java.awt.EventDispatchThread.pumpEvents(EventDispatchThread.java:101) ~[?:?]
	at java.awt.EventDispatchThread.run(EventDispatchThread.java:90) ~[?:?]
2025-12-04 18:24:44,601 [WARN] ThirdParty:871 - waiting for thirdparty lock release [close project]
2025-12-04 18:24:44,602 [INFO] ThirdParty:873 - entering critical section [close project]
2025-12-04 18:24:44,602 [INFO] ThirdParty:883 - exiting critical section [close project]
2025-12-04 18:24:44,605 [INFO] PinOutPanel:1589 - setPackage(No Configuration,No Configuration)
2025-12-04 18:24:44,617 [INFO] UtilMem:75 - Begin LoadConfig() Used Memory: 820618560 Bytes (1073741824)
2025-12-04 18:24:44,618 [INFO] MicroXplorer:468 - Change Database Path : 
2025-12-04 18:24:44,618 [INFO] MicroXplorer:498 - Change Database Version : DB.6.0.150
2025-12-04 18:24:44,618 [INFO] OpenFileManager:355 - Change cursor
2025-12-04 18:24:44,666 [INFO] RulesReader:64 - Compatibility file has been processed (317 Rules)
2025-12-04 18:24:44,702 [INFO] Mcu:2029 - Initializing MCU STM32F103C8Tx STM32F103C8Tx STM32F103C8T6
2025-12-04 18:24:45,760 [INFO] Context:786 - Trying to add GPIOservice into a context  which must be forbidden
2025-12-04 18:24:46,121 [INFO] ImportTextPane:234 - (OptionalMessage_ERROR) Unable to find key (Mcu.ThirdPartyNb) in loaded IOC file
2025-12-04 18:24:46,121 [INFO] ImportTextPane:234 - (OptionalMessage_ERROR) Unable to find key (Mcu.PinsNb) in loaded IOC file
2025-12-04 18:24:46,122 [INFO] ImportTextPane:234 - (OptionalMessage_ERROR) Pin0 (VP_RIF_VS_RIF1) cannot be retrieved for this MCU
2025-12-04 18:24:46,122 [INFO] ImportTextPane:234 - (OptionalMessage_ERROR) Unable to find key (Mcu.IPNb) in loaded IOC file
2025-12-04 18:24:46,359 [INFO] RtosManager:558 - Registered RTOS mode: class=CMSIS, group=RTOS, mode=CMSIS_V1, owner=FREERTOS
2025-12-04 18:24:46,359 [INFO] RtosManager:558 - Registered RTOS mode: class=CMSIS, group=RTOS2, mode=CMSIS_V2, owner=FREERTOS
2025-12-04 18:24:46,359 [INFO] RtosManager:558 - Registered RTOS mode: class=RTOS, group=Core, mode=CMSIS_V1, owner=FREERTOS
2025-12-04 18:24:46,359 [INFO] RtosManager:558 - Registered RTOS mode: class=RTOS, group=Core, mode=CMSIS_V2, owner=FREERTOS
2025-12-04 18:24:46,359 [WARN] ModelIntegratedComponent:184 - Missing modes for component STMicroelectronics:FreeRTOS:0.0.1:STMicroelectronics:RTOS:FreeRTOS:Core:::10.2.0:
2025-12-04 18:24:46,368 [WARN] ModelIntegratedComponent:63 - No mode defined for component null
2025-12-04 18:24:46,368 [WARN] ModelIntegratedComponent:63 - No mode defined for component null
2025-12-04 18:24:46,368 [WARN] ModelIntegratedComponent:63 - No mode defined for component null
2025-12-04 18:24:46,369 [WARN] ModelIntegratedComponent:63 - No mode defined for component null
2025-12-04 18:24:46,369 [WARN] ModelIntegratedComponent:63 - No mode defined for component null
2025-12-04 18:24:46,369 [WARN] ModelIntegratedComponent:63 - No mode defined for component null
2025-12-04 18:24:46,369 [WARN] ModelIntegratedComponent:63 - No mode defined for component null
2025-12-04 18:24:46,369 [WARN] ModelIntegratedComponent:63 - No mode defined for component null
2025-12-04 18:24:46,369 [WARN] ModelIntegratedComponent:63 - No mode defined for component null
2025-12-04 18:24:46,369 [WARN] ModelIntegratedComponent:63 - No mode defined for component null
2025-12-04 18:24:46,369 [WARN] ModelIntegratedComponent:63 - No mode defined for component null
2025-12-04 18:24:46,369 [WARN] ModelIntegratedComponent:63 - No mode defined for component null
2025-12-04 18:24:46,369 [WARN] ModelIntegratedComponent:63 - No mode defined for component null
2025-12-04 18:24:46,369 [WARN] ModelIntegratedComponent:63 - No mode defined for component null
2025-12-04 18:24:46,369 [WARN] ModelIntegratedComponent:63 - No mode defined for component null
2025-12-04 18:24:46,369 [WARN] ModelIntegratedComponent:63 - No mode defined for component null
2025-12-04 18:24:46,369 [WARN] ModelIntegratedComponent:63 - No mode defined for component null
2025-12-04 18:24:46,369 [WARN] ModelIntegratedComponent:63 - No mode defined for component null
2025-12-04 18:24:46,369 [WARN] ModelIntegratedComponent:63 - No mode defined for component null
2025-12-04 18:24:46,369 [WARN] ModelIntegratedComponent:63 - No mode defined for component null
2025-12-04 18:24:46,369 [WARN] ModelIntegratedComponent:63 - No mode defined for component null
2025-12-04 18:24:46,369 [WARN] ModelIntegratedComponent:63 - No mode defined for component null
2025-12-04 18:24:46,370 [WARN] ModelIntegratedComponent:63 - No mode defined for component null
2025-12-04 18:24:46,370 [WARN] ModelIntegratedComponent:63 - No mode defined for component null
2025-12-04 18:24:46,370 [WARN] ModelIntegratedComponent:63 - No mode defined for component null
2025-12-04 18:24:46,370 [WARN] ModelIntegratedComponent:63 - No mode defined for component null
2025-12-04 18:24:46,370 [WARN] ModelIntegratedComponent:63 - No mode defined for component null
2025-12-04 18:24:46,370 [WARN] ModelIntegratedComponent:63 - No mode defined for component null
2025-12-04 18:24:46,370 [WARN] ModelIntegratedComponent:63 - No mode defined for component null
2025-12-04 18:24:46,370 [WARN] ModelIntegratedComponent:63 - No mode defined for component null
2025-12-04 18:24:46,370 [WARN] ModelIntegratedComponent:63 - No mode defined for component null
2025-12-04 18:24:46,370 [WARN] ModelIntegratedComponent:63 - No mode defined for component null
2025-12-04 18:24:46,370 [WARN] ModelIntegratedComponent:63 - No mode defined for component null
2025-12-04 18:24:46,371 [WARN] ModelIntegratedComponent:63 - No mode defined for component null
2025-12-04 18:24:46,371 [WARN] ModelIntegratedComponent:63 - No mode defined for component null
2025-12-04 18:24:46,371 [WARN] ModelPack:524 - Component already loaded: STMicroelectronics:HAL Drivers:0.0.0:STMicroelectronics:Device:STMicro_Driver:XSPI:HAL::0.0.1:HAL_XSPI
2025-12-04 18:24:46,394 [INFO] ThirdPartyModel:298 - Start build external matchings
2025-12-04 18:24:47,000 [INFO] ThirdPartyModel:316 - End build external matchings
2025-12-04 18:24:47,244 [INFO] UtilMem:75 - End LoadConfig() Used Memory: 891952216 Bytes (1073741824)
2025-12-04 18:24:47,268 [WARN] ThirdParty:833 - waiting for thirdparty lock release [change project]
2025-12-04 18:24:47,269 [INFO] ThirdParty:835 - entering critical section [change project]
2025-12-04 18:24:47,269 [INFO] ThirdParty:1030 - CMSIS Pack Vendor :STMicroelectronics X-CUBE-PM33A1 1.0.0
2025-12-04 18:24:47,269 [INFO] ThirdParty:1030 - CMSIS Pack Vendor :STMicroelectronics USBPD 4.1
2025-12-04 18:24:47,269 [INFO] ThirdParty:1030 - CMSIS Pack Vendor :STMicroelectronics X-CUBE-NFC9 1.0.0
2025-12-04 18:24:47,269 [INFO] ThirdParty:1030 - CMSIS Pack Vendor :STMicroelectronics USB_HOST 2.0.0
2025-12-04 18:24:47,269 [INFO] ThirdParty:1030 - CMSIS Pack Vendor :STMicroelectronics FP-SNS-MOTENVWB1 1.4.0
2025-12-04 18:24:47,270 [INFO] ThirdParty:1030 - CMSIS Pack Vendor :STMicroelectronics X-CUBE-AZRTOS-F4 1.1.0
2025-12-04 18:24:47,270 [INFO] ThirdParty:1030 - CMSIS Pack Vendor :STMicroelectronics LIBJPEG 8.0.0
2025-12-04 18:24:47,270 [INFO] ThirdParty:1030 - CMSIS Pack Vendor :STMicroelectronics FP-ATR-ASTRA1 2.0.2
2025-12-04 18:24:47,270 [INFO] ThirdParty:1030 - CMSIS Pack Vendor :wolfSSL I-CUBE-wolfSSL 5.8.2
2025-12-04 18:24:47,270 [INFO] ThirdParty:1030 - CMSIS Pack Vendor :STMicroelectronics X-CUBE-BLE1 7.1.0
2025-12-04 18:24:47,270 [INFO] ThirdParty:1030 - CMSIS Pack Vendor :STMicroelectronics X-CUBE-SMBUS 2.1.0
2025-12-04 18:24:47,270 [INFO] ThirdParty:1030 - CMSIS Pack Vendor :wolfSSL I-CUBE-wolfMQTT 1.19.2
2025-12-04 18:24:47,270 [INFO] ThirdParty:1030 - CMSIS Pack Vendor :STMicroelectronics USB_DEVICE 3.0.0
2025-12-04 18:24:47,271 [INFO] ThirdParty:1030 - CMSIS Pack Vendor :STMicroelectronics X-CUBE-ISPU 2.1.0
2025-12-04 18:24:47,271 [INFO] ThirdParty:1030 - CMSIS Pack Vendor :STMicroelectronics X-CUBE-FREERTOS 1.4.0
2025-12-04 18:24:47,271 [INFO] ThirdParty:1030 - CMSIS Pack Vendor :STMicroelectronics X-CUBE-EEPRMA1 5.2.0
2025-12-04 18:24:47,271 [INFO] ThirdParty:1030 - CMSIS Pack Vendor :STMicroelectronics X-CUBE-IPS 3.2.0
2025-12-04 18:24:47,272 [INFO] ThirdParty:1030 - CMSIS Pack Vendor :STMicroelectronics X-CUBE-BLEMGR 4.1.0
2025-12-04 18:24:47,272 [INFO] ThirdParty:1030 - CMSIS Pack Vendor :STMicroelectronics X-CUBE-AZRTOS-WB 2.0.0
2025-12-04 18:24:47,272 [INFO] ThirdParty:1030 - CMSIS Pack Vendor :Cesanta I-CUBE-Mongoose 7.20.0
2025-12-04 18:24:47,272 [INFO] ThirdParty:1030 - CMSIS Pack Vendor :STMicroelectronics X-CUBE-NFC12 1.0.0
2025-12-04 18:24:47,272 [INFO] ThirdParty:1030 - CMSIS Pack Vendor :STMicroelectronics X-CUBE-AZRTOS-F7 1.1.0
2025-12-04 18:24:47,272 [INFO] ThirdParty:1030 - CMSIS Pack Vendor :STMicroelectronics X-CUBE-AZRTOS-L5 2.0.0
2025-12-04 18:24:47,272 [INFO] ThirdParty:1030 - CMSIS Pack Vendor :STMicroelectronics USB_DEVICE 2.0.0
2025-12-04 18:24:47,272 [INFO] ThirdParty:1030 - CMSIS Pack Vendor :STMicroelectronics X-CUBE-NFC6 3.1.0
2025-12-04 18:24:47,272 [INFO] ThirdParty:1030 - CMSIS Pack Vendor :STMicroelectronics X-CUBE-ST67W61 1.1.0
2025-12-04 18:24:47,273 [INFO] ThirdParty:1030 - CMSIS Pack Vendor :quantropi X-CUBE-qispace-sdk-base 2.1.0
2025-12-04 18:24:47,273 [INFO] ThirdParty:1030 - CMSIS Pack Vendor :STMicroelectronics X-CUBE-MEMS1 12.0.0
2025-12-04 18:24:47,273 [INFO] ThirdParty:1030 - CMSIS Pack Vendor :STMicroelectronics FP-SNS-MOTENV1 5.1.0
2025-12-04 18:24:47,273 [INFO] ThirdParty:1030 - CMSIS Pack Vendor :STMicroelectronics FreeRTOS 0.0.1
2025-12-04 18:24:47,273 [INFO] ThirdParty:1030 - CMSIS Pack Vendor :STMicroelectronics X-CUBE-AZRTOS-G0 1.1.0
2025-12-04 18:24:47,273 [INFO] ThirdParty:1030 - CMSIS Pack Vendor :STMicroelectronics X-CUBE-NFC4 3.0.0
2025-12-04 18:24:47,273 [INFO] ThirdParty:1030 - CMSIS Pack Vendor :STMicroelectronics X-CUBE-SUBG2 5.0.0
2025-12-04 18:24:47,273 [INFO] ThirdParty:1030 - CMSIS Pack Vendor :STMicroelectronics STM32_WPAN 1.0.0
2025-12-04 18:24:47,273 [INFO] ThirdParty:1030 - CMSIS Pack Vendor :EmbeddedOffice I-CUBE-FS-RTOS 1.0.1
2025-12-04 18:24:47,274 [INFO] ThirdParty:1030 - CMSIS Pack Vendor :STMicroelectronics lwIP 2.0.3
2025-12-04 18:24:47,274 [INFO] ThirdParty:1030 - CMSIS Pack Vendor :WES I-CUBE-Cesium 1.4.0
2025-12-04 18:24:47,274 [INFO] ThirdParty:1030 - CMSIS Pack Vendor :STMicroelectronics USB_HOST 1.0.0
2025-12-04 18:24:47,274 [INFO] ThirdParty:1030 - CMSIS Pack Vendor :STMicroelectronics X-CUBE-AZRTOS-G4 2.0.0
2025-12-04 18:24:47,274 [INFO] ThirdParty:1030 - CMSIS Pack Vendor :STMicroelectronics X-CUBE-WB05N 2.0.0
2025-12-04 18:24:47,274 [INFO] ThirdParty:1030 - CMSIS Pack Vendor :STMicroelectronics PDM2PCM 3.1.0
2025-12-04 18:24:47,275 [INFO] ThirdParty:1030 - CMSIS Pack Vendor :STMicroelectronics PDM2PCM 3.3.0
2025-12-04 18:24:47,275 [INFO] ThirdParty:1030 - CMSIS Pack Vendor :wolfSSL I-CUBE-wolfTPM 3.8.0
2025-12-04 18:24:47,275 [INFO] ThirdParty:1030 - CMSIS Pack Vendor :STMicroelectronics X-CUBE-AZRTOS-H7 3.4.0
2025-12-04 18:24:47,275 [INFO] ThirdParty:1030 - CMSIS Pack Vendor :STMicroelectronics X-CUBE-DISPLAY 3.0.0
2025-12-04 18:24:47,275 [INFO] ThirdParty:1030 - CMSIS Pack Vendor :wolfSSL I-CUBE-wolfSSH 1.4.20
2025-12-04 18:24:47,275 [INFO] ThirdParty:1030 - CMSIS Pack Vendor :STMicroelectronics X-CUBE-NFC7 2.0.0
2025-12-04 18:24:47,275 [INFO] ThirdParty:1030 - CMSIS Pack Vendor :STMicroelectronics X-CUBE-TCPP 4.2.0
2025-12-04 18:24:47,275 [INFO] ThirdParty:1030 - CMSIS Pack Vendor :RealThread X-CUBE-RT-Thread_Nano 4.1.1
2025-12-04 18:24:47,275 [INFO] ThirdParty:1030 - CMSIS Pack Vendor :STMicroelectronics FP-ATR-SIGFOX1 3.2.0
2025-12-04 18:24:47,275 [INFO] ThirdParty:1030 - CMSIS Pack Vendor :STMicroelectronics X-CUBE-NFC10 1.0.0
2025-12-04 18:24:47,275 [INFO] ThirdParty:1030 - CMSIS Pack Vendor :STMicroelectronics HAL Drivers 0.0.0
2025-12-04 18:24:47,275 [INFO] ThirdParty:1030 - CMSIS Pack Vendor :STMicroelectronics MBEDTLS 2.16.2
2025-12-04 18:24:47,276 [INFO] ThirdParty:1030 - CMSIS Pack Vendor :STMicroelectronics X-CUBE-ST60 1.1.0
2025-12-04 18:24:47,276 [INFO] ThirdParty:1030 - CMSIS Pack Vendor :STMicroelectronics X-CUBE-ALS 1.0.2
2025-12-04 18:24:47,276 [INFO] ThirdParty:1030 - CMSIS Pack Vendor :emotas I-CUBE-CANOPEN 1.3.0
2025-12-04 18:24:47,276 [INFO] ThirdParty:1030 - CMSIS Pack Vendor :STMicroelectronics MBEDTLS 2.14.1
2025-12-04 18:24:47,276 [INFO] ThirdParty:1030 - CMSIS Pack Vendor :STMicroelectronics X-CUBE-GNSS1 7.1.0
2025-12-04 18:24:47,276 [INFO] ThirdParty:1030 - CMSIS Pack Vendor :ITTIA_DB I-CUBE-ITTIADB 8.9.0
2025-12-04 18:24:47,276 [INFO] ThirdParty:1030 - CMSIS Pack Vendor :STMicroelectronics X-CUBE-TOUCHGFX 4.26.0
2025-12-04 18:24:47,276 [INFO] ThirdParty:1030 - CMSIS Pack Vendor :STMicroelectronics X-CUBE-STSE01 1.0.0
2025-12-04 18:24:47,276 [INFO] ThirdParty:1030 - CMSIS Pack Vendor :STMicroelectronics FP-SNS-STBOX1 2.1.0
2025-12-04 18:24:47,276 [INFO] ThirdParty:1030 - CMSIS Pack Vendor :STMicroelectronics X-CUBE-AI 10.2.0
2025-12-04 18:24:47,276 [INFO] ThirdParty:1030 - CMSIS Pack Vendor :STMicroelectronics FP-SNS-STAIOTCFT 1.0.0
2025-12-04 18:24:47,276 [INFO] ThirdParty:1030 - CMSIS Pack Vendor :STMicroelectronics ThreadX 1.0.0
2025-12-04 18:24:47,276 [INFO] ThirdParty:1030 - CMSIS Pack Vendor :STMicroelectronics FP-SNS-SMARTAG2 1.2.0
2025-12-04 18:24:47,276 [INFO] ThirdParty:1030 - CMSIS Pack Vendor :STMicroelectronics FP-SNS-FLIGHT1 5.1.0
2025-12-04 18:24:47,276 [INFO] ThirdParty:1030 - CMSIS Pack Vendor :STMicroelectronics X-CUBE-AZRTOS-WL 2.0.0
2025-12-04 18:24:47,276 [INFO] ThirdParty:1030 - CMSIS Pack Vendor :SEGGER I-CUBE-embOS 1.3.1
2025-12-04 18:24:47,276 [INFO] ThirdParty:1030 - CMSIS Pack Vendor :STMicroelectronics X-CUBE-ALGOBUILD 1.4.0
2025-12-04 18:24:47,276 [INFO] ThirdParty:1030 - CMSIS Pack Vendor :STMicroelectronics X-CUBE-DPower 1.3.0
2025-12-04 18:24:47,276 [INFO] ThirdParty:1030 - CMSIS Pack Vendor :STMicroelectronics USB_DEVICE 1.0.0
2025-12-04 18:24:47,277 [INFO] ThirdParty:1030 - CMSIS Pack Vendor :STMicroelectronics X-CUBE-AZRTOS-H7RS 1.2.0
2025-12-04 18:24:47,277 [INFO] ThirdParty:1030 - CMSIS Pack Vendor :STMicroelectronics X-CUBE-AZRTOS-L4 2.0.0
2025-12-04 18:24:47,277 [INFO] ThirdParty:1030 - CMSIS Pack Vendor :STMicroelectronics ThreadX 0.0.2
2025-12-04 18:24:47,277 [INFO] ThirdParty:1030 - CMSIS Pack Vendor :STMicroelectronics lwIP 2.1.2
2025-12-04 18:24:47,277 [INFO] ThirdParty:1030 - CMSIS Pack Vendor :STMicroelectronics X-CUBE-SFXS2LP1 4.0.0
2025-12-04 18:24:47,277 [INFO] ThirdParty:1030 - CMSIS Pack Vendor :STMicroelectronics X-CUBE-BLE2 3.3.0
2025-12-04 18:24:47,277 [INFO] ThirdParty:1030 - CMSIS Pack Vendor :Avnet-IOTCONNECT X-CUBE-iotc-st67-sdk 1.0.0
2025-12-04 18:24:47,277 [INFO] ThirdParty:1030 - CMSIS Pack Vendor :STMicroelectronics X-CUBE-TOF1 3.4.3
2025-12-04 18:24:47,277 [INFO] ThirdParty:1030 - CMSIS Pack Vendor :Infineon AIROC-Wi-Fi-Bluetooth-STM32 1.8.0
2025-12-04 18:24:47,277 [INFO] ThirdParty:1030 - CMSIS Pack Vendor :STMicroelectronics PDM2PCM 3.2.0
2025-12-04 18:24:47,277 [INFO] ThirdParty:841 - exiting critical section [change project]
2025-12-04 18:24:47,490 [INFO] PinOutPanel:1589 - setPackage(No Configuration,No Configuration)
2025-12-04 18:24:47,491 [INFO] PinOutPanel:1589 - setPackage(STM32F103C8Tx,LQFP48)
2025-12-04 18:24:47,752 [INFO] UtilMem:75 - Before build in PCC Used Memory: 976050416 Bytes (1073741824)
2025-12-04 18:24:48,142 [INFO] UtilMem:75 - After build in PCC Used Memory: 690922400 Bytes (1073741824)
2025-12-04 18:24:48,167 [INFO] IPUIPlugin:80 - create IPUIPlugin
2025-12-04 18:24:48,167 [INFO] IPUIPlugin:80 - create IPUIPlugin
2025-12-04 18:24:48,167 [INFO] IPUIPlugin:80 - create IPUIPlugin
2025-12-04 18:24:48,168 [INFO] IPUIPlugin:80 - create IPUIPlugin
2025-12-04 18:24:48,168 [INFO] IPUIPlugin:80 - create IPUIPlugin
2025-12-04 18:24:48,168 [INFO] IPUIPlugin:80 - create IPUIPlugin
2025-12-04 18:24:48,168 [INFO] IPUIPlugin:80 - create IPUIPlugin
2025-12-04 18:24:48,169 [INFO] IPUIPlugin:80 - create IPUIPlugin
2025-12-04 18:24:48,169 [INFO] IPUIPlugin:80 - create IPUIPlugin
2025-12-04 18:24:48,169 [INFO] IPUIPlugin:80 - create IPUIPlugin
2025-12-04 18:24:48,169 [INFO] IPUIPlugin:80 - create IPUIPlugin
2025-12-04 18:24:48,169 [INFO] IPUIPlugin:80 - create IPUIPlugin
2025-12-04 18:24:48,169 [INFO] IPUIPlugin:80 - create IPUIPlugin
2025-12-04 18:24:48,170 [INFO] IPUIPlugin:80 - create IPUIPlugin
2025-12-04 18:24:48,170 [INFO] IPUIPlugin:80 - create IPUIPlugin
2025-12-04 18:24:48,170 [INFO] IPUIPlugin:80 - create IPUIPlugin
2025-12-04 18:24:48,170 [INFO] IPUIPlugin:80 - create IPUIPlugin
2025-12-04 18:24:48,171 [INFO] IPUIPlugin:80 - create IPUIPlugin
2025-12-04 18:24:48,171 [INFO] IPUIPlugin:80 - create IPUIPlugin
2025-12-04 18:24:48,172 [INFO] IPUIPlugin:80 - create IPUIPlugin
2025-12-04 18:24:48,172 [INFO] IPUIPlugin:80 - create IPUIPlugin
2025-12-04 18:24:48,173 [INFO] IPUIPlugin:80 - create IPUIPlugin
2025-12-04 18:24:48,173 [INFO] IPUIPlugin:80 - create IPUIPlugin
2025-12-04 18:24:48,173 [INFO] IPUIPlugin:80 - create IPUIPlugin
2025-12-04 18:24:48,174 [INFO] IPUIPlugin:80 - create IPUIPlugin
2025-12-04 18:24:48,174 [INFO] IPUIPlugin:80 - create IPUIPlugin
2025-12-04 18:24:48,174 [INFO] IPUIPlugin:80 - create IPUIPlugin
2025-12-04 18:24:48,204 [INFO] CADModel:165 - CPN selected for project levelSTM32F103C8T6
2025-12-04 18:24:48,204 [INFO] CADModel:114 - Register for checkConnection events
2025-12-04 18:24:48,264 [INFO] OpenFileManager:386 - Restore cursor
2025-12-04 18:24:48,748 [INFO] UtilMem:75 - End SaveConfig() Used Memory: 745448352 Bytes (1073741824)
2025-12-04 18:25:32,888 [INFO] McuFinderGlobals:76 - Set McuFinderConnectedMode to true
2025-12-04 18:25:32,894 [INFO] ApiDb:448 - Save user favorites file C:\Users\Ovi/.stm32cubeide/favorites.mcus.txt: 0 item(s)
2025-12-04 18:25:32,894 [INFO] ApiDb:452 - User favorites MCUs=[]
2025-12-04 18:26:33,136 [INFO] MainUpdater:2872 - connection check result : 10
2025-12-04 18:26:33,271 [INFO] McuFinderGlobals:76 - Set McuFinderConnectedMode to true
2025-12-04 18:26:33,272 [INFO] MultiScanPanel:200 - Auto-refresh data requested => check proxy status ongoing
2025-12-04 18:26:33,273 [INFO] FinderPluginLoader:96 - Searching for filters in installed packs
2025-12-04 18:26:35,288 [INFO] LoadUrlFilesThread:185 - End of LoadServerUrlFiles without Thread
2025-12-04 18:26:35,288 [INFO] DetailPanel:341 - Set advertising image to C:/Users/Ovi/STM32Cube/Repository/\en.mcu-finder-preevent.jpg
2025-12-04 18:27:13,920 [INFO] MainUpdater:2872 - connection check result : 10
2025-12-04 18:27:13,921 [INFO] MainUpdater:2872 - connection check result : 10
2025-12-04 18:27:14,334 [INFO] MicroXplorer:468 - Change Database Path : 
2025-12-04 18:27:14,334 [INFO] MicroXplorer:498 - Change Database Version : DB.6.0.150
2025-12-04 18:27:14,369 [ERROR] ProjectManagerView:395 - 
java.lang.NullPointerException: Cannot invoke "javax.swing.JTextField.getText()" because the return value of "java.util.List.get(int)" is null
	at com.st.microxplorer.plugins.projectmanager.gui.ProjectChoiceTab$9.caretUpdate(ProjectChoiceTab.java:2706) ~[filemanager.jar:?]
	at javax.swing.text.JTextComponent.fireCaretUpdate(JTextComponent.java:408) ~[?:?]
	at javax.swing.text.JTextComponent$MutableCaretEvent.fire(JTextComponent.java:4484) ~[?:?]
	at javax.swing.text.JTextComponent$MutableCaretEvent.stateChanged(JTextComponent.java:4506) ~[?:?]
	at javax.swing.text.DefaultCaret.fireStateChanged(DefaultCaret.java:857) ~[?:?]
	at javax.swing.text.DefaultCaret.changeCaretPosition(DefaultCaret.java:1343) ~[?:?]
	at javax.swing.text.DefaultCaret.handleSetDot(DefaultCaret.java:1242) ~[?:?]
	at javax.swing.text.DefaultCaret.setDot(DefaultCaret.java:1223) ~[?:?]
	at javax.swing.text.DefaultCaret$Handler.insertUpdate(DefaultCaret.java:1819) ~[?:?]
	at javax.swing.text.AbstractDocument.fireInsertUpdate(AbstractDocument.java:227) ~[?:?]
	at javax.swing.text.AbstractDocument.handleInsertString(AbstractDocument.java:781) ~[?:?]
	at javax.swing.text.AbstractDocument.insertString(AbstractDocument.java:740) ~[?:?]
	at javax.swing.text.PlainDocument.insertString(PlainDocument.java:131) ~[?:?]
	at javax.swing.text.AbstractDocument.replace(AbstractDocument.java:699) ~[?:?]
	at javax.swing.text.JTextComponent.setText(JTextComponent.java:1725) ~[?:?]
	at com.st.microxplorer.plugins.projectmanager.gui.ProjectChoiceTab.createHeapStackFields(ProjectChoiceTab.java:993) ~[filemanager.jar:?]
	at com.st.microxplorer.plugins.projectmanager.gui.ProjectChoiceTab.buildLinkSettingsPanel(ProjectChoiceTab.java:3813) ~[filemanager.jar:?]
	at com.st.microxplorer.plugins.projectmanager.gui.ProjectChoiceTab.defineWindowsFields(ProjectChoiceTab.java:1987) ~[filemanager.jar:?]
	at com.st.microxplorer.plugins.projectmanager.gui.ProjectChoiceTab.updateSettings(ProjectChoiceTab.java:558) ~[filemanager.jar:?]
	at com.st.microxplorer.plugins.projectmanager.gui.ProjectSettingsPanel.UpdateDialog(ProjectSettingsPanel.java:247) ~[filemanager.jar:?]
	at com.st.microxplorer.plugins.projectmanager.ProjectManagerView.propertyChange(ProjectManagerView.java:392) ~[filemanager.jar:?]
	at java.beans.PropertyChangeSupport.fire(PropertyChangeSupport.java:343) ~[?:?]
	at java.beans.PropertyChangeSupport.firePropertyChange(PropertyChangeSupport.java:335) ~[?:?]
	at java.beans.PropertyChangeSupport.firePropertyChange(PropertyChangeSupport.java:268) ~[?:?]
	at com.st.microxplorer.util.MXPropertyChangeSupport.firePropertyChange(MXPropertyChangeSupport.java:54) ~[STM32CubeMX.jar:?]
	at com.st.microxplorer.mxsystem.MxSystem.closeConfig(MxSystem.java:899) ~[STM32CubeMX.jar:?]
	at com.st.microxplorer.maingui.MainPanel.closeConfig(MainPanel.java:792) ~[STM32CubeMX.jar:?]
	at com.st.microxplorer.plugins.filemanager.engine.OpenFileManager.loadConfigurationFile(OpenFileManager.java:288) ~[filemanager.jar:?]
	at com.st.microxplorer.plugins.filemanager.engine.MainFileManager.userLoadConfig(MainFileManager.java:364) ~[filemanager.jar:?]
	at com.st.microxplorer.plugins.filemanager.engine.MainFileManager.userLoadConfig(MainFileManager.java:342) ~[filemanager.jar:?]
	at com.st.microxplorer.plugins.filemanager.FileManagerView.getSpecificTask(FileManagerView.java:264) ~[filemanager.jar:?]
	at com.st.stm32cube.common.mx.editor.CubeMxEditor.getMxTabbedPaneInstance(CubeMxEditor.java:1198) ~[com.st.stm32cube.common.mx_6.15.0.202507011659/:?]
	at com.st.stm32cube.common.mx.editor.CubeMxEditor$12$1.createSwingComponent(CubeMxEditor.java:1068) ~[com.st.stm32cube.common.mx_6.15.0.202507011659/:?]
	at com.st.stm32cube.common.mx.oss.core.awtswtbridge.EmbeddedSwingComposite.doComponentCreation(EmbeddedSwingComposite.java:492) ~[com.st.stm32cube.common.mx.oss_6.15.0.202507011659/:?]
	at com.st.stm32cube.common.mx.oss.core.awtswtbridge.EmbeddedSwingComposite$4.run(EmbeddedSwingComposite.java:291) ~[com.st.stm32cube.common.mx.oss_6.15.0.202507011659/:?]
	at com.st.stm32cube.common.mx.oss.core.awtswtbridge.AwtEnvironment$2.run(AwtEnvironment.java:166) ~[com.st.stm32cube.common.mx.oss_6.15.0.202507011659/:?]
	at java.awt.event.InvocationEvent.dispatch(InvocationEvent.java:318) ~[?:?]
	at java.awt.EventQueue.dispatchEventImpl(EventQueue.java:773) ~[?:?]
	at java.awt.EventQueue$4.run(EventQueue.java:720) ~[?:?]
	at java.awt.EventQueue$4.run(EventQueue.java:714) ~[?:?]
	at java.security.AccessController.doPrivileged(AccessController.java:400) ~[?:?]
	at java.security.ProtectionDomain$JavaSecurityAccessImpl.doIntersectionPrivilege(ProtectionDomain.java:87) ~[?:?]
	at java.awt.EventQueue.dispatchEvent(EventQueue.java:742) ~[?:?]
	at java.awt.EventDispatchThread.pumpOneEventForFilters(EventDispatchThread.java:203) ~[?:?]
	at java.awt.EventDispatchThread.pumpEventsForFilter(EventDispatchThread.java:124) ~[?:?]
	at java.awt.EventDispatchThread.pumpEventsForHierarchy(EventDispatchThread.java:113) ~[?:?]
	at java.awt.EventDispatchThread.pumpEvents(EventDispatchThread.java:109) ~[?:?]
	at java.awt.EventDispatchThread.pumpEvents(EventDispatchThread.java:101) ~[?:?]
	at java.awt.EventDispatchThread.run(EventDispatchThread.java:90) ~[?:?]
2025-12-04 18:27:14,369 [WARN] ThirdParty:871 - waiting for thirdparty lock release [close project]
2025-12-04 18:27:14,369 [INFO] ThirdParty:873 - entering critical section [close project]
2025-12-04 18:27:14,369 [INFO] ThirdParty:883 - exiting critical section [close project]
2025-12-04 18:27:14,369 [INFO] PinOutPanel:1589 - setPackage(No Configuration,No Configuration)
2025-12-04 18:27:14,369 [INFO] UtilMem:75 - Begin LoadConfig() Used Memory: 918542800 Bytes (1073741824)
2025-12-04 18:27:14,369 [INFO] MicroXplorer:468 - Change Database Path : 
2025-12-04 18:27:14,369 [INFO] MicroXplorer:498 - Change Database Version : DB.6.0.150
2025-12-04 18:27:14,369 [INFO] OpenFileManager:355 - Change cursor
2025-12-04 18:27:14,431 [INFO] RulesReader:64 - Compatibility file has been processed (317 Rules)
2025-12-04 18:27:14,447 [INFO] Mcu:2029 - Initializing MCU STM32F103C8Tx STM32F103C8Tx STM32F103C8T6
2025-12-04 18:27:15,377 [INFO] Context:786 - Trying to add GPIOservice into a context  which must be forbidden
2025-12-04 18:27:15,618 [INFO] ImportTextPane:234 - (OptionalMessage_ERROR) Unable to find key (Mcu.ThirdPartyNb) in loaded IOC file
2025-12-04 18:27:15,618 [INFO] ImportTextPane:234 - (OptionalMessage_ERROR) Unable to find key (Mcu.PinsNb) in loaded IOC file
2025-12-04 18:27:15,618 [INFO] ImportTextPane:234 - (OptionalMessage_ERROR) Pin0 (VP_RIF_VS_RIF1) cannot be retrieved for this MCU
2025-12-04 18:27:15,618 [INFO] ImportTextPane:234 - (OptionalMessage_ERROR) Unable to find key (Mcu.IPNb) in loaded IOC file
2025-12-04 18:27:16,103 [INFO] RtosManager:558 - Registered RTOS mode: class=CMSIS, group=RTOS, mode=CMSIS_V1, owner=FREERTOS
2025-12-04 18:27:16,103 [INFO] RtosManager:558 - Registered RTOS mode: class=CMSIS, group=RTOS2, mode=CMSIS_V2, owner=FREERTOS
2025-12-04 18:27:16,103 [INFO] RtosManager:558 - Registered RTOS mode: class=RTOS, group=Core, mode=CMSIS_V1, owner=FREERTOS
2025-12-04 18:27:16,103 [INFO] RtosManager:558 - Registered RTOS mode: class=RTOS, group=Core, mode=CMSIS_V2, owner=FREERTOS
2025-12-04 18:27:16,103 [WARN] ModelIntegratedComponent:184 - Missing modes for component STMicroelectronics:FreeRTOS:0.0.1:STMicroelectronics:RTOS:FreeRTOS:Core:::10.2.0:
2025-12-04 18:27:16,122 [WARN] ModelIntegratedComponent:63 - No mode defined for component null
2025-12-04 18:27:16,123 [WARN] ModelIntegratedComponent:63 - No mode defined for component null
2025-12-04 18:27:16,123 [WARN] ModelIntegratedComponent:63 - No mode defined for component null
2025-12-04 18:27:16,123 [WARN] ModelIntegratedComponent:63 - No mode defined for component null
2025-12-04 18:27:16,123 [WARN] ModelIntegratedComponent:63 - No mode defined for component null
2025-12-04 18:27:16,123 [WARN] ModelIntegratedComponent:63 - No mode defined for component null
2025-12-04 18:27:16,123 [WARN] ModelIntegratedComponent:63 - No mode defined for component null
2025-12-04 18:27:16,123 [WARN] ModelIntegratedComponent:63 - No mode defined for component null
2025-12-04 18:27:16,123 [WARN] ModelIntegratedComponent:63 - No mode defined for component null
2025-12-04 18:27:16,123 [WARN] ModelIntegratedComponent:63 - No mode defined for component null
2025-12-04 18:27:16,123 [WARN] ModelIntegratedComponent:63 - No mode defined for component null
2025-12-04 18:27:16,123 [WARN] ModelIntegratedComponent:63 - No mode defined for component null
2025-12-04 18:27:16,123 [WARN] ModelIntegratedComponent:63 - No mode defined for component null
2025-12-04 18:27:16,123 [WARN] ModelIntegratedComponent:63 - No mode defined for component null
2025-12-04 18:27:16,123 [WARN] ModelIntegratedComponent:63 - No mode defined for component null
2025-12-04 18:27:16,124 [WARN] ModelIntegratedComponent:63 - No mode defined for component null
2025-12-04 18:27:16,124 [WARN] ModelIntegratedComponent:63 - No mode defined for component null
2025-12-04 18:27:16,124 [WARN] ModelIntegratedComponent:63 - No mode defined for component null
2025-12-04 18:27:16,124 [WARN] ModelIntegratedComponent:63 - No mode defined for component null
2025-12-04 18:27:16,124 [WARN] ModelIntegratedComponent:63 - No mode defined for component null
2025-12-04 18:27:16,124 [WARN] ModelIntegratedComponent:63 - No mode defined for component null
2025-12-04 18:27:16,124 [WARN] ModelIntegratedComponent:63 - No mode defined for component null
2025-12-04 18:27:16,124 [WARN] ModelIntegratedComponent:63 - No mode defined for component null
2025-12-04 18:27:16,124 [WARN] ModelIntegratedComponent:63 - No mode defined for component null
2025-12-04 18:27:16,124 [WARN] ModelIntegratedComponent:63 - No mode defined for component null
2025-12-04 18:27:16,124 [WARN] ModelIntegratedComponent:63 - No mode defined for component null
2025-12-04 18:27:16,124 [WARN] ModelIntegratedComponent:63 - No mode defined for component null
2025-12-04 18:27:16,124 [WARN] ModelIntegratedComponent:63 - No mode defined for component null
2025-12-04 18:27:16,124 [WARN] ModelIntegratedComponent:63 - No mode defined for component null
2025-12-04 18:27:16,124 [WARN] ModelIntegratedComponent:63 - No mode defined for component null
2025-12-04 18:27:16,124 [WARN] ModelIntegratedComponent:63 - No mode defined for component null
2025-12-04 18:27:16,125 [WARN] ModelIntegratedComponent:63 - No mode defined for component null
2025-12-04 18:27:16,125 [WARN] ModelIntegratedComponent:63 - No mode defined for component null
2025-12-04 18:27:16,125 [WARN] ModelIntegratedComponent:63 - No mode defined for component null
2025-12-04 18:27:16,125 [WARN] ModelIntegratedComponent:63 - No mode defined for component null
2025-12-04 18:27:16,125 [WARN] ModelPack:524 - Component already loaded: STMicroelectronics:HAL Drivers:0.0.0:STMicroelectronics:Device:STMicro_Driver:XSPI:HAL::0.0.1:HAL_XSPI
2025-12-04 18:27:16,158 [INFO] ThirdPartyModel:298 - Start build external matchings
2025-12-04 18:27:17,397 [INFO] ThirdPartyModel:316 - End build external matchings
2025-12-04 18:27:17,700 [INFO] UtilMem:75 - End LoadConfig() Used Memory: 846096384 Bytes (1073741824)
2025-12-04 18:27:17,726 [WARN] ThirdParty:833 - waiting for thirdparty lock release [change project]
2025-12-04 18:27:17,727 [INFO] ThirdParty:835 - entering critical section [change project]
2025-12-04 18:27:17,727 [INFO] ThirdParty:1030 - CMSIS Pack Vendor :STMicroelectronics X-CUBE-PM33A1 1.0.0
2025-12-04 18:27:17,727 [INFO] ThirdParty:1030 - CMSIS Pack Vendor :STMicroelectronics USBPD 4.1
2025-12-04 18:27:17,727 [INFO] ThirdParty:1030 - CMSIS Pack Vendor :STMicroelectronics X-CUBE-NFC9 1.0.0
2025-12-04 18:27:17,727 [INFO] ThirdParty:1030 - CMSIS Pack Vendor :STMicroelectronics USB_HOST 2.0.0
2025-12-04 18:27:17,727 [INFO] ThirdParty:1030 - CMSIS Pack Vendor :STMicroelectronics FP-SNS-MOTENVWB1 1.4.0
2025-12-04 18:27:17,727 [INFO] ThirdParty:1030 - CMSIS Pack Vendor :STMicroelectronics X-CUBE-AZRTOS-F4 1.1.0
2025-12-04 18:27:17,727 [INFO] ThirdParty:1030 - CMSIS Pack Vendor :STMicroelectronics LIBJPEG 8.0.0
2025-12-04 18:27:17,727 [INFO] ThirdParty:1030 - CMSIS Pack Vendor :STMicroelectronics FP-ATR-ASTRA1 2.0.2
2025-12-04 18:27:17,727 [INFO] ThirdParty:1030 - CMSIS Pack Vendor :wolfSSL I-CUBE-wolfSSL 5.8.2
2025-12-04 18:27:17,727 [INFO] ThirdParty:1030 - CMSIS Pack Vendor :STMicroelectronics X-CUBE-BLE1 7.1.0
2025-12-04 18:27:17,728 [INFO] ThirdParty:1030 - CMSIS Pack Vendor :STMicroelectronics X-CUBE-SMBUS 2.1.0
2025-12-04 18:27:17,728 [INFO] ThirdParty:1030 - CMSIS Pack Vendor :wolfSSL I-CUBE-wolfMQTT 1.19.2
2025-12-04 18:27:17,728 [INFO] ThirdParty:1030 - CMSIS Pack Vendor :STMicroelectronics USB_DEVICE 3.0.0
2025-12-04 18:27:17,728 [INFO] ThirdParty:1030 - CMSIS Pack Vendor :STMicroelectronics X-CUBE-ISPU 2.1.0
2025-12-04 18:27:17,728 [INFO] ThirdParty:1030 - CMSIS Pack Vendor :STMicroelectronics X-CUBE-FREERTOS 1.4.0
2025-12-04 18:27:17,728 [INFO] ThirdParty:1030 - CMSIS Pack Vendor :STMicroelectronics X-CUBE-EEPRMA1 5.2.0
2025-12-04 18:27:17,728 [INFO] ThirdParty:1030 - CMSIS Pack Vendor :STMicroelectronics X-CUBE-IPS 3.2.0
2025-12-04 18:27:17,728 [INFO] ThirdParty:1030 - CMSIS Pack Vendor :STMicroelectronics X-CUBE-BLEMGR 4.1.0
2025-12-04 18:27:17,728 [INFO] ThirdParty:1030 - CMSIS Pack Vendor :STMicroelectronics X-CUBE-AZRTOS-WB 2.0.0
2025-12-04 18:27:17,728 [INFO] ThirdParty:1030 - CMSIS Pack Vendor :Cesanta I-CUBE-Mongoose 7.20.0
2025-12-04 18:27:17,728 [INFO] ThirdParty:1030 - CMSIS Pack Vendor :STMicroelectronics X-CUBE-NFC12 1.0.0
2025-12-04 18:27:17,728 [INFO] ThirdParty:1030 - CMSIS Pack Vendor :STMicroelectronics X-CUBE-AZRTOS-F7 1.1.0
2025-12-04 18:27:17,728 [INFO] ThirdParty:1030 - CMSIS Pack Vendor :STMicroelectronics X-CUBE-AZRTOS-L5 2.0.0
2025-12-04 18:27:17,728 [INFO] ThirdParty:1030 - CMSIS Pack Vendor :STMicroelectronics USB_DEVICE 2.0.0
2025-12-04 18:27:17,729 [INFO] ThirdParty:1030 - CMSIS Pack Vendor :STMicroelectronics X-CUBE-NFC6 3.1.0
2025-12-04 18:27:17,729 [INFO] ThirdParty:1030 - CMSIS Pack Vendor :STMicroelectronics X-CUBE-ST67W61 1.1.0
2025-12-04 18:27:17,729 [INFO] ThirdParty:1030 - CMSIS Pack Vendor :quantropi X-CUBE-qispace-sdk-base 2.1.0
2025-12-04 18:27:17,729 [INFO] ThirdParty:1030 - CMSIS Pack Vendor :STMicroelectronics X-CUBE-MEMS1 12.0.0
2025-12-04 18:27:17,729 [INFO] ThirdParty:1030 - CMSIS Pack Vendor :STMicroelectronics FP-SNS-MOTENV1 5.1.0
2025-12-04 18:27:17,729 [INFO] ThirdParty:1030 - CMSIS Pack Vendor :STMicroelectronics FreeRTOS 0.0.1
2025-12-04 18:27:17,729 [INFO] ThirdParty:1030 - CMSIS Pack Vendor :STMicroelectronics X-CUBE-AZRTOS-G0 1.1.0
2025-12-04 18:27:17,729 [INFO] ThirdParty:1030 - CMSIS Pack Vendor :STMicroelectronics X-CUBE-NFC4 3.0.0
2025-12-04 18:27:17,729 [INFO] ThirdParty:1030 - CMSIS Pack Vendor :STMicroelectronics X-CUBE-SUBG2 5.0.0
2025-12-04 18:27:17,729 [INFO] ThirdParty:1030 - CMSIS Pack Vendor :STMicroelectronics STM32_WPAN 1.0.0
2025-12-04 18:27:17,729 [INFO] ThirdParty:1030 - CMSIS Pack Vendor :EmbeddedOffice I-CUBE-FS-RTOS 1.0.1
2025-12-04 18:27:17,729 [INFO] ThirdParty:1030 - CMSIS Pack Vendor :STMicroelectronics lwIP 2.0.3
2025-12-04 18:27:17,730 [INFO] ThirdParty:1030 - CMSIS Pack Vendor :WES I-CUBE-Cesium 1.4.0
2025-12-04 18:27:17,730 [INFO] ThirdParty:1030 - CMSIS Pack Vendor :STMicroelectronics USB_HOST 1.0.0
2025-12-04 18:27:17,730 [INFO] ThirdParty:1030 - CMSIS Pack Vendor :STMicroelectronics X-CUBE-AZRTOS-G4 2.0.0
2025-12-04 18:27:17,730 [INFO] ThirdParty:1030 - CMSIS Pack Vendor :STMicroelectronics X-CUBE-WB05N 2.0.0
2025-12-04 18:27:17,730 [INFO] ThirdParty:1030 - CMSIS Pack Vendor :STMicroelectronics PDM2PCM 3.1.0
2025-12-04 18:27:17,730 [INFO] ThirdParty:1030 - CMSIS Pack Vendor :STMicroelectronics PDM2PCM 3.3.0
2025-12-04 18:27:17,730 [INFO] ThirdParty:1030 - CMSIS Pack Vendor :wolfSSL I-CUBE-wolfTPM 3.8.0
2025-12-04 18:27:17,730 [INFO] ThirdParty:1030 - CMSIS Pack Vendor :STMicroelectronics X-CUBE-AZRTOS-H7 3.4.0
2025-12-04 18:27:17,730 [INFO] ThirdParty:1030 - CMSIS Pack Vendor :STMicroelectronics X-CUBE-DISPLAY 3.0.0
2025-12-04 18:27:17,730 [INFO] ThirdParty:1030 - CMSIS Pack Vendor :wolfSSL I-CUBE-wolfSSH 1.4.20
2025-12-04 18:27:17,730 [INFO] ThirdParty:1030 - CMSIS Pack Vendor :STMicroelectronics X-CUBE-NFC7 2.0.0
2025-12-04 18:27:17,730 [INFO] ThirdParty:1030 - CMSIS Pack Vendor :STMicroelectronics X-CUBE-TCPP 4.2.0
2025-12-04 18:27:17,730 [INFO] ThirdParty:1030 - CMSIS Pack Vendor :RealThread X-CUBE-RT-Thread_Nano 4.1.1
2025-12-04 18:27:17,730 [INFO] ThirdParty:1030 - CMSIS Pack Vendor :STMicroelectronics FP-ATR-SIGFOX1 3.2.0
2025-12-04 18:27:17,731 [INFO] ThirdParty:1030 - CMSIS Pack Vendor :STMicroelectronics X-CUBE-NFC10 1.0.0
2025-12-04 18:27:17,731 [INFO] ThirdParty:1030 - CMSIS Pack Vendor :STMicroelectronics HAL Drivers 0.0.0
2025-12-04 18:27:17,731 [INFO] ThirdParty:1030 - CMSIS Pack Vendor :STMicroelectronics MBEDTLS 2.16.2
2025-12-04 18:27:17,731 [INFO] ThirdParty:1030 - CMSIS Pack Vendor :STMicroelectronics X-CUBE-ST60 1.1.0
2025-12-04 18:27:17,731 [INFO] ThirdParty:1030 - CMSIS Pack Vendor :STMicroelectronics X-CUBE-ALS 1.0.2
2025-12-04 18:27:17,731 [INFO] ThirdParty:1030 - CMSIS Pack Vendor :emotas I-CUBE-CANOPEN 1.3.0
2025-12-04 18:27:17,731 [INFO] ThirdParty:1030 - CMSIS Pack Vendor :STMicroelectronics MBEDTLS 2.14.1
2025-12-04 18:27:17,731 [INFO] ThirdParty:1030 - CMSIS Pack Vendor :STMicroelectronics X-CUBE-GNSS1 7.1.0
2025-12-04 18:27:17,731 [INFO] ThirdParty:1030 - CMSIS Pack Vendor :ITTIA_DB I-CUBE-ITTIADB 8.9.0
2025-12-04 18:27:17,731 [INFO] ThirdParty:1030 - CMSIS Pack Vendor :STMicroelectronics X-CUBE-TOUCHGFX 4.26.0
2025-12-04 18:27:17,731 [INFO] ThirdParty:1030 - CMSIS Pack Vendor :STMicroelectronics X-CUBE-STSE01 1.0.0
2025-12-04 18:27:17,731 [INFO] ThirdParty:1030 - CMSIS Pack Vendor :STMicroelectronics FP-SNS-STBOX1 2.1.0
2025-12-04 18:27:17,731 [INFO] ThirdParty:1030 - CMSIS Pack Vendor :STMicroelectronics X-CUBE-AI 10.2.0
2025-12-04 18:27:17,731 [INFO] ThirdParty:1030 - CMSIS Pack Vendor :STMicroelectronics FP-SNS-STAIOTCFT 1.0.0
2025-12-04 18:27:17,731 [INFO] ThirdParty:1030 - CMSIS Pack Vendor :STMicroelectronics ThreadX 1.0.0
2025-12-04 18:27:17,731 [INFO] ThirdParty:1030 - CMSIS Pack Vendor :STMicroelectronics FP-SNS-SMARTAG2 1.2.0
2025-12-04 18:27:17,732 [INFO] ThirdParty:1030 - CMSIS Pack Vendor :STMicroelectronics FP-SNS-FLIGHT1 5.1.0
2025-12-04 18:27:17,732 [INFO] ThirdParty:1030 - CMSIS Pack Vendor :STMicroelectronics X-CUBE-AZRTOS-WL 2.0.0
2025-12-04 18:27:17,732 [INFO] ThirdParty:1030 - CMSIS Pack Vendor :SEGGER I-CUBE-embOS 1.3.1
2025-12-04 18:27:17,732 [INFO] ThirdParty:1030 - CMSIS Pack Vendor :STMicroelectronics X-CUBE-ALGOBUILD 1.4.0
2025-12-04 18:27:17,732 [INFO] ThirdParty:1030 - CMSIS Pack Vendor :STMicroelectronics X-CUBE-DPower 1.3.0
2025-12-04 18:27:17,732 [INFO] ThirdParty:1030 - CMSIS Pack Vendor :STMicroelectronics USB_DEVICE 1.0.0
2025-12-04 18:27:17,732 [INFO] ThirdParty:1030 - CMSIS Pack Vendor :STMicroelectronics X-CUBE-AZRTOS-H7RS 1.2.0
2025-12-04 18:27:17,732 [INFO] ThirdParty:1030 - CMSIS Pack Vendor :STMicroelectronics X-CUBE-AZRTOS-L4 2.0.0
2025-12-04 18:27:17,732 [INFO] ThirdParty:1030 - CMSIS Pack Vendor :STMicroelectronics ThreadX 0.0.2
2025-12-04 18:27:17,732 [INFO] ThirdParty:1030 - CMSIS Pack Vendor :STMicroelectronics lwIP 2.1.2
2025-12-04 18:27:17,732 [INFO] ThirdParty:1030 - CMSIS Pack Vendor :STMicroelectronics X-CUBE-SFXS2LP1 4.0.0
2025-12-04 18:27:17,732 [INFO] ThirdParty:1030 - CMSIS Pack Vendor :STMicroelectronics X-CUBE-BLE2 3.3.0
2025-12-04 18:27:17,732 [INFO] ThirdParty:1030 - CMSIS Pack Vendor :Avnet-IOTCONNECT X-CUBE-iotc-st67-sdk 1.0.0
2025-12-04 18:27:17,732 [INFO] ThirdParty:1030 - CMSIS Pack Vendor :STMicroelectronics X-CUBE-TOF1 3.4.3
2025-12-04 18:27:17,732 [INFO] ThirdParty:1030 - CMSIS Pack Vendor :Infineon AIROC-Wi-Fi-Bluetooth-STM32 1.8.0
2025-12-04 18:27:17,732 [INFO] ThirdParty:1030 - CMSIS Pack Vendor :STMicroelectronics PDM2PCM 3.2.0
2025-12-04 18:27:17,733 [INFO] ThirdParty:841 - exiting critical section [change project]
2025-12-04 18:27:17,924 [INFO] PinOutPanel:1589 - setPackage(No Configuration,No Configuration)
2025-12-04 18:27:17,925 [INFO] PinOutPanel:1589 - setPackage(STM32F103C8Tx,LQFP48)
2025-12-04 18:27:18,369 [INFO] UtilMem:75 - Before build in PCC Used Memory: 933125536 Bytes (1073741824)
2025-12-04 18:27:18,656 [INFO] UtilMem:75 - After build in PCC Used Memory: 977687968 Bytes (1073741824)
2025-12-04 18:27:18,679 [INFO] IPUIPlugin:80 - create IPUIPlugin
2025-12-04 18:27:18,679 [INFO] IPUIPlugin:80 - create IPUIPlugin
2025-12-04 18:27:18,679 [INFO] IPUIPlugin:80 - create IPUIPlugin
2025-12-04 18:27:18,680 [INFO] IPUIPlugin:80 - create IPUIPlugin
2025-12-04 18:27:18,680 [INFO] IPUIPlugin:80 - create IPUIPlugin
2025-12-04 18:27:18,680 [INFO] IPUIPlugin:80 - create IPUIPlugin
2025-12-04 18:27:18,680 [INFO] IPUIPlugin:80 - create IPUIPlugin
2025-12-04 18:27:18,680 [INFO] IPUIPlugin:80 - create IPUIPlugin
2025-12-04 18:27:18,680 [INFO] IPUIPlugin:80 - create IPUIPlugin
2025-12-04 18:27:18,681 [INFO] IPUIPlugin:80 - create IPUIPlugin
2025-12-04 18:27:18,681 [INFO] IPUIPlugin:80 - create IPUIPlugin
2025-12-04 18:27:18,681 [INFO] IPUIPlugin:80 - create IPUIPlugin
2025-12-04 18:27:18,682 [INFO] IPUIPlugin:80 - create IPUIPlugin
2025-12-04 18:27:18,682 [INFO] IPUIPlugin:80 - create IPUIPlugin
2025-12-04 18:27:18,682 [INFO] IPUIPlugin:80 - create IPUIPlugin
2025-12-04 18:27:18,683 [INFO] IPUIPlugin:80 - create IPUIPlugin
2025-12-04 18:27:18,683 [INFO] IPUIPlugin:80 - create IPUIPlugin
2025-12-04 18:27:18,683 [INFO] IPUIPlugin:80 - create IPUIPlugin
2025-12-04 18:27:18,684 [INFO] IPUIPlugin:80 - create IPUIPlugin
2025-12-04 18:27:18,684 [INFO] IPUIPlugin:80 - create IPUIPlugin
2025-12-04 18:27:18,684 [INFO] IPUIPlugin:80 - create IPUIPlugin
2025-12-04 18:27:18,685 [INFO] IPUIPlugin:80 - create IPUIPlugin
2025-12-04 18:27:18,686 [INFO] IPUIPlugin:80 - create IPUIPlugin
2025-12-04 18:27:18,687 [INFO] IPUIPlugin:80 - create IPUIPlugin
2025-12-04 18:27:18,687 [INFO] IPUIPlugin:80 - create IPUIPlugin
2025-12-04 18:27:18,688 [INFO] IPUIPlugin:80 - create IPUIPlugin
2025-12-04 18:27:18,688 [INFO] IPUIPlugin:80 - create IPUIPlugin
2025-12-04 18:27:18,716 [INFO] CADModel:165 - CPN selected for project levelSTM32F103C8T6
2025-12-04 18:27:18,717 [INFO] CADModel:114 - Register for checkConnection events
2025-12-04 18:27:18,766 [INFO] OpenFileManager:386 - Restore cursor
2025-12-04 18:27:19,254 [INFO] UtilMem:75 - End SaveConfig() Used Memory: 747951096 Bytes (1073741824)
2025-12-04 18:29:22,536 [INFO] McuFinderGlobals:76 - Set McuFinderConnectedMode to true
2025-12-04 18:29:22,538 [INFO] ApiDb:448 - Save user favorites file C:\Users\Ovi/.stm32cubeide/favorites.mcus.txt: 0 item(s)
2025-12-04 18:29:22,538 [INFO] ApiDb:452 - User favorites MCUs=[]
2025-12-04 18:29:26,310 [INFO] McuFinderGlobals:63 - Set McuFinder mode to 2 (CubeIDE integrated)
2025-12-04 18:29:26,311 [INFO] UserAuth:171 - activating auth plugin
2025-12-04 18:29:26,316 [INFO] UserAuth:487 - Internet connection configuration mode: 1
2025-12-04 18:30:15,152 [INFO] WebApp:652 - userauth.ini deleted or not created
2025-12-04 18:31:56,295 [ERROR] LogOutputStream:75 - [STDERR_REDIRECT] 
2025-12-04 18:32:34,209 [INFO] Activator:176 - 


2025-12-04 18:32:34,211 [INFO] Activator:177 - !SESSION log4j initialized
2025-12-04 18:32:42,706 [INFO] LogOutputStream:77 - [STDOUT_REDIRECT] 
2025-12-04 18:32:44,326 [INFO] ApplicationProperties:184 - Using Application install path: C:\ST\STM32CubeIDE_1.19.0\STM32CubeIDE\plugins\com.st.stm32cube.common.mx_6.15.0.202507011659
2025-12-04 18:32:44,349 [INFO] DbMcusXml:78 - Set database path to: C:\ST\STM32CubeIDE_1.19.0\STM32CubeIDE\plugins\com.st.stm32cube.common.mx_6.15.0.202507011659\\db\/mcu/
2025-12-04 18:32:44,349 [INFO] ApiDb:274 - Set plugin database path to: C:\ST\STM32CubeIDE_1.19.0\STM32CubeIDE\plugins\com.st.stm32cube.common.mx_6.15.0.202507011659\\db\/plugins/boardmanager/
2025-12-04 18:32:44,349 [WARN] ApiDb:259 - Overriding images path with different value:  => C:\ST\STM32CubeIDE_1.19.0\STM32CubeIDE\plugins\com.st.stm32cube.common.mx_6.15.0.202507011659\\db\/plugins/mcufinder/images/
2025-12-04 18:32:44,365 [INFO] ApiDb:250 - Set database path to: C:\Users\Ovi\.stmcufinder\plugins\mcufinder//mcu/
2025-12-04 18:32:44,366 [INFO] DbMcusAds:125 - Set database path to: C:\Users\Ovi\.stmcufinder\plugins\mcufinder//mcu/
2025-12-04 18:32:44,368 [INFO] CrossReferenceDbSqlite:203 - Set database path to: C:\Users\Ovi\.stmcufinder\plugins\mcufinder//mcu/cs/
2025-12-04 18:32:44,514 [INFO] RulesReader:64 - Compatibility file has been processed (317 Rules)
2025-12-04 18:32:44,627 [INFO] DbMcusXml:78 - Set database path to: C:\ST\STM32CubeIDE_1.19.0\STM32CubeIDE\plugins\com.st.stm32cube.common.mx_6.15.0.202507011659\\db\/mcu/
2025-12-04 18:32:44,627 [INFO] ApiDb:274 - Set plugin database path to: C:\ST\STM32CubeIDE_1.19.0\STM32CubeIDE\plugins\com.st.stm32cube.common.mx_6.15.0.202507011659\\db\/plugins/boardmanager/
2025-12-04 18:32:44,628 [INFO] ApiDb:261 - Set plugin images path to: C:\ST\STM32CubeIDE_1.19.0\STM32CubeIDE\plugins\com.st.stm32cube.common.mx_6.15.0.202507011659\\db\/plugins/mcufinder/images/
2025-12-04 18:32:44,628 [WARN] DbFile:41 - Overriding database path with different value: C:\Users\Ovi\.stmcufinder\plugins\mcufinder/ => C:\Users\Ovi\.stmcufinder\plugins\mcufinder
2025-12-04 18:32:44,628 [INFO] ApiDb:250 - Set database path to: C:\Users\Ovi\.stmcufinder\plugins\mcufinder//mcu/
2025-12-04 18:32:44,628 [WARN] DbFile:41 - Overriding database path with different value: C:\Users\Ovi\.stmcufinder\plugins\mcufinder/ => C:\Users\Ovi\.stmcufinder\plugins\mcufinder
2025-12-04 18:32:44,628 [INFO] DbMcusAds:125 - Set database path to: C:\Users\Ovi\.stmcufinder\plugins\mcufinder//mcu/
2025-12-04 18:32:44,628 [WARN] DbFile:41 - Overriding database path with different value: C:\Users\Ovi\.stmcufinder\plugins\mcufinder/ => C:\Users\Ovi\.stmcufinder\plugins\mcufinder
2025-12-04 18:32:44,629 [WARN] DbFile:41 - Overriding database path with different value: C:\Users\Ovi\.stmcufinder\plugins\mcufinder/ => C:\Users\Ovi\.stmcufinder\plugins\mcufinder
2025-12-04 18:32:44,629 [INFO] CrossReferenceDbSqlite:203 - Set database path to: C:\Users\Ovi\.stmcufinder\plugins\mcufinder//mcu/cs/
2025-12-04 18:32:44,724 [INFO] MainPanel:274 - HeapMemory: 268435456
2025-12-04 18:32:44,905 [INFO] DbMcusXml:78 - Set database path to: C:\ST\STM32CubeIDE_1.19.0\STM32CubeIDE\plugins\com.st.stm32cube.common.mx_6.15.0.202507011659\\db\/mcu/
2025-12-04 18:32:44,906 [INFO] ApiDb:274 - Set plugin database path to: C:\ST\STM32CubeIDE_1.19.0\STM32CubeIDE\plugins\com.st.stm32cube.common.mx_6.15.0.202507011659\\db\/plugins/boardmanager/
2025-12-04 18:32:44,906 [INFO] ApiDb:261 - Set plugin images path to: C:\ST\STM32CubeIDE_1.19.0\STM32CubeIDE\plugins\com.st.stm32cube.common.mx_6.15.0.202507011659\\db\/plugins/mcufinder/images/
2025-12-04 18:32:44,906 [WARN] DbFile:41 - Overriding database path with different value: C:\Users\Ovi\.stmcufinder\plugins\mcufinder/ => C:\Users\Ovi\.stmcufinder\plugins\mcufinder
2025-12-04 18:32:44,907 [INFO] ApiDb:250 - Set database path to: C:\Users\Ovi\.stmcufinder\plugins\mcufinder//mcu/
2025-12-04 18:32:44,907 [WARN] DbFile:41 - Overriding database path with different value: C:\Users\Ovi\.stmcufinder\plugins\mcufinder/ => C:\Users\Ovi\.stmcufinder\plugins\mcufinder
2025-12-04 18:32:44,907 [INFO] DbMcusAds:125 - Set database path to: C:\Users\Ovi\.stmcufinder\plugins\mcufinder//mcu/
2025-12-04 18:32:44,907 [WARN] DbFile:41 - Overriding database path with different value: C:\Users\Ovi\.stmcufinder\plugins\mcufinder/ => C:\Users\Ovi\.stmcufinder\plugins\mcufinder
2025-12-04 18:32:44,907 [WARN] DbFile:41 - Overriding database path with different value: C:\Users\Ovi\.stmcufinder\plugins\mcufinder/ => C:\Users\Ovi\.stmcufinder\plugins\mcufinder
2025-12-04 18:32:44,907 [INFO] CrossReferenceDbSqlite:203 - Set database path to: C:\Users\Ovi\.stmcufinder\plugins\mcufinder//mcu/cs/
2025-12-04 18:32:44,937 [INFO] ApplicationProperties:184 - Using Application install path: C:\ST\STM32CubeIDE_1.19.0\STM32CubeIDE\plugins\com.st.stm32cube.common.mx_6.15.0.202507011659
2025-12-04 18:32:44,940 [INFO] PluginManage:196 - Search for loadable plugins [exclusion list=, ]
2025-12-04 18:32:44,942 [INFO] PluginManage:310 - Check plugin analytics
2025-12-04 18:32:45,153 [INFO] AnalyticsPlugin:253 - Accepted Software Licenses: STM32CubeMX.6.16.0
2025-12-04 18:32:45,154 [INFO] AnalyticsPlugin:255 - Accepted CMSIS Pack Licenses: 
2025-12-04 18:32:45,154 [INFO] AnalyticsPlugin:257 - Accepted Firmware Licenses: 
2025-12-04 18:32:45,158 [INFO] PluginManage:359 - Loaded plugin analytics (category:tool,tabindex:-1)
2025-12-04 18:32:45,158 [INFO] PluginManage:310 - Check plugin cadmodel
2025-12-04 18:32:45,178 [INFO] CADModel:105 - Init CAD model plugin
2025-12-04 18:32:45,178 [INFO] PluginManage:359 - Loaded plugin cadmodel (category:power,tabindex:5)
2025-12-04 18:32:45,178 [INFO] PluginManage:310 - Check plugin clock
2025-12-04 18:32:45,200 [INFO] PluginManage:359 - Loaded plugin clock (category:base,tabindex:2)
2025-12-04 18:32:45,200 [INFO] PluginManage:310 - Check plugin ddr
2025-12-04 18:32:45,203 [INFO] PluginManage:359 - Loaded plugin ddr (category:tool,tabindex:6)
2025-12-04 18:32:45,203 [INFO] PluginManage:310 - Check plugin filemanager
2025-12-04 18:32:45,391 [INFO] PluginManage:359 - Loaded plugin filemanager (category:base,tabindex:10)
2025-12-04 18:32:45,391 [INFO] PluginManage:310 - Check plugin ipmanager
2025-12-04 18:32:45,403 [INFO] PluginManage:359 - Loaded plugin ipmanager (category:base,tabindex:5)
2025-12-04 18:32:45,403 [INFO] PluginManage:310 - Check plugin lpbam
2025-12-04 18:32:45,427 [INFO] PluginManage:359 - Loaded plugin lpbam (category:base,tabindex:0)
2025-12-04 18:32:45,427 [INFO] PluginManage:310 - Check plugin memorymap
2025-12-04 18:32:45,463 [INFO] PluginManage:359 - Loaded plugin memorymap (category:base,tabindex:4)
2025-12-04 18:32:45,463 [INFO] PluginManage:310 - Check plugin pinoutandconfiguration
2025-12-04 18:32:45,490 [INFO] PluginManage:359 - Loaded plugin pinoutandconfiguration (category:base,tabindex:1)
2025-12-04 18:32:45,491 [INFO] PluginManage:310 - Check plugin pinoutconfig
2025-12-04 18:32:45,616 [WARN] SupportedApi:132 - Cannot load RTOS API schema: s4s-elt-must-match.1: The content of 'definitions' must match (annotation?, (simpleType | complexType)?, (unique | key | keyref)*)). A problem was found starting at: attribute.
2025-12-04 18:32:45,780 [INFO] PluginManage:359 - Loaded plugin pinoutconfig (category:base,tabindex:0)
2025-12-04 18:32:45,780 [INFO] PluginManage:310 - Check plugin power
2025-12-04 18:32:45,805 [INFO] PluginManage:359 - Loaded plugin power (category:power,tabindex:4)
2025-12-04 18:32:45,805 [INFO] PluginManage:310 - Check plugin projectmanager
2025-12-04 18:32:45,827 [INFO] PluginManage:359 - Loaded plugin projectmanager (category:projectmanager,tabindex:4)
2025-12-04 18:32:45,827 [INFO] PluginManage:310 - Check plugin rif
2025-12-04 18:32:45,854 [INFO] PluginManage:359 - Loaded plugin rif (category:base,tabindex:3)
2025-12-04 18:32:45,854 [INFO] PluginManage:310 - Check plugin thirdparty
2025-12-04 18:32:46,138 [WARN] IntegrityCheckThread:84 - waiting for thirdparty lock release [integrity check]
2025-12-04 18:32:46,139 [INFO] IntegrityCheckThread:86 - entering critical section [integrity check]
2025-12-04 18:32:46,139 [INFO] ThirdPartyUpdaterWithRetryManager:70 - Updater plugin not ready yet. [1/15]
2025-12-04 18:32:46,139 [INFO] PluginManage:359 - Loaded plugin thirdparty (category:base,tabindex:-1)
2025-12-04 18:32:46,139 [INFO] PluginManage:310 - Check plugin tools
2025-12-04 18:32:46,143 [INFO] PluginManage:359 - Loaded plugin tools (category:base,tabindex:7)
2025-12-04 18:32:46,143 [INFO] PluginManage:310 - Check plugin tutovideos
2025-12-04 18:32:46,467 [INFO] PluginManage:359 - Loaded plugin tutovideos (category:base,tabindex:-1)
2025-12-04 18:32:46,467 [INFO] PluginManage:310 - Check plugin updater
2025-12-04 18:32:46,488 [INFO] PluginManage:359 - Loaded plugin updater (category:base,tabindex:12)
2025-12-04 18:32:46,488 [INFO] PluginManage:310 - Check plugin userauth
2025-12-04 18:32:46,493 [INFO] UserAuth:118 - Init User Auth plugin
2025-12-04 18:32:46,494 [INFO] PluginManage:359 - Loaded plugin userauth (category:base,tabindex:14)
2025-12-04 18:32:46,495 [INFO] PluginManage:283 - PluginManage : Loaded plugins [18]
2025-12-04 18:32:46,767 [INFO] PinOutPanel:1589 - setPackage(No Configuration,No Configuration)
2025-12-04 18:32:46,869 [INFO] CADModel:165 - CPN selected for project level
2025-12-04 18:32:46,869 [INFO] CADModel:114 - Register for checkConnection events
2025-12-04 18:32:46,905 [INFO] IPUIPlugin:80 - create IPUIPlugin
2025-12-04 18:32:46,905 [INFO] PluginManager:220 - loadIPPluginJar : add adc
2025-12-04 18:32:46,966 [INFO] IPUIPlugin:80 - create IPUIPlugin
2025-12-04 18:32:46,966 [INFO] PluginManager:220 - loadIPPluginJar : add aes
2025-12-04 18:32:47,030 [INFO] IPUIPlugin:80 - create IPUIPlugin
2025-12-04 18:32:47,031 [INFO] PluginManager:220 - loadIPPluginJar : add can
2025-12-04 18:32:47,034 [INFO] IPUIPlugin:80 - create IPUIPlugin
2025-12-04 18:32:47,034 [INFO] PluginManager:220 - loadIPPluginJar : add comp
2025-12-04 18:32:47,088 [INFO] IPUIPlugin:80 - create IPUIPlugin
2025-12-04 18:32:47,088 [INFO] PluginManager:220 - loadIPPluginJar : add cryp
2025-12-04 18:32:47,107 [INFO] IPUIPlugin:80 - create IPUIPlugin
2025-12-04 18:32:47,107 [INFO] PluginManager:220 - loadIPPluginJar : add ddr_ctrl_phy
2025-12-04 18:32:47,111 [INFO] IPUIPlugin:80 - create IPUIPlugin
2025-12-04 18:32:47,111 [INFO] PluginManager:220 - loadIPPluginJar : add dfsdm
2025-12-04 18:32:47,129 [INFO] IPUIPlugin:80 - create IPUIPlugin
2025-12-04 18:32:47,130 [INFO] PluginManager:220 - loadIPPluginJar : add dma
2025-12-04 18:32:47,187 [INFO] IPUIPlugin:80 - create IPUIPlugin
2025-12-04 18:32:47,188 [INFO] PluginManager:220 - loadIPPluginJar : add dma3
2025-12-04 18:32:47,252 [INFO] IPUIPlugin:80 - create IPUIPlugin
2025-12-04 18:32:47,252 [INFO] PluginManager:220 - loadIPPluginJar : add extmemmanager
2025-12-04 18:32:47,284 [INFO] IPUIPlugin:80 - create IPUIPlugin
2025-12-04 18:32:47,284 [INFO] PluginManager:220 - loadIPPluginJar : add fatfs
2025-12-04 18:32:47,361 [INFO] IPUIPlugin:80 - create IPUIPlugin
2025-12-04 18:32:47,362 [INFO] PluginManager:220 - loadIPPluginJar : add fmc
2025-12-04 18:32:47,380 [INFO] IPUIPlugin:80 - create IPUIPlugin
2025-12-04 18:32:47,381 [INFO] PluginManager:220 - loadIPPluginJar : add freertos
2025-12-04 18:32:47,414 [INFO] IPUIPlugin:80 - create IPUIPlugin
2025-12-04 18:32:47,415 [INFO] PluginManager:220 - loadIPPluginJar : add genericplugin
2025-12-04 18:32:47,559 [INFO] IPUIPlugin:80 - create IPUIPlugin
2025-12-04 18:32:47,559 [INFO] PluginManager:220 - loadIPPluginJar : add gfxmmu
2025-12-04 18:32:47,762 [INFO] IPUIPlugin:80 - create IPUIPlugin
2025-12-04 18:32:47,762 [INFO] PluginManager:220 - loadIPPluginJar : add gic
2025-12-04 18:32:47,790 [INFO] IPUIPlugin:80 - create IPUIPlugin
2025-12-04 18:32:47,790 [INFO] PluginManager:220 - loadIPPluginJar : add gpio
2025-12-04 18:32:47,912 [INFO] IPUIPlugin:80 - create IPUIPlugin
2025-12-04 18:32:47,912 [INFO] PluginManager:220 - loadIPPluginJar : add gtzc
2025-12-04 18:32:47,972 [INFO] IPUIPlugin:80 - create IPUIPlugin
2025-12-04 18:32:47,972 [INFO] PluginManager:220 - loadIPPluginJar : add hash
2025-12-04 18:32:48,043 [INFO] IPUIPlugin:80 - create IPUIPlugin
2025-12-04 18:32:48,044 [INFO] PluginManager:220 - loadIPPluginJar : add i2c
2025-12-04 18:32:48,118 [INFO] IPUIPlugin:80 - create IPUIPlugin
2025-12-04 18:32:48,118 [INFO] PluginManager:220 - loadIPPluginJar : add i2s
2025-12-04 18:32:48,181 [INFO] IPUIPlugin:80 - create IPUIPlugin
2025-12-04 18:32:48,181 [INFO] PluginManager:220 - loadIPPluginJar : add i3c
2025-12-04 18:32:48,325 [INFO] IPUIPlugin:80 - create IPUIPlugin
2025-12-04 18:32:48,326 [INFO] PluginManager:220 - loadIPPluginJar : add ipddr
2025-12-04 18:32:48,451 [INFO] IPUIPlugin:80 - create IPUIPlugin
2025-12-04 18:32:48,451 [INFO] PluginManager:220 - loadIPPluginJar : add linkedlist
2025-12-04 18:32:48,455 [INFO] IPUIPlugin:80 - create IPUIPlugin
2025-12-04 18:32:48,455 [INFO] PluginManager:220 - loadIPPluginJar : add lorawan
2025-12-04 18:32:48,506 [INFO] IPUIPlugin:80 - create IPUIPlugin
2025-12-04 18:32:48,506 [INFO] PluginManager:220 - loadIPPluginJar : add ltdc
2025-12-04 18:32:48,524 [INFO] IPUIPlugin:80 - create IPUIPlugin
2025-12-04 18:32:48,524 [INFO] PluginManager:220 - loadIPPluginJar : add mdma
2025-12-04 18:32:48,541 [INFO] IPUIPlugin:80 - create IPUIPlugin
2025-12-04 18:32:48,541 [INFO] PluginManager:220 - loadIPPluginJar : add nvic
2025-12-04 18:32:48,595 [INFO] IPUIPlugin:80 - create IPUIPlugin
2025-12-04 18:32:48,595 [INFO] PluginManager:220 - loadIPPluginJar : add opamp
2025-12-04 18:32:48,696 [INFO] IPUIPlugin:80 - create IPUIPlugin
2025-12-04 18:32:48,696 [INFO] PluginManager:220 - loadIPPluginJar : add openamp
2025-12-04 18:32:48,763 [INFO] IPUIPlugin:80 - create IPUIPlugin
2025-12-04 18:32:48,763 [INFO] PluginManager:220 - loadIPPluginJar : add pdm2pcm
2025-12-04 18:32:48,785 [INFO] IPUIPlugin:80 - create IPUIPlugin
2025-12-04 18:32:48,788 [INFO] PluginManager:220 - loadIPPluginJar : add plateformsettings
2025-12-04 18:32:48,791 [INFO] IPUIPlugin:80 - create IPUIPlugin
2025-12-04 18:32:48,791 [INFO] PluginManager:220 - loadIPPluginJar : add quadspi
2025-12-04 18:32:48,794 [INFO] IPUIPlugin:80 - create IPUIPlugin
2025-12-04 18:32:48,795 [INFO] PluginManager:220 - loadIPPluginJar : add radio
2025-12-04 18:32:48,813 [INFO] IPUIPlugin:80 - create IPUIPlugin
2025-12-04 18:32:48,813 [INFO] PluginManager:220 - loadIPPluginJar : add resmgrutility
2025-12-04 18:32:48,881 [INFO] IPUIPlugin:80 - create IPUIPlugin
2025-12-04 18:32:48,881 [INFO] PluginManager:220 - loadIPPluginJar : add sai
2025-12-04 18:32:48,936 [INFO] IPUIPlugin:80 - create IPUIPlugin
2025-12-04 18:32:48,936 [INFO] PluginManager:220 - loadIPPluginJar : add spi
2025-12-04 18:32:49,048 [INFO] IPUIPlugin:80 - create IPUIPlugin
2025-12-04 18:32:49,049 [INFO] PluginManager:220 - loadIPPluginJar : add stm32_wpan
2025-12-04 18:32:49,083 [INFO] IPUIPlugin:80 - create IPUIPlugin
2025-12-04 18:32:49,083 [INFO] PluginManager:220 - loadIPPluginJar : add tim
2025-12-04 18:32:49,140 [INFO] ThirdPartyUpdaterWithRetryManager:70 - Updater plugin not ready yet. [2/15]
2025-12-04 18:32:49,168 [INFO] IPUIPlugin:80 - create IPUIPlugin
2025-12-04 18:32:49,168 [INFO] PluginManager:220 - loadIPPluginJar : add touchsensing
2025-12-04 18:32:49,172 [INFO] IPUIPlugin:80 - create IPUIPlugin
2025-12-04 18:32:49,172 [INFO] PluginManager:220 - loadIPPluginJar : add tracer_emb
2025-12-04 18:32:49,175 [INFO] IPUIPlugin:80 - create IPUIPlugin
2025-12-04 18:32:49,175 [INFO] PluginManager:220 - loadIPPluginJar : add ts
2025-12-04 18:32:49,178 [INFO] IPUIPlugin:80 - create IPUIPlugin
2025-12-04 18:32:49,178 [INFO] PluginManager:220 - loadIPPluginJar : add tsc
2025-12-04 18:32:49,181 [INFO] IPUIPlugin:80 - create IPUIPlugin
2025-12-04 18:32:49,181 [INFO] PluginManager:220 - loadIPPluginJar : add ucpd
2025-12-04 18:32:49,241 [INFO] IPUIPlugin:80 - create IPUIPlugin
2025-12-04 18:32:49,241 [INFO] PluginManager:220 - loadIPPluginJar : add usart
2025-12-04 18:32:49,302 [INFO] IPUIPlugin:80 - create IPUIPlugin
2025-12-04 18:32:49,303 [INFO] PluginManager:220 - loadIPPluginJar : add usbx
2025-12-04 18:32:49,448 [FATAL] Updater:351 - Updater called before beeing initialized
2025-12-04 18:32:49,479 [INFO] RulesReader:64 - Compatibility file has been processed (317 Rules)
2025-12-04 18:32:49,495 [INFO] RulesReader:64 - Compatibility file has been processed (317 Rules)
2025-12-04 18:32:49,508 [INFO] CADModel:165 - CPN selected for project level
2025-12-04 18:32:49,508 [INFO] CADModel:114 - Register for checkConnection events
2025-12-04 18:32:49,508 [FATAL] Updater:351 - Updater called before beeing initialized
2025-12-04 18:32:49,508 [ERROR] CADModel:125 - Updater not yet initialized, retry later 
2025-12-04 18:32:49,758 [FATAL] Updater:351 - Updater called before beeing initialized
2025-12-04 18:32:49,761 [INFO] CADModel:165 - CPN selected for project level
2025-12-04 18:32:49,762 [INFO] CADModel:114 - Register for checkConnection events
2025-12-04 18:32:49,762 [FATAL] Updater:351 - Updater called before beeing initialized
2025-12-04 18:32:49,762 [ERROR] CADModel:125 - Updater not yet initialized, retry later 
2025-12-04 18:32:49,767 [FATAL] Updater:351 - Updater called before beeing initialized
2025-12-04 18:32:49,964 [FATAL] Updater:351 - Updater called before beeing initialized
2025-12-04 18:32:49,969 [INFO] DbMcusAds:53 - JSON generation date=Tue Nov 25 16:08:32 EET 2025 (1764079712175)
2025-12-04 18:32:49,969 [FATAL] Updater:351 - Updater called before beeing initialized
2025-12-04 18:32:50,011 [WARN] DetailPanel:346 - Failed to get advertising image, set to default
2025-12-04 18:32:50,101 [FATAL] Updater:351 - Updater called before beeing initialized
2025-12-04 18:32:50,103 [FATAL] Updater:351 - Updater called before beeing initialized
2025-12-04 18:32:50,103 [FATAL] Updater:351 - Updater called before beeing initialized
2025-12-04 18:32:50,103 [WARN] DetailPanel:346 - Failed to get advertising image, set to default
2025-12-04 18:32:50,104 [FATAL] Updater:351 - Updater called before beeing initialized
2025-12-04 18:32:50,175 [ERROR] Updater:1198 - MainUpdater not yet initialized. External WinMGr cannot be set.
2025-12-04 18:32:50,179 [INFO] Updater:1134 - Updater Version found : 6.15.0
2025-12-04 18:32:50,195 [INFO] ApplicationProperties:184 - Using Application install path: C:\ST\STM32CubeIDE_1.19.0\STM32CubeIDE\plugins\com.st.stm32cube.common.mx_6.15.0.202507011659
2025-12-04 18:32:50,599 [INFO] MainUpdater:2872 - connection check result : 10
2025-12-04 18:32:50,600 [INFO] MainUpdater:289 - Updater Check For Update Now.
2025-12-04 18:32:50,600 [INFO] MicroXplorer:498 - Change Database Version : DB.6.0.150
2025-12-04 18:32:50,650 [INFO] McuFinderGlobals:63 - Set McuFinder mode to 2 (CubeIDE integrated)
2025-12-04 18:32:50,650 [INFO] UserAuth:171 - activating auth plugin
2025-12-04 18:32:50,654 [INFO] UserAuth:487 - Internet connection configuration mode: 1
2025-12-04 18:32:50,696 [INFO] JxBrowserEngine:152 - Initiate JxBrowser Engine with user profile folder
2025-12-04 18:32:50,875 [INFO] CheckServerUpdateThread:120 - End of CheckServer Thread
2025-12-04 18:32:51,636 [INFO] WebApp:169 - Instantiating new browser for Auth
2025-12-04 18:32:52,508 [WARN] PackLoader:240 - Cannot read IP mode file for STMicroelectronics.FP-SNS-MOTENVWB1.1.4.0
2025-12-04 18:32:52,526 [WARN] PackLoader:240 - Cannot read IP mode file for STMicroelectronics.FP-ATR-ASTRA1.2.0.2
2025-12-04 18:32:52,559 [WARN] PackLoader:240 - Cannot read IP mode file for STMicroelectronics.X-CUBE-SMBUS.2.1.0
2025-12-04 18:32:52,651 [WARN] PackLoader:240 - Cannot read IP mode file for STMicroelectronics.X-CUBE-AZRTOS-F7.1.1.0
2025-12-04 18:32:52,662 [INFO] WebApp:463 - Apply proxy settings
2025-12-04 18:32:52,663 [INFO] WebApp:548 - Chromium requires no authentication
2025-12-04 18:32:52,679 [INFO] WebApp:491 - Direct internet connection detected
2025-12-04 18:32:52,685 [WARN] PackLoader:240 - Cannot read IP mode file for STMicroelectronics.FP-SNS-MOTENV1.5.1.0
2025-12-04 18:32:52,720 [WARN] PackLoader:240 - Cannot read IP mode file for WES.I-CUBE-Cesium.1.4.0
2025-12-04 18:32:52,727 [INFO] WebApp:900 - Register for checkConnection events
2025-12-04 18:32:52,728 [INFO] WebApp:463 - Apply proxy settings
2025-12-04 18:32:52,728 [INFO] WebApp:548 - Chromium requires no authentication
2025-12-04 18:32:52,729 [INFO] WebApp:491 - Direct internet connection detected
2025-12-04 18:32:52,773 [WARN] PackLoader:240 - Cannot read IP mode file for STMicroelectronics.X-CUBE-AZRTOS-H7.3.4.0
2025-12-04 18:32:52,804 [WARN] PackLoader:240 - Cannot read IP mode file for STMicroelectronics.X-CUBE-DISPLAY.3.0.0
2025-12-04 18:32:52,831 [WARN] PackLoader:240 - Cannot read IP mode file for STMicroelectronics.X-CUBE-NFC10.1.0.0
2025-12-04 18:32:52,852 [WARN] PackLoader:240 - Cannot read IP mode file for STMicroelectronics.X-CUBE-ST60.1.1.0
2025-12-04 18:32:52,875 [WARN] PackLoader:240 - Cannot read IP mode file for emotas.I-CUBE-CANOPEN.1.3.0
2025-12-04 18:32:52,897 [WARN] PackLoader:240 - Cannot read IP mode file for STMicroelectronics.X-CUBE-GNSS1.7.1.0
2025-12-04 18:32:52,923 [WARN] PackLoader:240 - Cannot read IP mode file for STMicroelectronics.FP-SNS-STBOX1.2.1.0
2025-12-04 18:32:52,942 [WARN] PackLoader:240 - Cannot read IP mode file for STMicroelectronics.FP-SNS-SMARTAG2.1.2.0
2025-12-04 18:32:52,962 [WARN] PackLoader:240 - Cannot read IP mode file for STMicroelectronics.FP-SNS-FLIGHT1.5.1.0
2025-12-04 18:32:52,989 [INFO] LogOutputStream:77 - [STDOUT_REDIRECT] 1 : Invalid condition id : UX_CORESTACK_Condition cause : null
2025-12-04 18:32:52,989 [INFO] LogOutputStream:77 - [STDOUT_REDIRECT] 1 : Invalid condition id : UX_CORESTACK_Condition cause : null
2025-12-04 18:32:52,991 [INFO] LogOutputStream:77 - [STDOUT_REDIRECT] 1 : Invalid condition id : UX_CORESTACK_Condition cause : null
2025-12-04 18:32:52,992 [INFO] LogOutputStream:77 - [STDOUT_REDIRECT] 1 : Invalid condition id : UX_CORESTACK_Condition cause : null
2025-12-04 18:32:52,994 [INFO] LogOutputStream:77 - [STDOUT_REDIRECT] 1 : Invalid condition id : UX_CORESTACK_Condition cause : null
2025-12-04 18:32:52,996 [WARN] PackLoader:240 - Cannot read IP mode file for STMicroelectronics.X-CUBE-AZRTOS-WL.2.0.0
2025-12-04 18:32:53,046 [WARN] PackLoader:240 - Cannot read IP mode file for STMicroelectronics.X-CUBE-AZRTOS-H7RS.1.2.0
2025-12-04 18:32:53,071 [WARN] PackLoader:240 - Cannot read IP mode file for STMicroelectronics.X-CUBE-BLE2.3.3.0
2025-12-04 18:32:53,132 [INFO] WebApp:225 - Starting web application
2025-12-04 18:32:53,132 [INFO] WebApp:593 - Web application path used C:\ST\STM32CubeIDE_1.19.0\STM32CubeIDE\plugins\com.st.stm32cube.common.mx_6.15.0.202507011659\db\plugins\mcufinder\reactClient1\index.html
2025-12-04 18:32:53,155 [INFO] WebApp:191 - Connection restablished
2025-12-04 18:32:53,188 [WARN] PackLoader:240 - Cannot read IP mode file for Infineon.AIROC-Wi-Fi-Bluetooth-STM32.1.8.0
2025-12-04 18:32:53,239 [WARN] PackLoader:240 - Cannot read IP mode file for STMicroelectronics.X-CUBE-NFC9.1.0.0
2025-12-04 18:32:53,269 [WARN] PackLoader:240 - Cannot read IP mode file for wolfSSL.I-CUBE-wolfSSL.5.8.2
2025-12-04 18:32:53,297 [WARN] PackLoader:240 - Cannot read IP mode file for STMicroelectronics.X-CUBE-BLE1.7.1.0
2025-12-04 18:32:53,324 [WARN] PackLoader:240 - Cannot read IP mode file for wolfSSL.I-CUBE-wolfMQTT.1.19.2
2025-12-04 18:32:53,355 [WARN] PackLoader:240 - Cannot read IP mode file for STMicroelectronics.X-CUBE-FREERTOS.1.4.0
2025-12-04 18:32:53,388 [WARN] PackLoader:240 - Cannot read IP mode file for STMicroelectronics.X-CUBE-EEPRMA1.5.2.0
2025-12-04 18:32:53,398 [WARN] PackLoader:240 - Cannot read IP mode file for Cesanta.I-CUBE-Mongoose.7.20.0
2025-12-04 18:32:53,428 [WARN] PackLoader:240 - Cannot read IP mode file for STMicroelectronics.X-CUBE-ST67W61.1.1.0
2025-12-04 18:32:53,523 [WARN] PackLoader:240 - Cannot read IP mode file for STMicroelectronics.X-CUBE-MEMS1.12.0.0
2025-12-04 18:32:53,707 [WARN] PackLoader:240 - Cannot read IP mode file for STMicroelectronics.X-CUBE-AZRTOS-G0.1.1.0
2025-12-04 18:32:53,748 [WARN] PackLoader:240 - Cannot read IP mode file for STMicroelectronics.X-CUBE-NFC4.3.0.0
2025-12-04 18:32:53,843 [WARN] PackLoader:240 - Cannot read IP mode file for EmbeddedOffice.I-CUBE-FS-RTOS.1.0.1
2025-12-04 18:32:53,893 [WARN] PackLoader:240 - Cannot read IP mode file for STMicroelectronics.X-CUBE-WB05N.2.0.0
2025-12-04 18:32:53,920 [WARN] PackLoader:240 - Cannot read IP mode file for wolfSSL.I-CUBE-wolfTPM.3.8.0
2025-12-04 18:32:53,971 [WARN] PackLoader:240 - Cannot read IP mode file for STMicroelectronics.X-CUBE-TCPP.4.2.0
2025-12-04 18:32:54,002 [WARN] PackLoader:240 - Cannot read IP mode file for RealThread.X-CUBE-RT-Thread_Nano.4.1.1
2025-12-04 18:32:54,029 [WARN] PackLoader:240 - Cannot read IP mode file for STMicroelectronics.FP-ATR-SIGFOX1.3.2.0
2025-12-04 18:32:54,060 [WARN] PackLoader:240 - Cannot read IP mode file for ITTIA_DB.I-CUBE-ITTIADB.8.9.0
2025-12-04 18:32:54,086 [WARN] PackLoader:240 - Cannot read IP mode file for STMicroelectronics.X-CUBE-AI.10.2.0
2025-12-04 18:32:54,144 [WARN] PackLoader:240 - Cannot read IP mode file for SEGGER.I-CUBE-embOS.1.3.1
2025-12-04 18:32:54,217 [WARN] PackLoader:240 - Cannot read IP mode file for STMicroelectronics.X-CUBE-ALGOBUILD.1.4.0
2025-12-04 18:32:54,243 [WARN] PackLoader:240 - Cannot read IP mode file for STMicroelectronics.X-CUBE-PM33A1.1.0.0
2025-12-04 18:32:54,285 [WARN] PackLoader:240 - Cannot read IP mode file for STMicroelectronics.X-CUBE-AZRTOS-F4.1.1.0
2025-12-04 18:32:54,312 [WARN] PackLoader:240 - Cannot read IP mode file for STMicroelectronics.X-CUBE-ISPU.2.1.0
2025-12-04 18:32:54,355 [WARN] PackLoader:240 - Cannot read IP mode file for STMicroelectronics.X-CUBE-IPS.3.2.0
2025-12-04 18:32:54,388 [WARN] PackLoader:240 - Cannot read IP mode file for STMicroelectronics.X-CUBE-NFC12.1.0.0
2025-12-04 18:32:54,451 [WARN] PackLoader:240 - Cannot read IP mode file for STMicroelectronics.X-CUBE-AZRTOS-L5.2.0.0
2025-12-04 18:32:54,483 [WARN] PackLoader:240 - Cannot read IP mode file for STMicroelectronics.X-CUBE-NFC6.3.1.0
2025-12-04 18:32:54,512 [WARN] PackLoader:240 - Cannot read IP mode file for STMicroelectronics.X-CUBE-TOUCHGFX.4.26.0
2025-12-04 18:32:54,540 [WARN] PackLoader:240 - Cannot read IP mode file for STMicroelectronics.FP-SNS-STAIOTCFT.1.0.0
2025-12-04 18:32:54,569 [WARN] PackLoader:240 - Cannot read IP mode file for STMicroelectronics.X-CUBE-DPower.1.3.0
2025-12-04 18:32:54,619 [WARN] ConditionMgr:438 - getConditionDescription Invalid condition id : LAN8742 Phy interface Condition cause : null
2025-12-04 18:32:54,620 [WARN] PackLoader:240 - Cannot read IP mode file for STMicroelectronics.X-CUBE-AZRTOS-L4.2.0.0
2025-12-04 18:32:54,621 [WARN] ConditionMgr:1044 - genDependencies : Invalid condition id : LAN8742 Phy interface Condition cause : null
2025-12-04 18:32:54,622 [WARN] ConditionMgr:1044 - genDependencies : Invalid condition id : LAN8742 Phy interface Condition cause : null
2025-12-04 18:32:54,623 [WARN] ConditionMgr:1044 - genDependencies : Invalid condition id : LAN8742 Phy interface Condition cause : null
2025-12-04 18:32:54,656 [WARN] PackLoader:240 - Cannot read IP mode file for STMicroelectronics.X-CUBE-SFXS2LP1.4.0.0
2025-12-04 18:32:54,692 [WARN] PackLoader:240 - Cannot read IP mode file for STMicroelectronics.X-CUBE-BLEMGR.4.1.0
2025-12-04 18:32:54,747 [WARN] ConditionMgr:438 - getConditionDescription Invalid condition id : UX DEVICE CLASS RTOS Condition cause : null
2025-12-04 18:32:54,748 [WARN] ConditionMgr:438 - getConditionDescription Invalid condition id : UX DEVICE CLASS RTOS Condition cause : null
2025-12-04 18:32:54,749 [WARN] PackLoader:240 - Cannot read IP mode file for STMicroelectronics.X-CUBE-AZRTOS-WB.2.0.0
2025-12-04 18:32:54,749 [WARN] ConditionMgr:1044 - genDependencies : Invalid condition id : UX DEVICE CLASS RTOS Condition cause : null
2025-12-04 18:32:54,750 [WARN] ConditionMgr:1044 - genDependencies : Invalid condition id : UX DEVICE CLASS RTOS Condition cause : null
2025-12-04 18:32:54,750 [WARN] ConditionMgr:1044 - genDependencies : Invalid condition id : UX DEVICE CLASS RTOS Condition cause : null
2025-12-04 18:32:54,750 [WARN] ConditionMgr:1044 - genDependencies : Invalid condition id : UX DEVICE CLASS RTOS Condition cause : null
2025-12-04 18:32:54,750 [WARN] ConditionMgr:1044 - genDependencies : Invalid condition id : UX DEVICE CLASS RTOS Condition cause : null
2025-12-04 18:32:54,760 [WARN] ConditionMgr:438 - getConditionDescription Invalid condition id : Cortex-A Device cause : null
2025-12-04 18:32:54,792 [WARN] ConditionMgr:1044 - genDependencies : Invalid condition id : Cortex-A Device cause : null
2025-12-04 18:32:54,792 [WARN] ConditionMgr:1044 - genDependencies : Invalid condition id : Cortex-A Device cause : null
2025-12-04 18:32:54,792 [WARN] ConditionMgr:1044 - genDependencies : Invalid condition id : Cortex-A Device cause : null
2025-12-04 18:32:54,829 [WARN] PackLoader:240 - Cannot read IP mode file for STMicroelectronics.X-CUBE-SUBG2.5.0.0
2025-12-04 18:32:54,875 [WARN] PackLoader:240 - Cannot read IP mode file for STMicroelectronics.X-CUBE-AZRTOS-G4.2.0.0
2025-12-04 18:32:54,884 [WARN] PackLoader:240 - Cannot read IP mode file for wolfSSL.I-CUBE-wolfSSH.1.4.20
2025-12-04 18:32:54,903 [WARN] PackLoader:240 - Cannot read IP mode file for STMicroelectronics.X-CUBE-NFC7.2.0.0
2025-12-04 18:32:54,924 [WARN] PackLoader:240 - Cannot read IP mode file for STMicroelectronics.X-CUBE-ALS.1.0.2
2025-12-04 18:32:54,947 [WARN] PackLoader:240 - Cannot read IP mode file for STMicroelectronics.X-CUBE-STSE01.1.0.0
2025-12-04 18:32:54,975 [WARN] PackLoader:240 - Cannot read IP mode file for STMicroelectronics.X-CUBE-TOF1.3.4.3
2025-12-04 18:32:54,983 [INFO] ThirdParty:978 - Integrity check success = true
2025-12-04 18:32:54,983 [INFO] IntegrityCheckThread:100 - exiting critical section [integrity check]
2025-12-04 18:32:54,983 [INFO] IntegrityCheckThread:103 - End integrity checks thread
2025-12-04 18:33:20,677 [INFO] McuFinderGlobals:63 - Set McuFinder mode to 2 (CubeIDE integrated)
2025-12-04 18:33:20,709 [INFO] MainUpdater:2872 - connection check result : 10
2025-12-04 18:33:20,712 [INFO] MainUpdater:2872 - connection check result : 10
2025-12-04 18:33:20,828 [INFO] MicroXplorer:468 - Change Database Path : 
2025-12-04 18:33:20,829 [INFO] MicroXplorer:498 - Change Database Version : DB.6.0.150
2025-12-04 18:33:20,838 [WARN] ThirdParty:871 - waiting for thirdparty lock release [close project]
2025-12-04 18:33:20,838 [INFO] ThirdParty:873 - entering critical section [close project]
2025-12-04 18:33:20,840 [INFO] ThirdParty:883 - exiting critical section [close project]
2025-12-04 18:33:20,842 [INFO] PinOutPanel:1589 - setPackage(No Configuration,No Configuration)
2025-12-04 18:33:20,844 [INFO] UtilMem:75 - Begin LoadConfig() Used Memory: 201060080 Bytes (315621376)
2025-12-04 18:33:20,846 [INFO] MicroXplorer:468 - Change Database Path : 
2025-12-04 18:33:20,846 [INFO] MicroXplorer:498 - Change Database Version : DB.6.0.150
2025-12-04 18:33:20,846 [INFO] OpenFileManager:355 - Change cursor
2025-12-04 18:33:20,874 [INFO] Mcu:2029 - Initializing MCU STM32F103C(8-B)Tx STM32F103C8Tx STM32F103C8T6
2025-12-04 18:33:22,000 [INFO] Context:786 - Trying to add GPIOservice into a context  which must be forbidden
2025-12-04 18:33:22,353 [INFO] ImportTextPane:234 - (OptionalMessage_ERROR) Pin11 (VP_RIF_VS_RIF1) cannot be retrieved for this MCU
2025-12-04 18:33:22,628 [INFO] RtosManager:558 - Registered RTOS mode: class=CMSIS, group=RTOS, mode=CMSIS_V1, owner=FREERTOS
2025-12-04 18:33:22,628 [INFO] RtosManager:558 - Registered RTOS mode: class=CMSIS, group=RTOS2, mode=CMSIS_V2, owner=FREERTOS
2025-12-04 18:33:22,629 [INFO] RtosManager:558 - Registered RTOS mode: class=RTOS, group=Core, mode=CMSIS_V1, owner=FREERTOS
2025-12-04 18:33:22,629 [INFO] RtosManager:558 - Registered RTOS mode: class=RTOS, group=Core, mode=CMSIS_V2, owner=FREERTOS
2025-12-04 18:33:22,629 [WARN] ModelIntegratedComponent:184 - Missing modes for component STMicroelectronics:FreeRTOS:0.0.1:STMicroelectronics:RTOS:FreeRTOS:Core:::10.2.0:
2025-12-04 18:33:22,665 [WARN] ModelIntegratedComponent:63 - No mode defined for component null
2025-12-04 18:33:22,665 [WARN] ModelIntegratedComponent:63 - No mode defined for component null
2025-12-04 18:33:22,665 [WARN] ModelIntegratedComponent:63 - No mode defined for component null
2025-12-04 18:33:22,666 [WARN] ModelIntegratedComponent:63 - No mode defined for component null
2025-12-04 18:33:22,666 [WARN] ModelIntegratedComponent:63 - No mode defined for component null
2025-12-04 18:33:22,666 [WARN] ModelIntegratedComponent:63 - No mode defined for component null
2025-12-04 18:33:22,666 [WARN] ModelIntegratedComponent:63 - No mode defined for component null
2025-12-04 18:33:22,666 [WARN] ModelIntegratedComponent:63 - No mode defined for component null
2025-12-04 18:33:22,666 [WARN] ModelIntegratedComponent:63 - No mode defined for component null
2025-12-04 18:33:22,666 [WARN] ModelIntegratedComponent:63 - No mode defined for component null
2025-12-04 18:33:22,666 [WARN] ModelIntegratedComponent:63 - No mode defined for component null
2025-12-04 18:33:22,666 [WARN] ModelIntegratedComponent:63 - No mode defined for component null
2025-12-04 18:33:22,666 [WARN] ModelIntegratedComponent:63 - No mode defined for component null
2025-12-04 18:33:22,666 [WARN] ModelIntegratedComponent:63 - No mode defined for component null
2025-12-04 18:33:22,666 [WARN] ModelIntegratedComponent:63 - No mode defined for component null
2025-12-04 18:33:22,667 [WARN] ModelIntegratedComponent:63 - No mode defined for component null
2025-12-04 18:33:22,667 [WARN] ModelIntegratedComponent:63 - No mode defined for component null
2025-12-04 18:33:22,667 [WARN] ModelIntegratedComponent:63 - No mode defined for component null
2025-12-04 18:33:22,667 [WARN] ModelIntegratedComponent:63 - No mode defined for component null
2025-12-04 18:33:22,667 [WARN] ModelIntegratedComponent:63 - No mode defined for component null
2025-12-04 18:33:22,667 [WARN] ModelIntegratedComponent:63 - No mode defined for component null
2025-12-04 18:33:22,667 [WARN] ModelIntegratedComponent:63 - No mode defined for component null
2025-12-04 18:33:22,667 [WARN] ModelIntegratedComponent:63 - No mode defined for component null
2025-12-04 18:33:22,667 [WARN] ModelIntegratedComponent:63 - No mode defined for component null
2025-12-04 18:33:22,667 [WARN] ModelIntegratedComponent:63 - No mode defined for component null
2025-12-04 18:33:22,667 [WARN] ModelIntegratedComponent:63 - No mode defined for component null
2025-12-04 18:33:22,667 [WARN] ModelIntegratedComponent:63 - No mode defined for component null
2025-12-04 18:33:22,667 [WARN] ModelIntegratedComponent:63 - No mode defined for component null
2025-12-04 18:33:22,668 [WARN] ModelIntegratedComponent:63 - No mode defined for component null
2025-12-04 18:33:22,668 [WARN] ModelIntegratedComponent:63 - No mode defined for component null
2025-12-04 18:33:22,668 [WARN] ModelIntegratedComponent:63 - No mode defined for component null
2025-12-04 18:33:22,668 [WARN] ModelIntegratedComponent:63 - No mode defined for component null
2025-12-04 18:33:22,668 [WARN] ModelIntegratedComponent:63 - No mode defined for component null
2025-12-04 18:33:22,668 [WARN] ModelIntegratedComponent:63 - No mode defined for component null
2025-12-04 18:33:22,668 [WARN] ModelIntegratedComponent:63 - No mode defined for component null
2025-12-04 18:33:22,669 [WARN] ModelPack:524 - Component already loaded: STMicroelectronics:HAL Drivers:0.0.0:STMicroelectronics:Device:STMicro_Driver:XSPI:HAL::0.0.1:HAL_XSPI
2025-12-04 18:33:22,729 [INFO] ThirdPartyModel:298 - Start build external matchings
2025-12-04 18:33:23,166 [INFO] ThirdPartyModel:316 - End build external matchings
2025-12-04 18:33:23,694 [INFO] ApiDb:581 - Connected to CubeFinder SQLite database (C:\Users\Ovi\.stmcufinder\plugins\mcufinder\mcu\cube-finder-db.db)
2025-12-04 18:33:23,923 [INFO] ApiDb:668 - CubeFinder database Data Model version=2.1
2025-12-04 18:33:23,923 [INFO] ApiDb:669 - CubeFinder database Configuration version=3.0.39
2025-12-04 18:33:23,923 [INFO] ApiDb:670 - CubeFinder database generation date=2025-11-05 (1762334721)
2025-12-04 18:33:23,923 [INFO] ApiDb:671 - CubeFinder database FW Pack versions=[FP-ATR-ASTRA1_V2.0.0, FP-SNS-FLIGHT1_V5.1.0, FP-SNS-MOTENV1_V5.1.0, FP-SNS-MOTENVWB1_V1.4.0, FP-SNS-SMARTAG2_V1.2.0, FP-SNS-STBOX1_V2.1.0, STM32Cube_FW_C0_V1.4.0, STM32Cube_FW_F4_V1.28.3, STM32Cube_FW_F7_V1.17.4, STM32Cube_FW_G0_V1.6.2, STM32Cube_FW_G4_V1.6.1, STM32Cube_FW_H5_V1.5.1, STM32Cube_FW_H7RS_V1.3.0, STM32Cube_FW_H7_V1.12.1, STM32Cube_FW_L0_V1.12.2, STM32Cube_FW_L4_V1.18.1, STM32Cube_FW_L5_V1.6.0, STM32Cube_FW_N6_V1.3.0, STM32Cube_FW_U0_V1.3.0, STM32Cube_FW_U3_V1.2.1, STM32Cube_FW_U5_V1.8.0, STM32Cube_FW_WB0_V1.4.0, STM32Cube_FW_WBA_V1.8.0, STM32Cube_FW_WB_V1.24.0, STM32Cube_FW_WL3_V1.3.0, STM32Cube_FW_WL_V1.4.0, X-CUBE-ALGOBUILD_V1.4.0, X-CUBE-ALS_V1.0.2, X-CUBE-AZRTOS-F4_V1.1.0, X-CUBE-AZRTOS-F7_V1.1.0, X-CUBE-AZRTOS-G0_V1.1.0, X-CUBE-AZRTOS-G4_V2.0.0, X-CUBE-AZRTOS-H7RS_V1.1.0, X-CUBE-AZRTOS-H7_V3.4.0, X-CUBE-AZRTOS-L4_V2.0.0, X-CUBE-AZRTOS-L5_V2.0.0, X-CUBE-AZRTOS-WB_V2.0.0, X-CUBE-AZRTOS-WL_V2.0.0, X-CUBE-BLE1_V7.1.0, X-CUBE-BLE2_V3.3.0, X-CUBE-BLEMGR_V4.1.0, X-CUBE-EEPRMA1_V5.2.0, X-CUBE-FREERTOS_V1.3.1, X-CUBE-GNSS1_V6.0.0, X-CUBE-MEMS1_V11.3.0, X-CUBE-NFC4_V3.0.0, X-CUBE-NFC7_V2.0.0, X-CUBE-SFXS2LP1_V4.0.0, X-CUBE-ST67W61_V1.1.0, X-CUBE-SUBG2_V5.0.0, X-CUBE-TOF1_V3.4.3]
2025-12-04 18:33:24,096 [INFO] DbBoardsSqlite:226 - include board P-NUCLEO-WB55-NUCLEO as a kit item of type 'Nucleo-64'
2025-12-04 18:33:24,097 [INFO] DbBoardsSqlite:226 - include board P-NUCLEO-WB55-USBDONGLE as a kit item of type 'Nucleo USB Dongle'
2025-12-04 18:33:24,099 [INFO] DbBoardsSqlite:226 - include board STEVAL-IDP005V1 as a kit item of type 'Evaluation Board'
2025-12-04 18:33:24,099 [INFO] DbBoardsSqlite:226 - include board STEVAL-IDP005V2 as a kit item of type 'Evaluation Board'
2025-12-04 18:33:24,286 [INFO] ApiDb:240 - Found 880 in-development CPN: [B-G473E-ZEST1S, B-WB1M-WPAN1, B-WBA5M-WPAN, B-WL5M-SUBG1, NUCLEO-C031C6, NUCLEO-C051C8, NUCLEO-C071RB, NUCLEO-C092RC, NUCLEO-H503RB, NUCLEO-H533RE, NUCLEO-H563ZI, NUCLEO-H7S3L8, NUCLEO-N657X0-Q, NUCLEO-U031R8, NUCLEO-U083RC, NUCLEO-U385RG-Q, NUCLEO-U545RE-Q, NUCLEO-U5A5ZJ-Q, NUCLEO-WB05KZ, NUCLEO-WB07CC, NUCLEO-WB09KE, NUCLEO-WBA52CG, NUCLEO-WBA55CG, NUCLEO-WL33CC1, NUCLEO-WL33CC2, STEVAL-PROTEUS1, STEVAL-SMARTAG2, STEVAL-STWINBX1, STM320518-EVAL, STM32C0116-DK, STM32C011D6Y3TR, STM32C011D6Y6TR, STM32C011F4P3, STM32C011F4P6, STM32C011F4U3, STM32C011F4U6TR, STM32C011F6P3, STM32C011F6P6, STM32C011F6U3, STM32C011F6U6TR, STM32C011J4M3, STM32C011J4M6, STM32C011J6M3, STM32C011J6M6, STM32C0316-DK, STM32C031C4T3, STM32C031C4T6, STM32C031C4U3, STM32C031C4U6, STM32C031C6T3, STM32C031C6T6, STM32C031C6U3, STM32C031C6U6, STM32C031F4P3, STM32C031F4P6, STM32C031F6P3, STM32C031F6P6, STM32C031G4U3, STM32C031G4U6, STM32C031G6U3, STM32C031G6U6, STM32C031K4T3, STM32C031K4T6, STM32C031K4U3, STM32C031K4U6, STM32C031K6T3, STM32C031K6T6, STM32C031K6U3, STM32C031K6U6, STM32C051C6T6, STM32C051C6U6, STM32C051C8T6, STM32C051C8U6, STM32C051D8Y6TR, STM32C051F6P6, STM32C051F8P6, STM32C051G6U6, STM32C051G8U6, STM32C051K6T6, STM32C051K6U6, STM32C051K8T6, STM32C071C8T6, STM32C071C8T6N, STM32C071C8U6, STM32C071C8U6N, STM32C071CBT6, STM32C071CBT6N, STM32C071CBU6, STM32C071CBU6N, STM32C071F8P6, STM32C071F8P6N, STM32C071FBP6, STM32C071FBP6N, STM32C071FBY6TR, STM32C071G8U6, STM32C071G8U6N, STM32C071GBU6, STM32C071GBU6N, STM32C071K8T6, STM32C071K8T6N, STM32C071K8U6, STM32C071K8U6N, STM32C071KBT6, STM32C071KBT6N, STM32C071KBU6, STM32C071KBU6N, STM32C071R8T6, STM32C071R8T6N, STM32C071RBI6N, STM32C071RBT6, STM32C071RBT6N, STM32C091CBT6, STM32C091CBU6, STM32C091CCT6, STM32C091CCU6, STM32C091ECY6TR, STM32C091FBP6, STM32C091FCP6, STM32C091GBU6, STM32C091GCU6, STM32C091KBT6, STM32C091KBU6, STM32C091KCT6, STM32C091KCU6, STM32C091RBT6, STM32C091RCI6, STM32C091RCT6, STM32C092CBT6, STM32C092CBU6, STM32C092CCT6, STM32C092CCU6, STM32C092ECY6TR, STM32C092FBP6, STM32C092FCP6, STM32C092GBU6, STM32C092GCU6, STM32C092KBT6, STM32C092KBU6, STM32C092KCT6, STM32C092KCU6, STM32C092RBT6, STM32C092RCI6, STM32C092RCT6, STM32G071K8TXN, STM32G071K8UXN, STM32G081GBU6N, STM32G081KBT6N, STM32G081KBUXN, STM32G0B1CCT6N, STM32G0B1KCT6, STM32G0B1NEY6TR, STM32G0B1RCT6N, STM32G0C1CCT6, STM32G0C1CCT6N, STM32G0C1CCU6N, STM32G0C1CET6N, STM32G0C1CEU6N, STM32G0C1KCT6, STM32G0C1NEY6TR, STM32G0C1RCI6N, STM32G0C1RCT6N, STM32G0C1REI6N, STM32G0C1RET6N, STM32G0C1VCI6, STM32G0C1VEI6, STM32G411C6T3, STM32G411C6T6, STM32G411C6U3, STM32G411C6U6, STM32G411C8T3, STM32G411C8T6, STM32G411C8U3, STM32G411C8U6, STM32G411CBT3, STM32G411CBT6, STM32G411CBU3, STM32G411CBU6, STM32G411K6T3, STM32G411K6T6, STM32G411K6U3, STM32G411K6U6, STM32G411K8T3, STM32G411K8T6, STM32G411K8U3, STM32G411K8U6, STM32G411KBT3, STM32G411KBT6, STM32G411KBU3, STM32G411KBU6, STM32G411M6T3, STM32G411M6T6, STM32G411M8T3, STM32G411M8T6, STM32G411MBT3, STM32G411MBT6, STM32G411R6T3, STM32G411R6T6, STM32G411R8T3, STM32G411R8T6, STM32G411RBT3, STM32G411RBT6, STM32G414CBT3, STM32G414CBT6, STM32G414CBU3, STM32G414CBU6, STM32G414CCT3, STM32G414CCT6, STM32G414CCU3, STM32G414CCU6, STM32G414MBT3, STM32G414MBT6, STM32G414MCT3, STM32G414MCT6, STM32G414RBT3, STM32G414RBT6, STM32G414RCT3, STM32G414RCT6, STM32G414VBT3, STM32G414VBT6, STM32G414VCT3, STM32G414VCT6, STM32G431CBT3Z, STM32G431RBT3Z, STM32G471CCT6, STM32G471CCU6, STM32G471CET3, STM32G471CET6, STM32G471CEU3, STM32G471CEU6, STM32G471MCT6, STM32G471MET3, STM32G471MET6, STM32G471MEY6TR, STM32G471QCT6, STM32G471QET3, STM32G471RCT6, STM32G471RET3, STM32G471RET6, STM32G471VCH6, STM32G471VCI6, STM32G471VCT6, STM32G471VEH3, STM32G471VEH6, STM32G471VEI3, STM32G471VEI6, STM32G471VET3, STM32G471VET6, STM32G473QET3Z, STM32G473RET3Z, STM32G474CCT6, STM32G491RET3Z, STM32H503CBT6, STM32H503CBU6, STM32H503EBY6TR, STM32H503KBU6, STM32H503RBT6, STM32H523CCT6, STM32H523CCU6, STM32H523CET6, STM32H523CEU6, STM32H523HEY6TR, STM32H523RCT6, STM32H523RET6, STM32H523VCI6, STM32H523VCT6, STM32H523VEI6, STM32H523VET6, STM32H523ZCJ6, STM32H523ZCT6, STM32H523ZEJ6, STM32H523ZET6, STM32H533CET6, STM32H533CEU6, STM32H533HEY6TR, STM32H533RET6, STM32H533VEI6, STM32H533VET6, STM32H533ZEJ6, STM32H533ZET6, STM32H562AGI6, STM32H562AII6, STM32H562IGK6, STM32H562IGT6, STM32H562IIK6, STM32H562IIT6, STM32H562RGT6, STM32H562RGV6, STM32H562RIT6, STM32H562RIV6, STM32H562VGT6, STM32H562VIT6, STM32H562ZGT6, STM32H562ZIT6, STM32H563AGI6, STM32H563AII3Q, STM32H563AII6, STM32H563IGK6, STM32H563IGT6, STM32H563IIK3Q, STM32H563IIK6, STM32H563IIT3Q, STM32H563IIT6, STM32H563MIY3QTR, STM32H563RGT6, STM32H563RGV6, STM32H563RIT6, STM32H563RIV6, STM32H563VGT6, STM32H563VIT3Q, STM32H563VIT6, STM32H563ZGT6, STM32H563ZIT3Q, STM32H563ZIT6, STM32H573AII3Q, STM32H573AII6, STM32H573I-DK, STM32H573IIK3Q, STM32H573IIK6, STM32H573IIT3Q, STM32H573IIT6, STM32H573MIY3QTR, STM32H573RIT6, STM32H573RIV6, STM32H573VIT3Q, STM32H573VIT6, STM32H573ZIT3Q, STM32H573ZIT6, STM32H7R3A8I6, STM32H7R3I8K6, STM32H7R3I8T6, STM32H7R3L8H6, STM32H7R3L8H6H, STM32H7R3R8V6, STM32H7R3V8H6, STM32H7R3V8T6, STM32H7R3V8Y6TR, STM32H7R3Z8J6, STM32H7R3Z8T6, STM32H7R7A8I6, STM32H7R7I8K6, STM32H7R7I8T6, STM32H7R7L8H6, STM32H7R7L8H6H, STM32H7R7Z8J6, STM32H7S3A8I6, STM32H7S3I8K6, STM32H7S3I8T6, STM32H7S3L8H6, STM32H7S3L8H6H, STM32H7S3R8V6, STM32H7S3V8H6, STM32H7S3V8T6, STM32H7S3V8Y6TR, STM32H7S3Z8J6, STM32H7S3Z8T6, STM32H7S78-DK, STM32H7S7A8I6, STM32H7S7I8K6, STM32H7S7I8T6, STM32H7S7L8H6, STM32H7S7L8H6H, STM32H7S7Z8J6, STM32L4R5QGI6STR, STM32MP131AAE3, STM32MP131AAF3, STM32MP131AAG3, STM32MP131CAE3, STM32MP131CAF3, STM32MP131CAG3, STM32MP131DAE7, STM32MP131DAF7, STM32MP131DAG7, STM32MP131FAE7, STM32MP131FAF7, STM32MP131FAG7, STM32MP133AAE3, STM32MP133AAF3, STM32MP133AAG3, STM32MP133CAE3, STM32MP133CAF3, STM32MP133CAG3, STM32MP133DAE7, STM32MP133DAF7, STM32MP133DAG7, STM32MP133FAE7, STM32MP133FAF7, STM32MP133FAG7, STM32MP135AAE3, STM32MP135AAF3, STM32MP135AAG3, STM32MP135CAE3, STM32MP135CAF3, STM32MP135CAG3, STM32MP135DAE7, STM32MP135DAF7, STM32MP135DAG7, STM32MP135F-DK, STM32MP135FAE7, STM32MP135FAF7, STM32MP135FAF7T, STM32MP135FAF7U, STM32MP135FAG7, STM32MP211AAL3, STM32MP211AAM3, STM32MP211AAN3, STM32MP211AAO3, STM32MP211CAL3, STM32MP211CAM3, STM32MP211CAN3, STM32MP211CAO3, STM32MP211DAL3, STM32MP211DAM3, STM32MP211DAN3, STM32MP211DAO3, STM32MP211FAL3, STM32MP211FAM3, STM32MP211FAN3, STM32MP211FAO3, STM32MP213AAL3, STM32MP213AAM3, STM32MP213AAN3, STM32MP213AAO3, STM32MP213CAL3, STM32MP213CAM3, STM32MP213CAN3, STM32MP213CAO3, STM32MP213DAL3, STM32MP213DAM3, STM32MP213DAN3, STM32MP213DAO3, STM32MP213FAL3, STM32MP213FAM3, STM32MP213FAN3, STM32MP213FAO3, STM32MP215AAL3, STM32MP215AAM3, STM32MP215AAN3, STM32MP215AAO3, STM32MP215CAL3, STM32MP215CAM3, STM32MP215CAN3, STM32MP215CAO3, STM32MP215DAL3, STM32MP215DAM3, STM32MP215DAN3, STM32MP215DAO3, STM32MP215F-DK, STM32MP215FAL3, STM32MP215FAM3, STM32MP215FAN3, STM32MP215FAO3, STM32MP231AAJ3, STM32MP231AAK3, STM32MP231AAL3, STM32MP231CAJ3, STM32MP231CAK3, STM32MP231CAL3, STM32MP231DAJ3, STM32MP231DAK3, STM32MP231DAL3, STM32MP231FAJ3, STM32MP231FAK3, STM32MP231FAL3, STM32MP233AAJ3, STM32MP233AAK3, STM32MP233AAL3, STM32MP233CAJ3, STM32MP233CAK3, STM32MP233CAL3, STM32MP233DAJ3, STM32MP233DAK3, STM32MP233DAL3, STM32MP233FAJ3, STM32MP233FAK3, STM32MP233FAL3, STM32MP235AAJ3, STM32MP235AAK3, STM32MP235AAL3, STM32MP235CAJ3, STM32MP235CAK3, STM32MP235CAL3, STM32MP235DAJ3, STM32MP235DAK3, STM32MP235DAL3, STM32MP235FAJ3, STM32MP235FAK3, STM32MP235FAL3, STM32MP251AAI3, STM32MP251AAK3, STM32MP251AAL3, STM32MP251CAI3, STM32MP251CAK3, STM32MP251CAL3, STM32MP251DAI3, STM32MP251DAK3, STM32MP251DAL3, STM32MP251FAI3, STM32MP251FAK3, STM32MP251FAL3, STM32MP253AAI3, STM32MP253AAK3, STM32MP253AAL3, STM32MP253CAI3, STM32MP253CAK3, STM32MP253CAL3, STM32MP253DAI3, STM32MP253DAK3, STM32MP253DAL3, STM32MP253FAI3, STM32MP253FAK3, STM32MP253FAL3, STM32MP255AAI3, STM32MP255AAK3, STM32MP255AAL3, STM32MP255CAI3, STM32MP255CAK3, STM32MP255CAL3, STM32MP255DAI3, STM32MP255DAK3, STM32MP255DAL3, STM32MP255FAI3, STM32MP255FAK3, STM32MP255FAL3, STM32MP257AAI3, STM32MP257AAK3, STM32MP257AAL3, STM32MP257CAI3, STM32MP257CAK3, STM32MP257CAL3, STM32MP257DAI3, STM32MP257DAK3, STM32MP257DAL3, STM32MP257F-DK, STM32MP257F-EV1, STM32MP257FAI3, STM32MP257FAK3, STM32MP257FAL3, STM32N645A0H3Q, STM32N645B0H3Q, STM32N645I0H3Q, STM32N645L0H3Q, STM32N645X0H3Q, STM32N645Z0H3Q, STM32N647A0H3Q, STM32N647B0H3Q, STM32N647I0H3Q, STM32N647L0H3Q, STM32N647X0H3Q, STM32N647Z0H3Q, STM32N655A0H3Q, STM32N655B0H3Q, STM32N655I0H3Q, STM32N655L0H3Q, STM32N655X0H3Q, STM32N655Z0H3Q, STM32N6570-DK, STM32N657A0H3Q, STM32N657B0H3Q, STM32N657I0H3Q, STM32N657L0H3Q, STM32N657X0H3Q, STM32N657Z0H3Q, STM32U031C6T6, STM32U031C6U6, STM32U031C8T6, STM32U031C8U6, STM32U031F4P6, STM32U031F6P6, STM32U031F8P6, STM32U031G6Y6TR, STM32U031G8Y6TR, STM32U031K4U6, STM32U031K6U6, STM32U031K8U6, STM32U031R6I6, STM32U031R6T6, STM32U031R8I6, STM32U031R8T6, STM32U073C8T6, STM32U073C8U6, STM32U073CBT6, STM32U073CBU6, STM32U073CCT6, STM32U073CCU6, STM32U073H8Y6TR, STM32U073HBY6TR, STM32U073HCY6TR, STM32U073K8U6, STM32U073KBU6, STM32U073KCU6, STM32U073M8I6, STM32U073M8T6, STM32U073MBI6, STM32U073MBT6, STM32U073MCI6, STM32U073MCT6, STM32U073R8I6, STM32U073R8T6, STM32U073RBI6, STM32U073RBT6, STM32U073RCI6, STM32U073RCT6, STM32U083C-DK, STM32U083CCT6, STM32U083CCU6, STM32U083HCY6TR, STM32U083KCU6, STM32U083MCI6, STM32U083MCT6, STM32U083RCI6, STM32U083RCT6, STM32U375CET6, STM32U375CET6Q, STM32U375CEU6, STM32U375CEU6Q, STM32U375CEY6QTR, STM32U375CGT6, STM32U375CGT6Q, STM32U375CGU6, STM32U375CGU6Q, STM32U375CGY6QTR, STM32U375KEU6, STM32U375KGU6, STM32U375REI6, STM32U375REI6Q, STM32U375RET6, STM32U375RET6Q, STM32U375REY6GTR, STM32U375REY6QTR, STM32U375RGI6, STM32U375RGI6Q, STM32U375RGT6, STM32U375RGT6Q, STM32U375RGY6GTR, STM32U375RGY6QTR, STM32U375VEI6, STM32U375VEI6Q, STM32U375VET6, STM32U375VET6Q, STM32U375VGI6, STM32U375VGI6Q, STM32U375VGT6, STM32U375VGT6Q, STM32U385CGT6, STM32U385CGT6Q, STM32U385CGU6, STM32U385CGU6Q, STM32U385CGY6QTR, STM32U385KGU6, STM32U385RGI6, STM32U385RGI6Q, STM32U385RGT6, STM32U385RGT6Q, STM32U385RGY6GTR, STM32U385RGY6QTR, STM32U385VGI6, STM32U385VGI6Q, STM32U385VGT6, STM32U385VGT6Q, STM32U535CBT6, STM32U535CBT6Q, STM32U535CBU6, STM32U535CBU6Q, STM32U535CCT6, STM32U535CCT6Q, STM32U535CCU6, STM32U535CCU6Q, STM32U535CET6, STM32U535CET6Q, STM32U535CEU6, STM32U535CEU6Q, STM32U535JEY6QTR, STM32U535NCY6QTR, STM32U535NEY6QTR, STM32U535RBI6, STM32U535RBI6Q, STM32U535RBT6, STM32U535RBT6Q, STM32U535RCI6, STM32U535RCI6Q, STM32U535RCT6, STM32U535RCT6Q, STM32U535REI6, STM32U535REI6Q, STM32U535RET6, STM32U535RET6Q, STM32U535VCI6, STM32U535VCI6Q, STM32U535VCT6, STM32U535VCT6Q, STM32U535VEI6, STM32U535VEI6Q, STM32U535VET6, STM32U535VET6Q, STM32U545CET6, STM32U545CET6Q, STM32U545CEU6, STM32U545CEU6Q, STM32U545JEY6QTR, STM32U545NEY6QTR, STM32U545REI6, STM32U545REI6Q, STM32U545RET6, STM32U545RET6Q, STM32U545VEI6, STM32U545VEI6Q, STM32U545VET6, STM32U545VET6Q, STM32U595AIH6, STM32U595AIH6Q, STM32U595AJH6, STM32U595AJH6Q, STM32U595QII6, STM32U595QII6Q, STM32U595QJI6, STM32U595QJI6Q, STM32U595RIT6, STM32U595RIT6Q, STM32U595RJT6, STM32U595RJT6Q, STM32U595VIT6, STM32U595VIT6Q, STM32U595VJT6, STM32U595VJT6Q, STM32U595ZIT6, STM32U595ZIT6Q, STM32U595ZIY6QTR, STM32U595ZJT6, STM32U595ZJT6Q, STM32U595ZJY6QTR, STM32U599BJY6QTR, STM32U599NIH6Q, STM32U599NJH6Q, STM32U599VIT6Q, STM32U599VJT6, STM32U599VJT6Q, STM32U599ZIT6Q, STM32U599ZIY6QTR, STM32U599ZJT6Q, STM32U599ZJY6QTR, STM32U5A5AJH6, STM32U5A5AJH6Q, STM32U5A5QII3Q , STM32U5A5QJI6, STM32U5A5QJI6Q, STM32U5A5RJT6, STM32U5A5RJT6Q, STM32U5A5VJT6, STM32U5A5VJT6Q, STM32U5A5ZJT6, STM32U5A5ZJT6Q, STM32U5A5ZJY6QTR, STM32U5A9BJY6QTR, STM32U5A9J-DK, STM32U5A9NJH6Q, STM32U5A9VJT6Q, STM32U5A9ZJT6Q, STM32U5A9ZJY6QTR, STM32U5F7VIT6, STM32U5F7VIT6Q, STM32U5F7VJT6, STM32U5F7VJT6Q, STM32U5F9BJY6QTR, STM32U5F9NJH6Q, STM32U5F9VIT6Q, STM32U5F9VJT6Q, STM32U5F9ZIJ6QTR, STM32U5F9ZIT6Q, STM32U5F9ZJJ6QTR, STM32U5F9ZJT6Q, STM32U5G7VJT6, STM32U5G7VJT6Q, STM32U5G9BJY6QTR, STM32U5G9J-DK1, STM32U5G9J-DK2, STM32U5G9NJH6Q, STM32U5G9VJT6Q, STM32U5G9ZJJ6QTR, STM32U5G9ZJT6Q, STM32WB05KZV6TR, STM32WB05KZV7TR, STM32WB05TZF6TR, STM32WB05TZF7TR, STM32WB06CCF6TR, STM32WB06CCF7TR, STM32WB06CCV6TR, STM32WB06CCV7TR, STM32WB06KCV6TR, STM32WB06KCV7TR, STM32WB07CCF6TR, STM32WB07CCF7TR, STM32WB07CCV6TR, STM32WB07CCV7TR, STM32WB07KCV6TR, STM32WB07KCV7TR, STM32WB09KEV6TR, STM32WB09KEV7TR, STM32WB09TEF6TR, STM32WB09TEF7TR, STM32WB1MMCH6, STM32WBA50KGU6, STM32WBA50KGU6TR, STM32WBA52CEU6, STM32WBA52CEU6TR, STM32WBA52CEU7, STM32WBA52CEU7TR, STM32WBA52CGU6, STM32WBA52CGU6TR, STM32WBA52CGU6U, STM32WBA52CGU7, STM32WBA52CGU7TR, STM32WBA52KEU6, STM32WBA52KEU6TR, STM32WBA52KGU6, STM32WBA52KGU6TR, STM32WBA54CEU6, STM32WBA54CEU6TR, STM32WBA54CEU7, STM32WBA54CEU7TR, STM32WBA54CGU6, STM32WBA54CGU6TR, STM32WBA54CGU7, STM32WBA54CGU7TR, STM32WBA54KEU6, STM32WBA54KEU6TR, STM32WBA54KEU7, STM32WBA54KEU7TR, STM32WBA54KGU6, STM32WBA54KGU6TR, STM32WBA54KGU7, STM32WBA54KGU7TR, STM32WBA55CEU6, STM32WBA55CEU6TR, STM32WBA55CEU7, STM32WBA55CEU7TR, STM32WBA55CGU6, STM32WBA55CGU6TR, STM32WBA55CGU6U, STM32WBA55CGU7, STM32WBA55CGU7TR, STM32WBA55G-DK1, STM32WBA55HEF6, STM32WBA55HEF7, STM32WBA55HGF6, STM32WBA55HGF7, STM32WBA55UEI6, STM32WBA55UEI6TR, STM32WBA55UEI7, STM32WBA55UEI7TR, STM32WBA55UGI6, STM32WBA55UGI6TR, STM32WBA55UGI7, STM32WBA55UGI7TR, STM32WBA5MMGH6TR, STM32WBA62MGF6, STM32WBA62MIF6, STM32WBA65MGF7, STM32WBA65MIF6, STM32WBA65MIF7, STM32WL30K8V6, STM32WL30KBV6, STM32WL31C8V6, STM32WL31CBV6, STM32WL31K8V6, STM32WL31KBV6, STM32WL33C8V6, STM32WL33C8V6X, STM32WL33CBV6, STM32WL33CBV6X, STM32WL33CCV6, STM32WL33CCV6A, STM32WL33CCV6X, STM32WL33K8V7, STM32WL33K8V7X, STM32WL33KBV7 , STM32WL33KBV7X, STM32WL33KCV7, STM32WL33KCV7X, STM32WL5MOCH6, STM32WL5MOCH6TR]
2025-12-04 18:33:24,292 [INFO] ApiDb:668 - CubeFinder database Data Model version=2.1
2025-12-04 18:33:24,292 [INFO] ApiDb:669 - CubeFinder database Configuration version=3.0.39
2025-12-04 18:33:24,292 [INFO] ApiDb:670 - CubeFinder database generation date=2025-11-05 (1762334721)
2025-12-04 18:33:24,292 [INFO] ApiDb:671 - CubeFinder database FW Pack versions=[FP-ATR-ASTRA1_V2.0.0, FP-SNS-FLIGHT1_V5.1.0, FP-SNS-MOTENV1_V5.1.0, FP-SNS-MOTENVWB1_V1.4.0, FP-SNS-SMARTAG2_V1.2.0, FP-SNS-STBOX1_V2.1.0, STM32Cube_FW_C0_V1.4.0, STM32Cube_FW_F4_V1.28.3, STM32Cube_FW_F7_V1.17.4, STM32Cube_FW_G0_V1.6.2, STM32Cube_FW_G4_V1.6.1, STM32Cube_FW_H5_V1.5.1, STM32Cube_FW_H7RS_V1.3.0, STM32Cube_FW_H7_V1.12.1, STM32Cube_FW_L0_V1.12.2, STM32Cube_FW_L4_V1.18.1, STM32Cube_FW_L5_V1.6.0, STM32Cube_FW_N6_V1.3.0, STM32Cube_FW_U0_V1.3.0, STM32Cube_FW_U3_V1.2.1, STM32Cube_FW_U5_V1.8.0, STM32Cube_FW_WB0_V1.4.0, STM32Cube_FW_WBA_V1.8.0, STM32Cube_FW_WB_V1.24.0, STM32Cube_FW_WL3_V1.3.0, STM32Cube_FW_WL_V1.4.0, X-CUBE-ALGOBUILD_V1.4.0, X-CUBE-ALS_V1.0.2, X-CUBE-AZRTOS-F4_V1.1.0, X-CUBE-AZRTOS-F7_V1.1.0, X-CUBE-AZRTOS-G0_V1.1.0, X-CUBE-AZRTOS-G4_V2.0.0, X-CUBE-AZRTOS-H7RS_V1.1.0, X-CUBE-AZRTOS-H7_V3.4.0, X-CUBE-AZRTOS-L4_V2.0.0, X-CUBE-AZRTOS-L5_V2.0.0, X-CUBE-AZRTOS-WB_V2.0.0, X-CUBE-AZRTOS-WL_V2.0.0, X-CUBE-BLE1_V7.1.0, X-CUBE-BLE2_V3.3.0, X-CUBE-BLEMGR_V4.1.0, X-CUBE-EEPRMA1_V5.2.0, X-CUBE-FREERTOS_V1.3.1, X-CUBE-GNSS1_V6.0.0, X-CUBE-MEMS1_V11.3.0, X-CUBE-NFC4_V3.0.0, X-CUBE-NFC7_V2.0.0, X-CUBE-SFXS2LP1_V4.0.0, X-CUBE-ST67W61_V1.1.0, X-CUBE-SUBG2_V5.0.0, X-CUBE-TOF1_V3.4.3]
2025-12-04 18:33:27,134 [INFO] ApiDb:240 - Found 880 in-development CPN: [B-G473E-ZEST1S, B-WB1M-WPAN1, B-WBA5M-WPAN, B-WL5M-SUBG1, NUCLEO-C031C6, NUCLEO-C051C8, NUCLEO-C071RB, NUCLEO-C092RC, NUCLEO-H503RB, NUCLEO-H533RE, NUCLEO-H563ZI, NUCLEO-H7S3L8, NUCLEO-N657X0-Q, NUCLEO-U031R8, NUCLEO-U083RC, NUCLEO-U385RG-Q, NUCLEO-U545RE-Q, NUCLEO-U5A5ZJ-Q, NUCLEO-WB05KZ, NUCLEO-WB07CC, NUCLEO-WB09KE, NUCLEO-WBA52CG, NUCLEO-WBA55CG, NUCLEO-WL33CC1, NUCLEO-WL33CC2, STEVAL-PROTEUS1, STEVAL-SMARTAG2, STEVAL-STWINBX1, STM320518-EVAL, STM32C0116-DK, STM32C011D6Y3TR, STM32C011D6Y6TR, STM32C011F4P3, STM32C011F4P6, STM32C011F4U3, STM32C011F4U6TR, STM32C011F6P3, STM32C011F6P6, STM32C011F6U3, STM32C011F6U6TR, STM32C011J4M3, STM32C011J4M6, STM32C011J6M3, STM32C011J6M6, STM32C0316-DK, STM32C031C4T3, STM32C031C4T6, STM32C031C4U3, STM32C031C4U6, STM32C031C6T3, STM32C031C6T6, STM32C031C6U3, STM32C031C6U6, STM32C031F4P3, STM32C031F4P6, STM32C031F6P3, STM32C031F6P6, STM32C031G4U3, STM32C031G4U6, STM32C031G6U3, STM32C031G6U6, STM32C031K4T3, STM32C031K4T6, STM32C031K4U3, STM32C031K4U6, STM32C031K6T3, STM32C031K6T6, STM32C031K6U3, STM32C031K6U6, STM32C051C6T6, STM32C051C6U6, STM32C051C8T6, STM32C051C8U6, STM32C051D8Y6TR, STM32C051F6P6, STM32C051F8P6, STM32C051G6U6, STM32C051G8U6, STM32C051K6T6, STM32C051K6U6, STM32C051K8T6, STM32C071C8T6, STM32C071C8T6N, STM32C071C8U6, STM32C071C8U6N, STM32C071CBT6, STM32C071CBT6N, STM32C071CBU6, STM32C071CBU6N, STM32C071F8P6, STM32C071F8P6N, STM32C071FBP6, STM32C071FBP6N, STM32C071FBY6TR, STM32C071G8U6, STM32C071G8U6N, STM32C071GBU6, STM32C071GBU6N, STM32C071K8T6, STM32C071K8T6N, STM32C071K8U6, STM32C071K8U6N, STM32C071KBT6, STM32C071KBT6N, STM32C071KBU6, STM32C071KBU6N, STM32C071R8T6, STM32C071R8T6N, STM32C071RBI6N, STM32C071RBT6, STM32C071RBT6N, STM32C091CBT6, STM32C091CBU6, STM32C091CCT6, STM32C091CCU6, STM32C091ECY6TR, STM32C091FBP6, STM32C091FCP6, STM32C091GBU6, STM32C091GCU6, STM32C091KBT6, STM32C091KBU6, STM32C091KCT6, STM32C091KCU6, STM32C091RBT6, STM32C091RCI6, STM32C091RCT6, STM32C092CBT6, STM32C092CBU6, STM32C092CCT6, STM32C092CCU6, STM32C092ECY6TR, STM32C092FBP6, STM32C092FCP6, STM32C092GBU6, STM32C092GCU6, STM32C092KBT6, STM32C092KBU6, STM32C092KCT6, STM32C092KCU6, STM32C092RBT6, STM32C092RCI6, STM32C092RCT6, STM32G071K8TXN, STM32G071K8UXN, STM32G081GBU6N, STM32G081KBT6N, STM32G081KBUXN, STM32G0B1CCT6N, STM32G0B1KCT6, STM32G0B1NEY6TR, STM32G0B1RCT6N, STM32G0C1CCT6, STM32G0C1CCT6N, STM32G0C1CCU6N, STM32G0C1CET6N, STM32G0C1CEU6N, STM32G0C1KCT6, STM32G0C1NEY6TR, STM32G0C1RCI6N, STM32G0C1RCT6N, STM32G0C1REI6N, STM32G0C1RET6N, STM32G0C1VCI6, STM32G0C1VEI6, STM32G411C6T3, STM32G411C6T6, STM32G411C6U3, STM32G411C6U6, STM32G411C8T3, STM32G411C8T6, STM32G411C8U3, STM32G411C8U6, STM32G411CBT3, STM32G411CBT6, STM32G411CBU3, STM32G411CBU6, STM32G411K6T3, STM32G411K6T6, STM32G411K6U3, STM32G411K6U6, STM32G411K8T3, STM32G411K8T6, STM32G411K8U3, STM32G411K8U6, STM32G411KBT3, STM32G411KBT6, STM32G411KBU3, STM32G411KBU6, STM32G411M6T3, STM32G411M6T6, STM32G411M8T3, STM32G411M8T6, STM32G411MBT3, STM32G411MBT6, STM32G411R6T3, STM32G411R6T6, STM32G411R8T3, STM32G411R8T6, STM32G411RBT3, STM32G411RBT6, STM32G414CBT3, STM32G414CBT6, STM32G414CBU3, STM32G414CBU6, STM32G414CCT3, STM32G414CCT6, STM32G414CCU3, STM32G414CCU6, STM32G414MBT3, STM32G414MBT6, STM32G414MCT3, STM32G414MCT6, STM32G414RBT3, STM32G414RBT6, STM32G414RCT3, STM32G414RCT6, STM32G414VBT3, STM32G414VBT6, STM32G414VCT3, STM32G414VCT6, STM32G431CBT3Z, STM32G431RBT3Z, STM32G471CCT6, STM32G471CCU6, STM32G471CET3, STM32G471CET6, STM32G471CEU3, STM32G471CEU6, STM32G471MCT6, STM32G471MET3, STM32G471MET6, STM32G471MEY6TR, STM32G471QCT6, STM32G471QET3, STM32G471RCT6, STM32G471RET3, STM32G471RET6, STM32G471VCH6, STM32G471VCI6, STM32G471VCT6, STM32G471VEH3, STM32G471VEH6, STM32G471VEI3, STM32G471VEI6, STM32G471VET3, STM32G471VET6, STM32G473QET3Z, STM32G473RET3Z, STM32G474CCT6, STM32G491RET3Z, STM32H503CBT6, STM32H503CBU6, STM32H503EBY6TR, STM32H503KBU6, STM32H503RBT6, STM32H523CCT6, STM32H523CCU6, STM32H523CET6, STM32H523CEU6, STM32H523HEY6TR, STM32H523RCT6, STM32H523RET6, STM32H523VCI6, STM32H523VCT6, STM32H523VEI6, STM32H523VET6, STM32H523ZCJ6, STM32H523ZCT6, STM32H523ZEJ6, STM32H523ZET6, STM32H533CET6, STM32H533CEU6, STM32H533HEY6TR, STM32H533RET6, STM32H533VEI6, STM32H533VET6, STM32H533ZEJ6, STM32H533ZET6, STM32H562AGI6, STM32H562AII6, STM32H562IGK6, STM32H562IGT6, STM32H562IIK6, STM32H562IIT6, STM32H562RGT6, STM32H562RGV6, STM32H562RIT6, STM32H562RIV6, STM32H562VGT6, STM32H562VIT6, STM32H562ZGT6, STM32H562ZIT6, STM32H563AGI6, STM32H563AII3Q, STM32H563AII6, STM32H563IGK6, STM32H563IGT6, STM32H563IIK3Q, STM32H563IIK6, STM32H563IIT3Q, STM32H563IIT6, STM32H563MIY3QTR, STM32H563RGT6, STM32H563RGV6, STM32H563RIT6, STM32H563RIV6, STM32H563VGT6, STM32H563VIT3Q, STM32H563VIT6, STM32H563ZGT6, STM32H563ZIT3Q, STM32H563ZIT6, STM32H573AII3Q, STM32H573AII6, STM32H573I-DK, STM32H573IIK3Q, STM32H573IIK6, STM32H573IIT3Q, STM32H573IIT6, STM32H573MIY3QTR, STM32H573RIT6, STM32H573RIV6, STM32H573VIT3Q, STM32H573VIT6, STM32H573ZIT3Q, STM32H573ZIT6, STM32H7R3A8I6, STM32H7R3I8K6, STM32H7R3I8T6, STM32H7R3L8H6, STM32H7R3L8H6H, STM32H7R3R8V6, STM32H7R3V8H6, STM32H7R3V8T6, STM32H7R3V8Y6TR, STM32H7R3Z8J6, STM32H7R3Z8T6, STM32H7R7A8I6, STM32H7R7I8K6, STM32H7R7I8T6, STM32H7R7L8H6, STM32H7R7L8H6H, STM32H7R7Z8J6, STM32H7S3A8I6, STM32H7S3I8K6, STM32H7S3I8T6, STM32H7S3L8H6, STM32H7S3L8H6H, STM32H7S3R8V6, STM32H7S3V8H6, STM32H7S3V8T6, STM32H7S3V8Y6TR, STM32H7S3Z8J6, STM32H7S3Z8T6, STM32H7S78-DK, STM32H7S7A8I6, STM32H7S7I8K6, STM32H7S7I8T6, STM32H7S7L8H6, STM32H7S7L8H6H, STM32H7S7Z8J6, STM32L4R5QGI6STR, STM32MP131AAE3, STM32MP131AAF3, STM32MP131AAG3, STM32MP131CAE3, STM32MP131CAF3, STM32MP131CAG3, STM32MP131DAE7, STM32MP131DAF7, STM32MP131DAG7, STM32MP131FAE7, STM32MP131FAF7, STM32MP131FAG7, STM32MP133AAE3, STM32MP133AAF3, STM32MP133AAG3, STM32MP133CAE3, STM32MP133CAF3, STM32MP133CAG3, STM32MP133DAE7, STM32MP133DAF7, STM32MP133DAG7, STM32MP133FAE7, STM32MP133FAF7, STM32MP133FAG7, STM32MP135AAE3, STM32MP135AAF3, STM32MP135AAG3, STM32MP135CAE3, STM32MP135CAF3, STM32MP135CAG3, STM32MP135DAE7, STM32MP135DAF7, STM32MP135DAG7, STM32MP135F-DK, STM32MP135FAE7, STM32MP135FAF7, STM32MP135FAF7T, STM32MP135FAF7U, STM32MP135FAG7, STM32MP211AAL3, STM32MP211AAM3, STM32MP211AAN3, STM32MP211AAO3, STM32MP211CAL3, STM32MP211CAM3, STM32MP211CAN3, STM32MP211CAO3, STM32MP211DAL3, STM32MP211DAM3, STM32MP211DAN3, STM32MP211DAO3, STM32MP211FAL3, STM32MP211FAM3, STM32MP211FAN3, STM32MP211FAO3, STM32MP213AAL3, STM32MP213AAM3, STM32MP213AAN3, STM32MP213AAO3, STM32MP213CAL3, STM32MP213CAM3, STM32MP213CAN3, STM32MP213CAO3, STM32MP213DAL3, STM32MP213DAM3, STM32MP213DAN3, STM32MP213DAO3, STM32MP213FAL3, STM32MP213FAM3, STM32MP213FAN3, STM32MP213FAO3, STM32MP215AAL3, STM32MP215AAM3, STM32MP215AAN3, STM32MP215AAO3, STM32MP215CAL3, STM32MP215CAM3, STM32MP215CAN3, STM32MP215CAO3, STM32MP215DAL3, STM32MP215DAM3, STM32MP215DAN3, STM32MP215DAO3, STM32MP215F-DK, STM32MP215FAL3, STM32MP215FAM3, STM32MP215FAN3, STM32MP215FAO3, STM32MP231AAJ3, STM32MP231AAK3, STM32MP231AAL3, STM32MP231CAJ3, STM32MP231CAK3, STM32MP231CAL3, STM32MP231DAJ3, STM32MP231DAK3, STM32MP231DAL3, STM32MP231FAJ3, STM32MP231FAK3, STM32MP231FAL3, STM32MP233AAJ3, STM32MP233AAK3, STM32MP233AAL3, STM32MP233CAJ3, STM32MP233CAK3, STM32MP233CAL3, STM32MP233DAJ3, STM32MP233DAK3, STM32MP233DAL3, STM32MP233FAJ3, STM32MP233FAK3, STM32MP233FAL3, STM32MP235AAJ3, STM32MP235AAK3, STM32MP235AAL3, STM32MP235CAJ3, STM32MP235CAK3, STM32MP235CAL3, STM32MP235DAJ3, STM32MP235DAK3, STM32MP235DAL3, STM32MP235FAJ3, STM32MP235FAK3, STM32MP235FAL3, STM32MP251AAI3, STM32MP251AAK3, STM32MP251AAL3, STM32MP251CAI3, STM32MP251CAK3, STM32MP251CAL3, STM32MP251DAI3, STM32MP251DAK3, STM32MP251DAL3, STM32MP251FAI3, STM32MP251FAK3, STM32MP251FAL3, STM32MP253AAI3, STM32MP253AAK3, STM32MP253AAL3, STM32MP253CAI3, STM32MP253CAK3, STM32MP253CAL3, STM32MP253DAI3, STM32MP253DAK3, STM32MP253DAL3, STM32MP253FAI3, STM32MP253FAK3, STM32MP253FAL3, STM32MP255AAI3, STM32MP255AAK3, STM32MP255AAL3, STM32MP255CAI3, STM32MP255CAK3, STM32MP255CAL3, STM32MP255DAI3, STM32MP255DAK3, STM32MP255DAL3, STM32MP255FAI3, STM32MP255FAK3, STM32MP255FAL3, STM32MP257AAI3, STM32MP257AAK3, STM32MP257AAL3, STM32MP257CAI3, STM32MP257CAK3, STM32MP257CAL3, STM32MP257DAI3, STM32MP257DAK3, STM32MP257DAL3, STM32MP257F-DK, STM32MP257F-EV1, STM32MP257FAI3, STM32MP257FAK3, STM32MP257FAL3, STM32N645A0H3Q, STM32N645B0H3Q, STM32N645I0H3Q, STM32N645L0H3Q, STM32N645X0H3Q, STM32N645Z0H3Q, STM32N647A0H3Q, STM32N647B0H3Q, STM32N647I0H3Q, STM32N647L0H3Q, STM32N647X0H3Q, STM32N647Z0H3Q, STM32N655A0H3Q, STM32N655B0H3Q, STM32N655I0H3Q, STM32N655L0H3Q, STM32N655X0H3Q, STM32N655Z0H3Q, STM32N6570-DK, STM32N657A0H3Q, STM32N657B0H3Q, STM32N657I0H3Q, STM32N657L0H3Q, STM32N657X0H3Q, STM32N657Z0H3Q, STM32U031C6T6, STM32U031C6U6, STM32U031C8T6, STM32U031C8U6, STM32U031F4P6, STM32U031F6P6, STM32U031F8P6, STM32U031G6Y6TR, STM32U031G8Y6TR, STM32U031K4U6, STM32U031K6U6, STM32U031K8U6, STM32U031R6I6, STM32U031R6T6, STM32U031R8I6, STM32U031R8T6, STM32U073C8T6, STM32U073C8U6, STM32U073CBT6, STM32U073CBU6, STM32U073CCT6, STM32U073CCU6, STM32U073H8Y6TR, STM32U073HBY6TR, STM32U073HCY6TR, STM32U073K8U6, STM32U073KBU6, STM32U073KCU6, STM32U073M8I6, STM32U073M8T6, STM32U073MBI6, STM32U073MBT6, STM32U073MCI6, STM32U073MCT6, STM32U073R8I6, STM32U073R8T6, STM32U073RBI6, STM32U073RBT6, STM32U073RCI6, STM32U073RCT6, STM32U083C-DK, STM32U083CCT6, STM32U083CCU6, STM32U083HCY6TR, STM32U083KCU6, STM32U083MCI6, STM32U083MCT6, STM32U083RCI6, STM32U083RCT6, STM32U375CET6, STM32U375CET6Q, STM32U375CEU6, STM32U375CEU6Q, STM32U375CEY6QTR, STM32U375CGT6, STM32U375CGT6Q, STM32U375CGU6, STM32U375CGU6Q, STM32U375CGY6QTR, STM32U375KEU6, STM32U375KGU6, STM32U375REI6, STM32U375REI6Q, STM32U375RET6, STM32U375RET6Q, STM32U375REY6GTR, STM32U375REY6QTR, STM32U375RGI6, STM32U375RGI6Q, STM32U375RGT6, STM32U375RGT6Q, STM32U375RGY6GTR, STM32U375RGY6QTR, STM32U375VEI6, STM32U375VEI6Q, STM32U375VET6, STM32U375VET6Q, STM32U375VGI6, STM32U375VGI6Q, STM32U375VGT6, STM32U375VGT6Q, STM32U385CGT6, STM32U385CGT6Q, STM32U385CGU6, STM32U385CGU6Q, STM32U385CGY6QTR, STM32U385KGU6, STM32U385RGI6, STM32U385RGI6Q, STM32U385RGT6, STM32U385RGT6Q, STM32U385RGY6GTR, STM32U385RGY6QTR, STM32U385VGI6, STM32U385VGI6Q, STM32U385VGT6, STM32U385VGT6Q, STM32U535CBT6, STM32U535CBT6Q, STM32U535CBU6, STM32U535CBU6Q, STM32U535CCT6, STM32U535CCT6Q, STM32U535CCU6, STM32U535CCU6Q, STM32U535CET6, STM32U535CET6Q, STM32U535CEU6, STM32U535CEU6Q, STM32U535JEY6QTR, STM32U535NCY6QTR, STM32U535NEY6QTR, STM32U535RBI6, STM32U535RBI6Q, STM32U535RBT6, STM32U535RBT6Q, STM32U535RCI6, STM32U535RCI6Q, STM32U535RCT6, STM32U535RCT6Q, STM32U535REI6, STM32U535REI6Q, STM32U535RET6, STM32U535RET6Q, STM32U535VCI6, STM32U535VCI6Q, STM32U535VCT6, STM32U535VCT6Q, STM32U535VEI6, STM32U535VEI6Q, STM32U535VET6, STM32U535VET6Q, STM32U545CET6, STM32U545CET6Q, STM32U545CEU6, STM32U545CEU6Q, STM32U545JEY6QTR, STM32U545NEY6QTR, STM32U545REI6, STM32U545REI6Q, STM32U545RET6, STM32U545RET6Q, STM32U545VEI6, STM32U545VEI6Q, STM32U545VET6, STM32U545VET6Q, STM32U595AIH6, STM32U595AIH6Q, STM32U595AJH6, STM32U595AJH6Q, STM32U595QII6, STM32U595QII6Q, STM32U595QJI6, STM32U595QJI6Q, STM32U595RIT6, STM32U595RIT6Q, STM32U595RJT6, STM32U595RJT6Q, STM32U595VIT6, STM32U595VIT6Q, STM32U595VJT6, STM32U595VJT6Q, STM32U595ZIT6, STM32U595ZIT6Q, STM32U595ZIY6QTR, STM32U595ZJT6, STM32U595ZJT6Q, STM32U595ZJY6QTR, STM32U599BJY6QTR, STM32U599NIH6Q, STM32U599NJH6Q, STM32U599VIT6Q, STM32U599VJT6, STM32U599VJT6Q, STM32U599ZIT6Q, STM32U599ZIY6QTR, STM32U599ZJT6Q, STM32U599ZJY6QTR, STM32U5A5AJH6, STM32U5A5AJH6Q, STM32U5A5QII3Q , STM32U5A5QJI6, STM32U5A5QJI6Q, STM32U5A5RJT6, STM32U5A5RJT6Q, STM32U5A5VJT6, STM32U5A5VJT6Q, STM32U5A5ZJT6, STM32U5A5ZJT6Q, STM32U5A5ZJY6QTR, STM32U5A9BJY6QTR, STM32U5A9J-DK, STM32U5A9NJH6Q, STM32U5A9VJT6Q, STM32U5A9ZJT6Q, STM32U5A9ZJY6QTR, STM32U5F7VIT6, STM32U5F7VIT6Q, STM32U5F7VJT6, STM32U5F7VJT6Q, STM32U5F9BJY6QTR, STM32U5F9NJH6Q, STM32U5F9VIT6Q, STM32U5F9VJT6Q, STM32U5F9ZIJ6QTR, STM32U5F9ZIT6Q, STM32U5F9ZJJ6QTR, STM32U5F9ZJT6Q, STM32U5G7VJT6, STM32U5G7VJT6Q, STM32U5G9BJY6QTR, STM32U5G9J-DK1, STM32U5G9J-DK2, STM32U5G9NJH6Q, STM32U5G9VJT6Q, STM32U5G9ZJJ6QTR, STM32U5G9ZJT6Q, STM32WB05KZV6TR, STM32WB05KZV7TR, STM32WB05TZF6TR, STM32WB05TZF7TR, STM32WB06CCF6TR, STM32WB06CCF7TR, STM32WB06CCV6TR, STM32WB06CCV7TR, STM32WB06KCV6TR, STM32WB06KCV7TR, STM32WB07CCF6TR, STM32WB07CCF7TR, STM32WB07CCV6TR, STM32WB07CCV7TR, STM32WB07KCV6TR, STM32WB07KCV7TR, STM32WB09KEV6TR, STM32WB09KEV7TR, STM32WB09TEF6TR, STM32WB09TEF7TR, STM32WB1MMCH6, STM32WBA50KGU6, STM32WBA50KGU6TR, STM32WBA52CEU6, STM32WBA52CEU6TR, STM32WBA52CEU7, STM32WBA52CEU7TR, STM32WBA52CGU6, STM32WBA52CGU6TR, STM32WBA52CGU6U, STM32WBA52CGU7, STM32WBA52CGU7TR, STM32WBA52KEU6, STM32WBA52KEU6TR, STM32WBA52KGU6, STM32WBA52KGU6TR, STM32WBA54CEU6, STM32WBA54CEU6TR, STM32WBA54CEU7, STM32WBA54CEU7TR, STM32WBA54CGU6, STM32WBA54CGU6TR, STM32WBA54CGU7, STM32WBA54CGU7TR, STM32WBA54KEU6, STM32WBA54KEU6TR, STM32WBA54KEU7, STM32WBA54KEU7TR, STM32WBA54KGU6, STM32WBA54KGU6TR, STM32WBA54KGU7, STM32WBA54KGU7TR, STM32WBA55CEU6, STM32WBA55CEU6TR, STM32WBA55CEU7, STM32WBA55CEU7TR, STM32WBA55CGU6, STM32WBA55CGU6TR, STM32WBA55CGU6U, STM32WBA55CGU7, STM32WBA55CGU7TR, STM32WBA55G-DK1, STM32WBA55HEF6, STM32WBA55HEF7, STM32WBA55HGF6, STM32WBA55HGF7, STM32WBA55UEI6, STM32WBA55UEI6TR, STM32WBA55UEI7, STM32WBA55UEI7TR, STM32WBA55UGI6, STM32WBA55UGI6TR, STM32WBA55UGI7, STM32WBA55UGI7TR, STM32WBA5MMGH6TR, STM32WBA62MGF6, STM32WBA62MIF6, STM32WBA65MGF7, STM32WBA65MIF6, STM32WBA65MIF7, STM32WL30K8V6, STM32WL30KBV6, STM32WL31C8V6, STM32WL31CBV6, STM32WL31K8V6, STM32WL31KBV6, STM32WL33C8V6, STM32WL33C8V6X, STM32WL33CBV6, STM32WL33CBV6X, STM32WL33CCV6, STM32WL33CCV6A, STM32WL33CCV6X, STM32WL33K8V7, STM32WL33K8V7X, STM32WL33KBV7 , STM32WL33KBV7X, STM32WL33KCV7, STM32WL33KCV7X, STM32WL5MOCH6, STM32WL5MOCH6TR]
2025-12-04 18:33:27,141 [INFO] DbMcus:218 - Found 4876 MCUs, 4876 are supported
2025-12-04 18:33:27,142 [INFO] ApiDb:423 - Load user favorites file C:\Users\Ovi/.stm32cubeide/favorites.mcus.txt: 0 item(s)
2025-12-04 18:33:27,142 [INFO] ApiDb:427 - User favorites MCUs=[]
2025-12-04 18:33:27,142 [INFO] DbMcus:224 - Set 0 / 0 favorites MCUs
2025-12-04 18:33:28,283 [INFO] BoardInfo:889 - No configuration file found for board P-NUCLEO-WB55
2025-12-04 18:33:28,286 [INFO] DbBoards:161 - Kit is not supported: P-NUCLEO-WB55
2025-12-04 18:33:28,299 [INFO] BoardInfo:889 - No configuration file found for board STEVAL-BFA001V1B
2025-12-04 18:33:28,302 [INFO] DbBoards:161 - Kit is not supported: STEVAL-BFA001V1B
2025-12-04 18:33:28,303 [INFO] BoardInfo:889 - No configuration file found for board STEVAL-BFA001V2B
2025-12-04 18:33:28,305 [INFO] DbBoards:161 - Kit is not supported: STEVAL-BFA001V2B
2025-12-04 18:33:28,656 [INFO] DbBoards:168 - Found 212 boards, 209 are supported
2025-12-04 18:33:28,657 [INFO] DbBoards:169 - Found 212 boards, 43 of them is supported for  Bsp
2025-12-04 18:33:28,659 [INFO] ApiDb:414 - User favorites file not found: C:\Users\Ovi/.stm32cubeide/favorites.boards.txt
2025-12-04 18:33:28,659 [INFO] DbBoards:198 - Set 0 / 0 favorites Boards
2025-12-04 18:33:28,726 [INFO] UtilMem:75 - End LoadConfig() Used Memory: 289704032 Bytes (501219328)
2025-12-04 18:33:28,911 [WARN] ThirdParty:833 - waiting for thirdparty lock release [change project]
2025-12-04 18:33:28,912 [INFO] ThirdParty:835 - entering critical section [change project]
2025-12-04 18:33:28,912 [INFO] ThirdParty:1030 - CMSIS Pack Vendor :STMicroelectronics X-CUBE-PM33A1 1.0.0
2025-12-04 18:33:28,912 [INFO] ThirdParty:1030 - CMSIS Pack Vendor :STMicroelectronics USBPD 4.1
2025-12-04 18:33:28,912 [INFO] ThirdParty:1030 - CMSIS Pack Vendor :STMicroelectronics X-CUBE-NFC9 1.0.0
2025-12-04 18:33:28,912 [INFO] ThirdParty:1030 - CMSIS Pack Vendor :STMicroelectronics USB_HOST 2.0.0
2025-12-04 18:33:28,912 [INFO] ThirdParty:1030 - CMSIS Pack Vendor :STMicroelectronics FP-SNS-MOTENVWB1 1.4.0
2025-12-04 18:33:28,912 [INFO] ThirdParty:1030 - CMSIS Pack Vendor :STMicroelectronics X-CUBE-AZRTOS-F4 1.1.0
2025-12-04 18:33:28,912 [INFO] ThirdParty:1030 - CMSIS Pack Vendor :STMicroelectronics LIBJPEG 8.0.0
2025-12-04 18:33:28,912 [INFO] ThirdParty:1030 - CMSIS Pack Vendor :STMicroelectronics FP-ATR-ASTRA1 2.0.2
2025-12-04 18:33:28,912 [INFO] ThirdParty:1030 - CMSIS Pack Vendor :wolfSSL I-CUBE-wolfSSL 5.8.2
2025-12-04 18:33:28,912 [INFO] ThirdParty:1030 - CMSIS Pack Vendor :STMicroelectronics X-CUBE-BLE1 7.1.0
2025-12-04 18:33:28,912 [INFO] ThirdParty:1030 - CMSIS Pack Vendor :STMicroelectronics X-CUBE-SMBUS 2.1.0
2025-12-04 18:33:28,912 [INFO] ThirdParty:1030 - CMSIS Pack Vendor :wolfSSL I-CUBE-wolfMQTT 1.19.2
2025-12-04 18:33:28,912 [INFO] ThirdParty:1030 - CMSIS Pack Vendor :STMicroelectronics USB_DEVICE 3.0.0
2025-12-04 18:33:28,912 [INFO] ThirdParty:1030 - CMSIS Pack Vendor :STMicroelectronics X-CUBE-ISPU 2.1.0
2025-12-04 18:33:28,912 [INFO] ThirdParty:1030 - CMSIS Pack Vendor :STMicroelectronics X-CUBE-FREERTOS 1.4.0
2025-12-04 18:33:28,913 [INFO] ThirdParty:1030 - CMSIS Pack Vendor :STMicroelectronics X-CUBE-EEPRMA1 5.2.0
2025-12-04 18:33:28,913 [INFO] ThirdParty:1030 - CMSIS Pack Vendor :STMicroelectronics X-CUBE-IPS 3.2.0
2025-12-04 18:33:28,913 [INFO] ThirdParty:1030 - CMSIS Pack Vendor :STMicroelectronics X-CUBE-BLEMGR 4.1.0
2025-12-04 18:33:28,913 [INFO] ThirdParty:1030 - CMSIS Pack Vendor :STMicroelectronics X-CUBE-AZRTOS-WB 2.0.0
2025-12-04 18:33:28,913 [INFO] ThirdParty:1030 - CMSIS Pack Vendor :Cesanta I-CUBE-Mongoose 7.20.0
2025-12-04 18:33:28,913 [INFO] ThirdParty:1030 - CMSIS Pack Vendor :STMicroelectronics X-CUBE-NFC12 1.0.0
2025-12-04 18:33:28,913 [INFO] ThirdParty:1030 - CMSIS Pack Vendor :STMicroelectronics X-CUBE-AZRTOS-F7 1.1.0
2025-12-04 18:33:28,913 [INFO] ThirdParty:1030 - CMSIS Pack Vendor :STMicroelectronics X-CUBE-AZRTOS-L5 2.0.0
2025-12-04 18:33:28,913 [INFO] ThirdParty:1030 - CMSIS Pack Vendor :STMicroelectronics USB_DEVICE 2.0.0
2025-12-04 18:33:28,913 [INFO] ThirdParty:1030 - CMSIS Pack Vendor :STMicroelectronics X-CUBE-NFC6 3.1.0
2025-12-04 18:33:28,913 [INFO] ThirdParty:1030 - CMSIS Pack Vendor :STMicroelectronics X-CUBE-ST67W61 1.1.0
2025-12-04 18:33:28,913 [INFO] ThirdParty:1030 - CMSIS Pack Vendor :quantropi X-CUBE-qispace-sdk-base 2.1.0
2025-12-04 18:33:28,913 [INFO] ThirdParty:1030 - CMSIS Pack Vendor :STMicroelectronics X-CUBE-MEMS1 12.0.0
2025-12-04 18:33:28,913 [INFO] ThirdParty:1030 - CMSIS Pack Vendor :STMicroelectronics FP-SNS-MOTENV1 5.1.0
2025-12-04 18:33:28,913 [INFO] ThirdParty:1030 - CMSIS Pack Vendor :STMicroelectronics FreeRTOS 0.0.1
2025-12-04 18:33:28,913 [INFO] ThirdParty:1030 - CMSIS Pack Vendor :STMicroelectronics X-CUBE-AZRTOS-G0 1.1.0
2025-12-04 18:33:28,913 [INFO] ThirdParty:1030 - CMSIS Pack Vendor :STMicroelectronics X-CUBE-NFC4 3.0.0
2025-12-04 18:33:28,913 [INFO] ThirdParty:1030 - CMSIS Pack Vendor :STMicroelectronics X-CUBE-SUBG2 5.0.0
2025-12-04 18:33:28,913 [INFO] ThirdParty:1030 - CMSIS Pack Vendor :STMicroelectronics STM32_WPAN 1.0.0
2025-12-04 18:33:28,914 [INFO] ThirdParty:1030 - CMSIS Pack Vendor :EmbeddedOffice I-CUBE-FS-RTOS 1.0.1
2025-12-04 18:33:28,914 [INFO] ThirdParty:1030 - CMSIS Pack Vendor :STMicroelectronics lwIP 2.0.3
2025-12-04 18:33:28,914 [INFO] ThirdParty:1030 - CMSIS Pack Vendor :WES I-CUBE-Cesium 1.4.0
2025-12-04 18:33:28,914 [INFO] ThirdParty:1030 - CMSIS Pack Vendor :STMicroelectronics USB_HOST 1.0.0
2025-12-04 18:33:28,914 [INFO] ThirdParty:1030 - CMSIS Pack Vendor :STMicroelectronics X-CUBE-AZRTOS-G4 2.0.0
2025-12-04 18:33:28,914 [INFO] ThirdParty:1030 - CMSIS Pack Vendor :STMicroelectronics X-CUBE-WB05N 2.0.0
2025-12-04 18:33:28,914 [INFO] ThirdParty:1030 - CMSIS Pack Vendor :STMicroelectronics PDM2PCM 3.1.0
2025-12-04 18:33:28,914 [INFO] ThirdParty:1030 - CMSIS Pack Vendor :STMicroelectronics PDM2PCM 3.3.0
2025-12-04 18:33:28,914 [INFO] ThirdParty:1030 - CMSIS Pack Vendor :wolfSSL I-CUBE-wolfTPM 3.8.0
2025-12-04 18:33:28,914 [INFO] ThirdParty:1030 - CMSIS Pack Vendor :STMicroelectronics X-CUBE-AZRTOS-H7 3.4.0
2025-12-04 18:33:28,914 [INFO] ThirdParty:1030 - CMSIS Pack Vendor :STMicroelectronics X-CUBE-DISPLAY 3.0.0
2025-12-04 18:33:28,914 [INFO] ThirdParty:1030 - CMSIS Pack Vendor :wolfSSL I-CUBE-wolfSSH 1.4.20
2025-12-04 18:33:28,914 [INFO] ThirdParty:1030 - CMSIS Pack Vendor :STMicroelectronics X-CUBE-NFC7 2.0.0
2025-12-04 18:33:28,914 [INFO] ThirdParty:1030 - CMSIS Pack Vendor :STMicroelectronics X-CUBE-TCPP 4.2.0
2025-12-04 18:33:28,914 [INFO] ThirdParty:1030 - CMSIS Pack Vendor :RealThread X-CUBE-RT-Thread_Nano 4.1.1
2025-12-04 18:33:28,914 [INFO] ThirdParty:1030 - CMSIS Pack Vendor :STMicroelectronics FP-ATR-SIGFOX1 3.2.0
2025-12-04 18:33:28,914 [INFO] ThirdParty:1030 - CMSIS Pack Vendor :STMicroelectronics X-CUBE-NFC10 1.0.0
2025-12-04 18:33:28,914 [INFO] ThirdParty:1030 - CMSIS Pack Vendor :STMicroelectronics HAL Drivers 0.0.0
2025-12-04 18:33:28,914 [INFO] ThirdParty:1030 - CMSIS Pack Vendor :STMicroelectronics MBEDTLS 2.16.2
2025-12-04 18:33:28,914 [INFO] ThirdParty:1030 - CMSIS Pack Vendor :STMicroelectronics X-CUBE-ST60 1.1.0
2025-12-04 18:33:28,914 [INFO] ThirdParty:1030 - CMSIS Pack Vendor :STMicroelectronics X-CUBE-ALS 1.0.2
2025-12-04 18:33:28,914 [INFO] ThirdParty:1030 - CMSIS Pack Vendor :emotas I-CUBE-CANOPEN 1.3.0
2025-12-04 18:33:28,914 [INFO] ThirdParty:1030 - CMSIS Pack Vendor :STMicroelectronics MBEDTLS 2.14.1
2025-12-04 18:33:28,915 [INFO] ThirdParty:1030 - CMSIS Pack Vendor :STMicroelectronics X-CUBE-GNSS1 7.1.0
2025-12-04 18:33:28,915 [INFO] ThirdParty:1030 - CMSIS Pack Vendor :ITTIA_DB I-CUBE-ITTIADB 8.9.0
2025-12-04 18:33:28,915 [INFO] ThirdParty:1030 - CMSIS Pack Vendor :STMicroelectronics X-CUBE-TOUCHGFX 4.26.0
2025-12-04 18:33:28,915 [INFO] ThirdParty:1030 - CMSIS Pack Vendor :STMicroelectronics X-CUBE-STSE01 1.0.0
2025-12-04 18:33:28,915 [INFO] ThirdParty:1030 - CMSIS Pack Vendor :STMicroelectronics FP-SNS-STBOX1 2.1.0
2025-12-04 18:33:28,915 [INFO] ThirdParty:1030 - CMSIS Pack Vendor :STMicroelectronics X-CUBE-AI 10.2.0
2025-12-04 18:33:28,915 [INFO] ThirdParty:1030 - CMSIS Pack Vendor :STMicroelectronics FP-SNS-STAIOTCFT 1.0.0
2025-12-04 18:33:28,915 [INFO] ThirdParty:1030 - CMSIS Pack Vendor :STMicroelectronics ThreadX 1.0.0
2025-12-04 18:33:28,915 [INFO] ThirdParty:1030 - CMSIS Pack Vendor :STMicroelectronics FP-SNS-SMARTAG2 1.2.0
2025-12-04 18:33:28,915 [INFO] ThirdParty:1030 - CMSIS Pack Vendor :STMicroelectronics FP-SNS-FLIGHT1 5.1.0
2025-12-04 18:33:28,915 [INFO] ThirdParty:1030 - CMSIS Pack Vendor :STMicroelectronics X-CUBE-AZRTOS-WL 2.0.0
2025-12-04 18:33:28,915 [INFO] ThirdParty:1030 - CMSIS Pack Vendor :SEGGER I-CUBE-embOS 1.3.1
2025-12-04 18:33:28,915 [INFO] ThirdParty:1030 - CMSIS Pack Vendor :STMicroelectronics X-CUBE-ALGOBUILD 1.4.0
2025-12-04 18:33:28,915 [INFO] ThirdParty:1030 - CMSIS Pack Vendor :STMicroelectronics X-CUBE-DPower 1.3.0
2025-12-04 18:33:28,915 [INFO] ThirdParty:1030 - CMSIS Pack Vendor :STMicroelectronics USB_DEVICE 1.0.0
2025-12-04 18:33:28,915 [INFO] ThirdParty:1030 - CMSIS Pack Vendor :STMicroelectronics X-CUBE-AZRTOS-H7RS 1.2.0
2025-12-04 18:33:28,915 [INFO] ThirdParty:1030 - CMSIS Pack Vendor :STMicroelectronics X-CUBE-AZRTOS-L4 2.0.0
2025-12-04 18:33:28,915 [INFO] ThirdParty:1030 - CMSIS Pack Vendor :STMicroelectronics ThreadX 0.0.2
2025-12-04 18:33:28,915 [INFO] ThirdParty:1030 - CMSIS Pack Vendor :STMicroelectronics lwIP 2.1.2
2025-12-04 18:33:28,915 [INFO] ThirdParty:1030 - CMSIS Pack Vendor :STMicroelectronics X-CUBE-SFXS2LP1 4.0.0
2025-12-04 18:33:28,915 [INFO] ThirdParty:1030 - CMSIS Pack Vendor :STMicroelectronics X-CUBE-BLE2 3.3.0
2025-12-04 18:33:28,916 [INFO] ThirdParty:1030 - CMSIS Pack Vendor :Avnet-IOTCONNECT X-CUBE-iotc-st67-sdk 1.0.0
2025-12-04 18:33:28,916 [INFO] ThirdParty:1030 - CMSIS Pack Vendor :STMicroelectronics X-CUBE-TOF1 3.4.3
2025-12-04 18:33:28,916 [INFO] ThirdParty:1030 - CMSIS Pack Vendor :Infineon AIROC-Wi-Fi-Bluetooth-STM32 1.8.0
2025-12-04 18:33:28,916 [INFO] ThirdParty:1030 - CMSIS Pack Vendor :STMicroelectronics PDM2PCM 3.2.0
2025-12-04 18:33:28,916 [INFO] ThirdParty:841 - exiting critical section [change project]
2025-12-04 18:33:29,299 [INFO] PinOutPanel:1589 - setPackage(No Configuration,No Configuration)
2025-12-04 18:33:29,301 [INFO] PinOutPanel:1589 - setPackage(STM32F103C8Tx,LQFP48)
2025-12-04 18:33:29,935 [INFO] UtilMem:75 - Before build in PCC Used Memory: 263598264 Bytes (522190848)
2025-12-04 18:33:31,080 [INFO] UtilMem:75 - After build in PCC Used Memory: 458206944 Bytes (522190848)
2025-12-04 18:33:31,113 [INFO] IPUIPlugin:80 - create IPUIPlugin
2025-12-04 18:33:31,113 [INFO] IPUIPlugin:80 - create IPUIPlugin
2025-12-04 18:33:31,113 [INFO] IPUIPlugin:80 - create IPUIPlugin
2025-12-04 18:33:31,113 [INFO] IPUIPlugin:80 - create IPUIPlugin
2025-12-04 18:33:31,113 [INFO] IPUIPlugin:80 - create IPUIPlugin
2025-12-04 18:33:31,113 [INFO] IPUIPlugin:80 - create IPUIPlugin
2025-12-04 18:33:31,113 [INFO] IPUIPlugin:80 - create IPUIPlugin
2025-12-04 18:33:31,114 [INFO] IPUIPlugin:80 - create IPUIPlugin
2025-12-04 18:33:31,114 [INFO] IPUIPlugin:80 - create IPUIPlugin
2025-12-04 18:33:31,114 [INFO] IPUIPlugin:80 - create IPUIPlugin
2025-12-04 18:33:31,114 [INFO] IPUIPlugin:80 - create IPUIPlugin
2025-12-04 18:33:31,114 [INFO] IPUIPlugin:80 - create IPUIPlugin
2025-12-04 18:33:31,114 [INFO] IPUIPlugin:80 - create IPUIPlugin
2025-12-04 18:33:31,115 [INFO] IPUIPlugin:80 - create IPUIPlugin
2025-12-04 18:33:31,115 [INFO] IPUIPlugin:80 - create IPUIPlugin
2025-12-04 18:33:31,115 [INFO] IPUIPlugin:80 - create IPUIPlugin
2025-12-04 18:33:31,115 [INFO] IPUIPlugin:80 - create IPUIPlugin
2025-12-04 18:33:31,115 [INFO] IPUIPlugin:80 - create IPUIPlugin
2025-12-04 18:33:31,116 [INFO] IPUIPlugin:80 - create IPUIPlugin
2025-12-04 18:33:31,116 [INFO] IPUIPlugin:80 - create IPUIPlugin
2025-12-04 18:33:31,116 [INFO] IPUIPlugin:80 - create IPUIPlugin
2025-12-04 18:33:31,116 [INFO] IPUIPlugin:80 - create IPUIPlugin
2025-12-04 18:33:31,116 [INFO] IPUIPlugin:80 - create IPUIPlugin
2025-12-04 18:33:31,117 [INFO] IPUIPlugin:80 - create IPUIPlugin
2025-12-04 18:33:31,118 [INFO] IPUIPlugin:80 - create IPUIPlugin
2025-12-04 18:33:31,119 [INFO] IPUIPlugin:80 - create IPUIPlugin
2025-12-04 18:33:31,119 [INFO] IPUIPlugin:80 - create IPUIPlugin
2025-12-04 18:33:31,140 [INFO] Can:71 - Can Add PropertyChangeListener com.st.microxplorer.plugins.ip.can.Can@3956d5d0
2025-12-04 18:33:31,408 [INFO] CADModel:165 - CPN selected for project levelSTM32F103C8T6
2025-12-04 18:33:31,408 [INFO] CADModel:114 - Register for checkConnection events
2025-12-04 18:33:31,466 [INFO] OpenFileManager:386 - Restore cursor
2025-12-04 18:33:37,319 [INFO] ADCParametersView:116 -                Rank 1 : false
2025-12-04 18:33:37,431 [INFO] ADCParametersView:116 -                Rank 1 : false
2025-12-04 18:33:37,431 [INFO] ADCParametersView:116 -                Rank 1 : false
2025-12-04 18:33:37,431 [INFO] ADCParametersView:116 -                Rank 1 : false
2025-12-04 18:33:37,432 [INFO] ADCParametersView:116 -                Rank 1 : false
2025-12-04 18:33:37,432 [INFO] ADCParametersView:116 -                Rank 1 : false
2025-12-04 18:33:37,432 [INFO] ADCParametersView:116 -                Rank 1 : false
2025-12-04 18:33:37,433 [INFO] ADCParametersView:116 -                Rank 1 : false
2025-12-04 18:33:37,433 [INFO] ADCParametersView:116 -                Rank 1 : false
2025-12-04 18:33:37,434 [INFO] ADCParametersView:116 -                Rank 1 : false
2025-12-04 18:33:37,434 [INFO] ADCParametersView:116 -                Rank 1 : false
2025-12-04 18:33:37,444 [INFO] ADCParametersView:116 -                Rank 1 : false
2025-12-04 18:33:40,117 [INFO] ADCParametersView:116 -                Rank 1 : false
2025-12-04 18:33:40,118 [INFO] ADCParametersView:116 -                Rank 1 : false
2025-12-04 18:33:40,118 [INFO] ADCParametersView:116 -                Rank 1 : false
2025-12-04 18:33:40,118 [INFO] ADCParametersView:116 -                Rank 1 : false
2025-12-04 18:33:40,118 [INFO] ADCParametersView:116 -                Rank 1 : false
2025-12-04 18:33:40,118 [INFO] ADCParametersView:116 -                Rank 1 : false
2025-12-04 18:33:40,119 [INFO] ADCParametersView:116 -                Rank 1 : false
2025-12-04 18:33:40,119 [INFO] ADCParametersView:116 -                Rank 1 : false
2025-12-04 18:33:40,119 [INFO] ADCParametersView:116 -                Rank 1 : false
2025-12-04 18:33:40,119 [INFO] ADCParametersView:116 -                Rank 1 : false
2025-12-04 18:33:40,129 [INFO] ADCParametersView:116 -                Rank 1 : false
2025-12-04 18:33:40,156 [INFO] ADCParametersView:116 -                Rank 1 : false
2025-12-04 18:33:40,156 [INFO] ADCParametersView:116 -                Rank 1 : false
2025-12-04 18:33:40,156 [INFO] ADCParametersView:116 -                Rank 1 : false
2025-12-04 18:33:40,156 [INFO] ADCParametersView:116 -                Rank 1 : false
2025-12-04 18:33:40,157 [INFO] ADCParametersView:116 -                Rank 1 : false
2025-12-04 18:33:40,157 [INFO] ADCParametersView:116 -                Rank 1 : false
2025-12-04 18:33:40,157 [INFO] ADCParametersView:116 -                Rank 1 : false
2025-12-04 18:33:40,157 [INFO] ADCParametersView:116 -                Rank 1 : false
2025-12-04 18:33:40,157 [INFO] ADCParametersView:116 -                Rank 1 : false
2025-12-04 18:33:40,157 [INFO] ADCParametersView:116 -                Rank 1 : false
2025-12-04 18:33:40,165 [INFO] ADCParametersView:116 -                Rank 1 : false
2025-12-04 18:33:40,289 [INFO] NvicIntPanel:101 - NVIC parent = com.st.microxplorer.plugins.ip.nvic.MultiNvicIntPanel[,0,0,0x0,invalid,layout=javax.swing.BoxLayout,alignmentX=0.0,alignmentY=0.0,border=,flags=9,maximumSize=,minimumSize=,preferredSize=]
2025-12-04 18:33:40,411 [INFO] NvicIntPanel:101 - NVIC parent = com.st.microxplorer.plugins.ip.nvic.MultiNvicIntPanel[,0,0,0x0,invalid,layout=javax.swing.BoxLayout,alignmentX=0.0,alignmentY=0.0,border=,flags=9,maximumSize=,minimumSize=,preferredSize=]
2025-12-04 18:33:40,540 [INFO] NvicIntPanel:101 - NVIC parent = com.st.microxplorer.plugins.ip.nvic.MultiNvicIntPanel[,0,0,0x0,invalid,layout=javax.swing.BoxLayout,alignmentX=0.0,alignmentY=0.0,border=,flags=9,maximumSize=,minimumSize=,preferredSize=]
2025-12-04 18:33:40,618 [INFO] ADCParametersView:116 -                Rank 1 : false
2025-12-04 18:33:40,618 [INFO] ADCParametersView:116 -                Rank 1 : false
2025-12-04 18:33:40,619 [INFO] ADCParametersView:116 -                Rank 1 : false
2025-12-04 18:33:40,619 [INFO] ADCParametersView:116 -                Rank 1 : false
2025-12-04 18:33:40,619 [INFO] ADCParametersView:116 -                Rank 1 : false
2025-12-04 18:33:40,619 [INFO] ADCParametersView:116 -                Rank 1 : false
2025-12-04 18:33:40,619 [INFO] ADCParametersView:116 -                Rank 1 : false
2025-12-04 18:33:40,619 [INFO] ADCParametersView:116 -                Rank 1 : false
2025-12-04 18:33:40,620 [INFO] ADCParametersView:116 -                Rank 1 : false
2025-12-04 18:33:40,620 [INFO] ADCParametersView:116 -                Rank 1 : false
2025-12-04 18:33:40,628 [INFO] ADCParametersView:116 -                Rank 1 : false
2025-12-04 18:33:40,653 [INFO] ADCParametersView:116 -                Rank 1 : false
2025-12-04 18:33:40,654 [INFO] ADCParametersView:116 -                Rank 1 : false
2025-12-04 18:33:40,654 [INFO] ADCParametersView:116 -                Rank 1 : false
2025-12-04 18:33:40,654 [INFO] ADCParametersView:116 -                Rank 1 : false
2025-12-04 18:33:40,654 [INFO] ADCParametersView:116 -                Rank 1 : false
2025-12-04 18:33:40,654 [INFO] ADCParametersView:116 -                Rank 1 : false
2025-12-04 18:33:40,655 [INFO] ADCParametersView:116 -                Rank 1 : false
2025-12-04 18:33:40,655 [INFO] ADCParametersView:116 -                Rank 1 : false
2025-12-04 18:33:40,655 [INFO] ADCParametersView:116 -                Rank 1 : false
2025-12-04 18:33:40,655 [INFO] ADCParametersView:116 -                Rank 1 : false
2025-12-04 18:33:40,663 [INFO] ADCParametersView:116 -                Rank 1 : false
2025-12-04 18:33:43,295 [INFO] ADCParametersView:116 -                Rank 1 : true
2025-12-04 18:33:53,177 [INFO] ADCParametersView:116 -                Rank 1 : true
2025-12-04 18:33:53,185 [INFO] ADCParametersView:116 -                Rank 1 : true
2025-12-04 18:33:53,185 [INFO] ADCParametersView:116 -                Rank 1 : true
2025-12-04 18:33:53,185 [INFO] ADCParametersView:116 -                Rank 1 : true
2025-12-04 18:33:53,185 [INFO] ADCParametersView:116 -                Rank 1 : true
2025-12-04 18:33:53,185 [INFO] ADCParametersView:116 -                Rank 1 : true
2025-12-04 18:33:53,185 [INFO] ADCParametersView:116 -                Rank 1 : true
2025-12-04 18:33:53,185 [INFO] ADCParametersView:116 -                Rank 1 : true
2025-12-04 18:33:53,186 [INFO] ADCParametersView:116 -                Rank 1 : true
2025-12-04 18:33:53,186 [INFO] ADCParametersView:116 -                Rank 1 : true
2025-12-04 18:33:53,191 [INFO] ADCParametersView:116 -                Rank 1 : true
2025-12-04 18:33:53,209 [INFO] ADCParametersView:116 -                Rank 1 : true
2025-12-04 18:33:53,211 [INFO] ADCParametersView:116 -                Rank 1 : true
2025-12-04 18:33:53,212 [INFO] ADCParametersView:116 -                Rank 1 : true
2025-12-04 18:33:53,212 [INFO] ADCParametersView:116 -                Rank 1 : true
2025-12-04 18:33:53,212 [INFO] ADCParametersView:116 -                Rank 1 : true
2025-12-04 18:33:53,212 [INFO] ADCParametersView:116 -                Rank 1 : true
2025-12-04 18:33:53,212 [INFO] ADCParametersView:116 -                Rank 1 : true
2025-12-04 18:33:53,212 [INFO] ADCParametersView:116 -                Rank 1 : true
2025-12-04 18:33:53,212 [INFO] ADCParametersView:116 -                Rank 1 : true
2025-12-04 18:33:53,212 [INFO] ADCParametersView:116 -                Rank 1 : true
2025-12-04 18:33:53,219 [INFO] ADCParametersView:116 -                Rank 1 : true
2025-12-04 18:33:53,255 [INFO] ADCParametersView:116 -                Rank 1 : true
2025-12-04 18:33:53,262 [INFO] ADCParametersView:116 -                Rank 1 : true
2025-12-04 18:33:53,262 [INFO] ADCParametersView:116 -                Rank 1 : true
2025-12-04 18:33:53,263 [INFO] ADCParametersView:116 -                Rank 1 : true
2025-12-04 18:33:53,263 [INFO] ADCParametersView:116 -                Rank 1 : true
2025-12-04 18:33:53,263 [INFO] ADCParametersView:116 -                Rank 1 : true
2025-12-04 18:33:53,263 [INFO] ADCParametersView:116 -                Rank 1 : true
2025-12-04 18:33:53,263 [INFO] ADCParametersView:116 -                Rank 1 : true
2025-12-04 18:33:53,263 [INFO] ADCParametersView:116 -                Rank 1 : true
2025-12-04 18:33:53,263 [INFO] ADCParametersView:116 -                Rank 1 : true
2025-12-04 18:33:53,271 [INFO] ADCParametersView:116 -                Rank 1 : true
2025-12-04 18:33:54,696 [INFO] UtilMem:75 - End SaveConfig() Used Memory: 479772664 Bytes (764411904)
2025-12-04 18:33:55,942 [INFO] UtilMem:75 - End SaveConfig() Used Memory: 615003232 Bytes (764411904)
2025-12-04 18:33:57,898 [INFO] LogOutputStream:77 - [STDOUT_REDIRECT] This download action requires prior login. To proceed, please use the 'login' command with your my.st.com account email and password.
2025-12-04 18:33:57,900 [INFO] LogOutputStream:77 - [STDOUT_REDIRECT] Run 'login <email> <password> <remember_me>' for example 'login john.smith@st.com mypassword y'.
2025-12-04 18:33:57,902 [INFO] LogOutputStream:77 - [STDOUT_REDIRECT] If you do not have a my.st.com account, please visit https://st.com website to create one.
2025-12-04 18:34:13,753 [INFO] ADCParametersView:116 -                Rank 1 : true
2025-12-04 18:34:13,755 [INFO] ADCParametersView:116 -                Rank 1 : true
2025-12-04 18:34:13,755 [INFO] ADCParametersView:116 -                Rank 1 : true
2025-12-04 18:34:13,755 [INFO] ADCParametersView:116 -                Rank 1 : true
2025-12-04 18:34:13,755 [INFO] ADCParametersView:116 -                Rank 1 : true
2025-12-04 18:34:13,755 [INFO] ADCParametersView:116 -                Rank 1 : true
2025-12-04 18:34:13,755 [INFO] ADCParametersView:116 -                Rank 1 : true
2025-12-04 18:34:13,755 [INFO] ADCParametersView:116 -                Rank 1 : true
2025-12-04 18:34:13,756 [INFO] ADCParametersView:116 -                Rank 1 : true
2025-12-04 18:34:13,756 [INFO] ADCParametersView:116 -                Rank 1 : true
2025-12-04 18:34:13,762 [INFO] ADCParametersView:116 -                Rank 1 : false
2025-12-04 18:34:13,781 [INFO] ADCParametersView:116 -                Rank 1 : false
2025-12-04 18:34:13,784 [INFO] ADCParametersView:116 -                Rank 1 : false
2025-12-04 18:34:13,784 [INFO] ADCParametersView:116 -                Rank 1 : false
2025-12-04 18:34:13,784 [INFO] ADCParametersView:116 -                Rank 1 : false
2025-12-04 18:34:13,784 [INFO] ADCParametersView:116 -                Rank 1 : false
2025-12-04 18:34:13,784 [INFO] ADCParametersView:116 -                Rank 1 : false
2025-12-04 18:34:13,784 [INFO] ADCParametersView:116 -                Rank 1 : false
2025-12-04 18:34:13,785 [INFO] ADCParametersView:116 -                Rank 1 : false
2025-12-04 18:34:13,785 [INFO] ADCParametersView:116 -                Rank 1 : false
2025-12-04 18:34:13,785 [INFO] ADCParametersView:116 -                Rank 1 : false
2025-12-04 18:34:13,792 [INFO] ADCParametersView:116 -                Rank 1 : false
2025-12-04 18:34:13,877 [INFO] NvicIntPanel:101 - NVIC parent = com.st.microxplorer.plugins.ip.nvic.MultiNvicIntPanel[,0,0,0x0,invalid,layout=javax.swing.BoxLayout,alignmentX=0.0,alignmentY=0.0,border=,flags=9,maximumSize=,minimumSize=,preferredSize=]
2025-12-04 18:34:13,968 [INFO] NvicIntPanel:101 - NVIC parent = com.st.microxplorer.plugins.ip.nvic.MultiNvicIntPanel[,0,0,0x0,invalid,layout=javax.swing.BoxLayout,alignmentX=0.0,alignmentY=0.0,border=,flags=9,maximumSize=,minimumSize=,preferredSize=]
2025-12-04 18:34:14,065 [INFO] NvicIntPanel:101 - NVIC parent = com.st.microxplorer.plugins.ip.nvic.MultiNvicIntPanel[,0,0,0x0,invalid,layout=javax.swing.BoxLayout,alignmentX=0.0,alignmentY=0.0,border=,flags=9,maximumSize=,minimumSize=,preferredSize=]
2025-12-04 18:34:14,116 [INFO] ADCParametersView:116 -                Rank 1 : false
2025-12-04 18:34:14,119 [INFO] ADCParametersView:116 -                Rank 1 : false
2025-12-04 18:34:14,119 [INFO] ADCParametersView:116 -                Rank 1 : false
2025-12-04 18:34:14,119 [INFO] ADCParametersView:116 -                Rank 1 : false
2025-12-04 18:34:14,119 [INFO] ADCParametersView:116 -                Rank 1 : false
2025-12-04 18:34:14,120 [INFO] ADCParametersView:116 -                Rank 1 : false
2025-12-04 18:34:14,120 [INFO] ADCParametersView:116 -                Rank 1 : false
2025-12-04 18:34:14,120 [INFO] ADCParametersView:116 -                Rank 1 : false
2025-12-04 18:34:14,120 [INFO] ADCParametersView:116 -                Rank 1 : false
2025-12-04 18:34:14,120 [INFO] ADCParametersView:116 -                Rank 1 : false
2025-12-04 18:34:14,127 [INFO] ADCParametersView:116 -                Rank 1 : false
2025-12-04 18:34:14,150 [INFO] ADCParametersView:116 -                Rank 1 : false
2025-12-04 18:34:14,152 [INFO] ADCParametersView:116 -                Rank 1 : false
2025-12-04 18:34:14,153 [INFO] ADCParametersView:116 -                Rank 1 : false
2025-12-04 18:34:14,153 [INFO] ADCParametersView:116 -                Rank 1 : false
2025-12-04 18:34:14,153 [INFO] ADCParametersView:116 -                Rank 1 : false
2025-12-04 18:34:14,153 [INFO] ADCParametersView:116 -                Rank 1 : false
2025-12-04 18:34:14,153 [INFO] ADCParametersView:116 -                Rank 1 : false
2025-12-04 18:34:14,153 [INFO] ADCParametersView:116 -                Rank 1 : false
2025-12-04 18:34:14,154 [INFO] ADCParametersView:116 -                Rank 1 : false
2025-12-04 18:34:14,154 [INFO] ADCParametersView:116 -                Rank 1 : false
2025-12-04 18:34:14,161 [INFO] ADCParametersView:116 -                Rank 1 : false
2025-12-04 18:34:20,156 [INFO] ADCParametersView:116 -                Rank 1 : false
2025-12-04 18:34:21,719 [INFO] ADCParametersView:116 -                Rank 1 : false
2025-12-04 18:34:23,982 [INFO] ADCParametersView:116 -                Rank 1 : true
2025-12-04 18:34:25,978 [INFO] ADCParametersView:116 -                Rank 1 : true
2025-12-04 18:34:25,984 [INFO] ADCParametersView:116 -                Rank 1 : true
2025-12-04 18:34:25,984 [INFO] ADCParametersView:116 -                Rank 1 : true
2025-12-04 18:34:25,984 [INFO] ADCParametersView:116 -                Rank 1 : true
2025-12-04 18:34:25,984 [INFO] ADCParametersView:116 -                Rank 1 : true
2025-12-04 18:34:25,984 [INFO] ADCParametersView:116 -                Rank 1 : true
2025-12-04 18:34:25,984 [INFO] ADCParametersView:116 -                Rank 1 : true
2025-12-04 18:34:25,984 [INFO] ADCParametersView:116 -                Rank 1 : true
2025-12-04 18:34:25,984 [INFO] ADCParametersView:116 -                Rank 1 : true
2025-12-04 18:34:25,984 [INFO] ADCParametersView:116 -                Rank 1 : true
2025-12-04 18:34:25,990 [INFO] ADCParametersView:116 -                Rank 1 : true
2025-12-04 18:34:26,009 [INFO] ADCParametersView:116 -                Rank 1 : true
2025-12-04 18:34:26,010 [INFO] ADCParametersView:116 -                Rank 1 : true
2025-12-04 18:34:26,010 [INFO] ADCParametersView:116 -                Rank 1 : true
2025-12-04 18:34:26,010 [INFO] ADCParametersView:116 -                Rank 1 : true
2025-12-04 18:34:26,010 [INFO] ADCParametersView:116 -                Rank 1 : true
2025-12-04 18:34:26,010 [INFO] ADCParametersView:116 -                Rank 1 : true
2025-12-04 18:34:26,010 [INFO] ADCParametersView:116 -                Rank 1 : true
2025-12-04 18:34:26,011 [INFO] ADCParametersView:116 -                Rank 1 : true
2025-12-04 18:34:26,011 [INFO] ADCParametersView:116 -                Rank 1 : true
2025-12-04 18:34:26,011 [INFO] ADCParametersView:116 -                Rank 1 : true
2025-12-04 18:34:26,015 [INFO] ADCParametersView:116 -                Rank 1 : true
2025-12-04 18:34:26,045 [INFO] ADCParametersView:116 -                Rank 1 : true
2025-12-04 18:34:26,047 [INFO] ADCParametersView:116 -                Rank 1 : true
2025-12-04 18:34:26,048 [INFO] ADCParametersView:116 -                Rank 1 : true
2025-12-04 18:34:26,048 [INFO] ADCParametersView:116 -                Rank 1 : true
2025-12-04 18:34:26,048 [INFO] ADCParametersView:116 -                Rank 1 : true
2025-12-04 18:34:26,048 [INFO] ADCParametersView:116 -                Rank 1 : true
2025-12-04 18:34:26,048 [INFO] ADCParametersView:116 -                Rank 1 : true
2025-12-04 18:34:26,048 [INFO] ADCParametersView:116 -                Rank 1 : true
2025-12-04 18:34:26,049 [INFO] ADCParametersView:116 -                Rank 1 : true
2025-12-04 18:34:26,049 [INFO] ADCParametersView:116 -                Rank 1 : true
2025-12-04 18:34:26,055 [INFO] ADCParametersView:116 -                Rank 1 : true
2025-12-04 18:34:30,939 [INFO] UtilMem:75 - End SaveConfig() Used Memory: 948406176 Bytes (1073741824)
2025-12-04 18:34:33,082 [INFO] UtilMem:75 - End SaveConfig() Used Memory: 728904880 Bytes (1073741824)
2025-12-04 18:34:34,627 [INFO] LogOutputStream:77 - [STDOUT_REDIRECT] This download action requires prior login. To proceed, please use the 'login' command with your my.st.com account email and password.
2025-12-04 18:34:34,629 [INFO] LogOutputStream:77 - [STDOUT_REDIRECT] Run 'login <email> <password> <remember_me>' for example 'login john.smith@st.com mypassword y'.
2025-12-04 18:34:34,632 [INFO] LogOutputStream:77 - [STDOUT_REDIRECT] If you do not have a my.st.com account, please visit https://st.com website to create one.
2025-12-04 18:34:48,785 [INFO] LogOutputStream:77 - [STDOUT_REDIRECT] This download action requires prior login. To proceed, please use the 'login' command with your my.st.com account email and password.
2025-12-04 18:34:48,787 [INFO] LogOutputStream:77 - [STDOUT_REDIRECT] Run 'login <email> <password> <remember_me>' for example 'login john.smith@st.com mypassword y'.
2025-12-04 18:34:48,789 [INFO] LogOutputStream:77 - [STDOUT_REDIRECT] If you do not have a my.st.com account, please visit https://st.com website to create one.
2025-12-04 18:34:50,152 [INFO] LogOutputStream:77 - [STDOUT_REDIRECT] This download action requires prior login. To proceed, please use the 'login' command with your my.st.com account email and password.
2025-12-04 18:34:50,154 [INFO] LogOutputStream:77 - [STDOUT_REDIRECT] Run 'login <email> <password> <remember_me>' for example 'login john.smith@st.com mypassword y'.
2025-12-04 18:34:50,156 [INFO] LogOutputStream:77 - [STDOUT_REDIRECT] If you do not have a my.st.com account, please visit https://st.com website to create one.
2025-12-04 18:34:53,056 [INFO] McuFinderGlobals:63 - Set McuFinder mode to 2 (CubeIDE integrated)
2025-12-04 18:34:53,056 [INFO] UserAuth:171 - activating auth plugin
2025-12-04 18:34:53,059 [INFO] UserAuth:487 - Internet connection configuration mode: 1
2025-12-04 18:35:56,711 [INFO] WebApp:652 - userauth.ini deleted or not created
2025-12-04 18:37:05,438 [INFO] ServerAccessManage:452 - Complete download http(s) 200
2025-12-04 18:37:05,439 [INFO] ServerAccessManage:509 - Download File stm32cube_fw_f1_v180.zip
2025-12-04 18:37:43,444 [WARN] FileExtend:469 - File entry not found
2025-12-04 18:37:43,444 [INFO] FileExtend:248 - Unzip File : stm32cube_fw_f1_v180.zip
2025-12-04 18:37:43,445 [INFO] FileExtend:263 - Standard Zip Deflate
2025-12-04 18:38:02,439 [INFO] ServerAccessManage:452 - Complete download http(s) 200
2025-12-04 18:38:02,440 [INFO] ServerAccessManage:509 - Download File stm32cube_fw_f1_v186.zip
2025-12-04 18:38:50,488 [INFO] FileExtend:248 - Unzip File : stm32cube_fw_f1_v186.zip
2025-12-04 18:38:50,489 [INFO] FileExtend:263 - Standard Zip Deflate
2025-12-04 18:39:01,663 [INFO] LoadServerPackagesThread:196 - End of LoadServerPackages Thread
2025-12-04 18:39:01,918 [INFO] ThirdPartyModel:298 - Start build external matchings
2025-12-04 18:39:01,925 [INFO] UtilMem:75 - End SaveConfig() Used Memory: 1039495872 Bytes (1073741824)
2025-12-04 18:39:02,895 [INFO] ProjectBuilder:2380 - IP not ready for code generation: Clock
2025-12-04 18:39:02,920 [INFO] ThirdPartyModel:316 - End build external matchings
2025-12-04 18:39:02,946 [INFO] CheckServerUpdateThread:120 - End of CheckServer Thread
2025-12-04 18:39:05,764 [INFO] BlockDiagram:2775 - set Specific Code input for plugin: NVIC
2025-12-04 18:39:05,764 [INFO] BlockDiagram:2775 - set Specific Code input for plugin: USART
2025-12-04 18:39:05,764 [INFO] BlockDiagram:2775 - set Specific Code input for plugin: TIM1_8F1
2025-12-04 18:39:05,764 [INFO] BlockDiagram:2775 - set Specific Code input for plugin: SYS
2025-12-04 18:39:05,764 [INFO] BlockDiagram:2775 - set Specific Code input for plugin: GPIO
2025-12-04 18:39:05,765 [INFO] BlockDiagram:2775 - set Specific Code input for plugin: ADC
2025-12-04 18:39:05,765 [INFO] BlockDiagram:2775 - set Specific Code input for plugin: CAN
2025-12-04 18:39:05,765 [INFO] BlockDiagram:2775 - set Specific Code input for plugin: RCC
2025-12-04 18:39:05,766 [INFO] CodeGenerator:892 - code generatio: config db path: C:\ST\STM32CubeIDE_1.19.0\STM32CubeIDE\plugins\com.st.stm32cube.common.mx_6.15.0.202507011659\\db\
2025-12-04 18:39:05,956 [INFO] CodeEngine:265 - oldGeneratedFile, C:\SOLARCAR_LV\GitHub\SolarCar-StanescuOvidiu\BLUESOLARTEST_ITCAN2\MXTmpFiles\license.tmp_save
2025-12-04 18:39:06,478 [INFO] CodeEngine:289 - Generated code: C:\SOLARCAR_LV\GitHub\SolarCar-StanescuOvidiu\BLUESOLARTEST_ITCAN2\MXTmpFiles\license.tmp
2025-12-04 18:39:06,665 [INFO] CodeEngine:265 - oldGeneratedFile, C:\SOLARCAR_LV\GitHub\SolarCar-StanescuOvidiu\BLUESOLARTEST_ITCAN2\MXTmpFiles\gpio.tmp_save
2025-12-04 18:39:06,891 [INFO] CodeEngine:289 - Generated code: C:\SOLARCAR_LV\GitHub\SolarCar-StanescuOvidiu\BLUESOLARTEST_ITCAN2\MXTmpFiles\gpio.tmp
2025-12-04 18:39:07,182 [INFO] CodeEngine:265 - oldGeneratedFile, C:\SOLARCAR_LV\GitHub\SolarCar-StanescuOvidiu\BLUESOLARTEST_ITCAN2\Core\Src\stm32f1xx_it.c_save
2025-12-04 18:39:07,431 [INFO] CodeEngine:289 - Generated code: C:\SOLARCAR_LV\GitHub\SolarCar-StanescuOvidiu\BLUESOLARTEST_ITCAN2\Core\Src\stm32f1xx_it.c
2025-12-04 18:39:07,468 [INFO] CodeEngine:265 - oldGeneratedFile, C:\SOLARCAR_LV\GitHub\SolarCar-StanescuOvidiu\BLUESOLARTEST_ITCAN2\Core\Inc\stm32f1xx_it.h_save
2025-12-04 18:39:07,591 [INFO] CodeEngine:289 - Generated code: C:\SOLARCAR_LV\GitHub\SolarCar-StanescuOvidiu\BLUESOLARTEST_ITCAN2\Core\Inc\stm32f1xx_it.h
2025-12-04 18:39:07,613 [INFO] CodeEngine:265 - oldGeneratedFile, C:\SOLARCAR_LV\GitHub\SolarCar-StanescuOvidiu\BLUESOLARTEST_ITCAN2\Core\Src\stm32f1xx_hal_msp.c_save
2025-12-04 18:39:07,883 [INFO] CodeEngine:289 - Generated code: C:\SOLARCAR_LV\GitHub\SolarCar-StanescuOvidiu\BLUESOLARTEST_ITCAN2\Core\Src\stm32f1xx_hal_msp.c
2025-12-04 18:39:07,901 [INFO] CodeEngine:265 - oldGeneratedFile, C:\SOLARCAR_LV\GitHub\SolarCar-StanescuOvidiu\BLUESOLARTEST_ITCAN2\MXTmpFiles\system.tmp_save
2025-12-04 18:39:07,979 [INFO] CodeEngine:289 - Generated code: C:\SOLARCAR_LV\GitHub\SolarCar-StanescuOvidiu\BLUESOLARTEST_ITCAN2\MXTmpFiles\system.tmp
2025-12-04 18:39:08,006 [INFO] CodeEngine:321 - oldGeneratedFile, C:\SOLARCAR_LV\GitHub\SolarCar-StanescuOvidiu\BLUESOLARTEST_ITCAN2\Core\Inc\stm32f1xx_hal_conf.h_save
2025-12-04 18:39:08,161 [INFO] CodeEngine:345 - Generated code: C:\SOLARCAR_LV\GitHub\SolarCar-StanescuOvidiu\BLUESOLARTEST_ITCAN2\Core\Inc\stm32f1xx_hal_conf.h
2025-12-04 18:39:08,217 [INFO] ApiDbMcu:532 - Load IP Config File for ADC1
2025-12-04 18:39:08,221 [INFO] ApiDbMcu:532 - Load IP Config File for CAN
2025-12-04 18:39:08,235 [INFO] ApiDbMcu:532 - Load IP Config File for TIM3
2025-12-04 18:39:08,238 [INFO] ApiDbMcu:532 - Load IP Config File for USART1
2025-12-04 18:39:08,241 [INFO] ApiDbMcu:532 - Load IP Config File for RCC
2025-12-04 18:39:08,246 [WARN] IPConfigManager:3811 - IP not found : TIM
2025-12-04 18:39:08,246 [WARN] CodeGenerator:4259 - IP not found : null
2025-12-04 18:39:08,259 [INFO] CodeEngine:265 - oldGeneratedFile, C:\SOLARCAR_LV\GitHub\SolarCar-StanescuOvidiu\BLUESOLARTEST_ITCAN2\Core\Inc\main.h_save
2025-12-04 18:39:08,459 [INFO] CodeEngine:289 - Generated code: C:\SOLARCAR_LV\GitHub\SolarCar-StanescuOvidiu\BLUESOLARTEST_ITCAN2\Core\Inc\main.h
2025-12-04 18:39:08,471 [INFO] CodeEngine:265 - oldGeneratedFile, C:\SOLARCAR_LV\GitHub\SolarCar-StanescuOvidiu\BLUESOLARTEST_ITCAN2\Core\Src\main.c_save
2025-12-04 18:39:08,702 [INFO] CodeEngine:289 - Generated code: C:\SOLARCAR_LV\GitHub\SolarCar-StanescuOvidiu\BLUESOLARTEST_ITCAN2\Core\Src\main.c
2025-12-04 18:39:09,228 [INFO] ProjectBuilder:3606 - Time for Copy HAL[1] : 191mS.
2025-12-04 18:39:09,238 [INFO] ProjectBuilder:5216 - Project Generator version: 4.7.0-B52
2025-12-04 18:39:09,421 [INFO] ConfigFileManager:1595 - The Die is : DIE410
2025-12-04 18:39:09,448 [INFO] ApiDbMcu:532 - Load IP Config File for FATFS
2025-12-04 18:39:09,464 [INFO] ApiDbMcu:532 - Load IP Config File for FREERTOS
2025-12-04 18:39:09,484 [INFO] ApiDbMcu:532 - Load IP Config File for USB_DEVICE
2025-12-04 18:39:10,380 [INFO] LogOutputStream:77 - [STDOUT_REDIRECT] 
2025-12-04 18:39:13,072 [INFO] ProjectBuilder:5496 - Time for Generating toolchain IDE Files: 3834mS.
2025-12-04 18:39:13,073 [INFO] ProjectBuilder:3463 - Time for Copy CMSIS : 1mS.
2025-12-04 18:39:13,077 [INFO] ProjectBuilder:3463 - Time for Copy CMSIS : 0mS.
2025-12-04 18:41:40,974 [ERROR] LogOutputStream:75 - [STDERR_REDIRECT] 
2025-12-04 18:44:20,949 [INFO] Activator:176 - 


2025-12-04 18:44:20,952 [INFO] Activator:177 - !SESSION log4j initialized
2025-12-04 18:44:27,261 [INFO] LogOutputStream:77 - [STDOUT_REDIRECT] 
2025-12-04 18:44:28,415 [INFO] ApplicationProperties:184 - Using Application install path: C:\ST\STM32CubeIDE_1.19.0\STM32CubeIDE\plugins\com.st.stm32cube.common.mx_6.15.0.202507011659
2025-12-04 18:44:28,431 [INFO] DbMcusXml:78 - Set database path to: C:\ST\STM32CubeIDE_1.19.0\STM32CubeIDE\plugins\com.st.stm32cube.common.mx_6.15.0.202507011659\\db\/mcu/
2025-12-04 18:44:28,431 [INFO] ApiDb:274 - Set plugin database path to: C:\ST\STM32CubeIDE_1.19.0\STM32CubeIDE\plugins\com.st.stm32cube.common.mx_6.15.0.202507011659\\db\/plugins/boardmanager/
2025-12-04 18:44:28,431 [WARN] ApiDb:259 - Overriding images path with different value:  => C:\ST\STM32CubeIDE_1.19.0\STM32CubeIDE\plugins\com.st.stm32cube.common.mx_6.15.0.202507011659\\db\/plugins/mcufinder/images/
2025-12-04 18:44:28,437 [INFO] ApiDb:250 - Set database path to: C:\Users\Ovi\.stmcufinder\plugins\mcufinder//mcu/
2025-12-04 18:44:28,439 [INFO] DbMcusAds:125 - Set database path to: C:\Users\Ovi\.stmcufinder\plugins\mcufinder//mcu/
2025-12-04 18:44:28,441 [INFO] CrossReferenceDbSqlite:203 - Set database path to: C:\Users\Ovi\.stmcufinder\plugins\mcufinder//mcu/cs/
2025-12-04 18:44:28,572 [INFO] RulesReader:64 - Compatibility file has been processed (317 Rules)
2025-12-04 18:44:28,676 [INFO] DbMcusXml:78 - Set database path to: C:\ST\STM32CubeIDE_1.19.0\STM32CubeIDE\plugins\com.st.stm32cube.common.mx_6.15.0.202507011659\\db\/mcu/
2025-12-04 18:44:28,676 [INFO] ApiDb:274 - Set plugin database path to: C:\ST\STM32CubeIDE_1.19.0\STM32CubeIDE\plugins\com.st.stm32cube.common.mx_6.15.0.202507011659\\db\/plugins/boardmanager/
2025-12-04 18:44:28,676 [INFO] ApiDb:261 - Set plugin images path to: C:\ST\STM32CubeIDE_1.19.0\STM32CubeIDE\plugins\com.st.stm32cube.common.mx_6.15.0.202507011659\\db\/plugins/mcufinder/images/
2025-12-04 18:44:28,677 [WARN] DbFile:41 - Overriding database path with different value: C:\Users\Ovi\.stmcufinder\plugins\mcufinder/ => C:\Users\Ovi\.stmcufinder\plugins\mcufinder
2025-12-04 18:44:28,677 [INFO] ApiDb:250 - Set database path to: C:\Users\Ovi\.stmcufinder\plugins\mcufinder//mcu/
2025-12-04 18:44:28,677 [WARN] DbFile:41 - Overriding database path with different value: C:\Users\Ovi\.stmcufinder\plugins\mcufinder/ => C:\Users\Ovi\.stmcufinder\plugins\mcufinder
2025-12-04 18:44:28,677 [INFO] DbMcusAds:125 - Set database path to: C:\Users\Ovi\.stmcufinder\plugins\mcufinder//mcu/
2025-12-04 18:44:28,677 [WARN] DbFile:41 - Overriding database path with different value: C:\Users\Ovi\.stmcufinder\plugins\mcufinder/ => C:\Users\Ovi\.stmcufinder\plugins\mcufinder
2025-12-04 18:44:28,677 [WARN] DbFile:41 - Overriding database path with different value: C:\Users\Ovi\.stmcufinder\plugins\mcufinder/ => C:\Users\Ovi\.stmcufinder\plugins\mcufinder
2025-12-04 18:44:28,677 [INFO] CrossReferenceDbSqlite:203 - Set database path to: C:\Users\Ovi\.stmcufinder\plugins\mcufinder//mcu/cs/
2025-12-04 18:44:28,751 [INFO] MainPanel:274 - HeapMemory: 268435456
2025-12-04 18:44:28,837 [INFO] DbMcusXml:78 - Set database path to: C:\ST\STM32CubeIDE_1.19.0\STM32CubeIDE\plugins\com.st.stm32cube.common.mx_6.15.0.202507011659\\db\/mcu/
2025-12-04 18:44:28,837 [INFO] ApiDb:274 - Set plugin database path to: C:\ST\STM32CubeIDE_1.19.0\STM32CubeIDE\plugins\com.st.stm32cube.common.mx_6.15.0.202507011659\\db\/plugins/boardmanager/
2025-12-04 18:44:28,838 [INFO] ApiDb:261 - Set plugin images path to: C:\ST\STM32CubeIDE_1.19.0\STM32CubeIDE\plugins\com.st.stm32cube.common.mx_6.15.0.202507011659\\db\/plugins/mcufinder/images/
2025-12-04 18:44:28,838 [WARN] DbFile:41 - Overriding database path with different value: C:\Users\Ovi\.stmcufinder\plugins\mcufinder/ => C:\Users\Ovi\.stmcufinder\plugins\mcufinder
2025-12-04 18:44:28,838 [INFO] ApiDb:250 - Set database path to: C:\Users\Ovi\.stmcufinder\plugins\mcufinder//mcu/
2025-12-04 18:44:28,838 [WARN] DbFile:41 - Overriding database path with different value: C:\Users\Ovi\.stmcufinder\plugins\mcufinder/ => C:\Users\Ovi\.stmcufinder\plugins\mcufinder
2025-12-04 18:44:28,838 [INFO] DbMcusAds:125 - Set database path to: C:\Users\Ovi\.stmcufinder\plugins\mcufinder//mcu/
2025-12-04 18:44:28,838 [WARN] DbFile:41 - Overriding database path with different value: C:\Users\Ovi\.stmcufinder\plugins\mcufinder/ => C:\Users\Ovi\.stmcufinder\plugins\mcufinder
2025-12-04 18:44:28,838 [WARN] DbFile:41 - Overriding database path with different value: C:\Users\Ovi\.stmcufinder\plugins\mcufinder/ => C:\Users\Ovi\.stmcufinder\plugins\mcufinder
2025-12-04 18:44:28,839 [INFO] CrossReferenceDbSqlite:203 - Set database path to: C:\Users\Ovi\.stmcufinder\plugins\mcufinder//mcu/cs/
2025-12-04 18:44:28,860 [INFO] ApplicationProperties:184 - Using Application install path: C:\ST\STM32CubeIDE_1.19.0\STM32CubeIDE\plugins\com.st.stm32cube.common.mx_6.15.0.202507011659
2025-12-04 18:44:28,861 [INFO] PluginManage:196 - Search for loadable plugins [exclusion list=, ]
2025-12-04 18:44:28,862 [INFO] PluginManage:310 - Check plugin analytics
2025-12-04 18:44:29,054 [INFO] AnalyticsPlugin:253 - Accepted Software Licenses: STM32CubeMX.6.16.0
2025-12-04 18:44:29,054 [INFO] AnalyticsPlugin:255 - Accepted CMSIS Pack Licenses: 
2025-12-04 18:44:29,054 [INFO] AnalyticsPlugin:257 - Accepted Firmware Licenses: 
2025-12-04 18:44:29,057 [INFO] PluginManage:359 - Loaded plugin analytics (category:tool,tabindex:-1)
2025-12-04 18:44:29,058 [INFO] PluginManage:310 - Check plugin cadmodel
2025-12-04 18:44:29,062 [INFO] CADModel:105 - Init CAD model plugin
2025-12-04 18:44:29,062 [INFO] PluginManage:359 - Loaded plugin cadmodel (category:power,tabindex:5)
2025-12-04 18:44:29,062 [INFO] PluginManage:310 - Check plugin clock
2025-12-04 18:44:29,071 [INFO] PluginManage:359 - Loaded plugin clock (category:base,tabindex:2)
2025-12-04 18:44:29,071 [INFO] PluginManage:310 - Check plugin ddr
2025-12-04 18:44:29,074 [INFO] PluginManage:359 - Loaded plugin ddr (category:tool,tabindex:6)
2025-12-04 18:44:29,074 [INFO] PluginManage:310 - Check plugin filemanager
2025-12-04 18:44:29,252 [INFO] PluginManage:359 - Loaded plugin filemanager (category:base,tabindex:10)
2025-12-04 18:44:29,253 [INFO] PluginManage:310 - Check plugin ipmanager
2025-12-04 18:44:29,263 [INFO] PluginManage:359 - Loaded plugin ipmanager (category:base,tabindex:5)
2025-12-04 18:44:29,263 [INFO] PluginManage:310 - Check plugin lpbam
2025-12-04 18:44:29,274 [INFO] PluginManage:359 - Loaded plugin lpbam (category:base,tabindex:0)
2025-12-04 18:44:29,274 [INFO] PluginManage:310 - Check plugin memorymap
2025-12-04 18:44:29,294 [INFO] PluginManage:359 - Loaded plugin memorymap (category:base,tabindex:4)
2025-12-04 18:44:29,294 [INFO] PluginManage:310 - Check plugin pinoutandconfiguration
2025-12-04 18:44:29,305 [INFO] PluginManage:359 - Loaded plugin pinoutandconfiguration (category:base,tabindex:1)
2025-12-04 18:44:29,305 [INFO] PluginManage:310 - Check plugin pinoutconfig
2025-12-04 18:44:29,431 [WARN] SupportedApi:132 - Cannot load RTOS API schema: s4s-elt-must-match.1: The content of 'definitions' must match (annotation?, (simpleType | complexType)?, (unique | key | keyref)*)). A problem was found starting at: attribute.
2025-12-04 18:44:29,618 [INFO] PluginManage:359 - Loaded plugin pinoutconfig (category:base,tabindex:0)
2025-12-04 18:44:29,618 [INFO] PluginManage:310 - Check plugin power
2025-12-04 18:44:29,630 [INFO] PluginManage:359 - Loaded plugin power (category:power,tabindex:4)
2025-12-04 18:44:29,630 [INFO] PluginManage:310 - Check plugin projectmanager
2025-12-04 18:44:29,658 [INFO] PluginManage:359 - Loaded plugin projectmanager (category:projectmanager,tabindex:4)
2025-12-04 18:44:29,658 [INFO] PluginManage:310 - Check plugin rif
2025-12-04 18:44:29,671 [INFO] PluginManage:359 - Loaded plugin rif (category:base,tabindex:3)
2025-12-04 18:44:29,671 [INFO] PluginManage:310 - Check plugin thirdparty
2025-12-04 18:44:29,861 [INFO] PluginManage:359 - Loaded plugin thirdparty (category:base,tabindex:-1)
2025-12-04 18:44:29,861 [INFO] PluginManage:310 - Check plugin tools
2025-12-04 18:44:29,862 [WARN] IntegrityCheckThread:84 - waiting for thirdparty lock release [integrity check]
2025-12-04 18:44:29,863 [INFO] IntegrityCheckThread:86 - entering critical section [integrity check]
2025-12-04 18:44:29,863 [INFO] ThirdPartyUpdaterWithRetryManager:70 - Updater plugin not ready yet. [1/15]
2025-12-04 18:44:29,866 [INFO] PluginManage:359 - Loaded plugin tools (category:base,tabindex:7)
2025-12-04 18:44:29,866 [INFO] PluginManage:310 - Check plugin tutovideos
2025-12-04 18:44:30,079 [INFO] PluginManage:359 - Loaded plugin tutovideos (category:base,tabindex:-1)
2025-12-04 18:44:30,079 [INFO] PluginManage:310 - Check plugin updater
2025-12-04 18:44:30,099 [INFO] PluginManage:359 - Loaded plugin updater (category:base,tabindex:12)
2025-12-04 18:44:30,100 [INFO] PluginManage:310 - Check plugin userauth
2025-12-04 18:44:30,105 [INFO] UserAuth:118 - Init User Auth plugin
2025-12-04 18:44:30,105 [INFO] PluginManage:359 - Loaded plugin userauth (category:base,tabindex:14)
2025-12-04 18:44:30,106 [INFO] PluginManage:283 - PluginManage : Loaded plugins [18]
2025-12-04 18:44:30,313 [INFO] PinOutPanel:1589 - setPackage(No Configuration,No Configuration)
2025-12-04 18:44:30,402 [INFO] CADModel:165 - CPN selected for project level
2025-12-04 18:44:30,402 [INFO] CADModel:114 - Register for checkConnection events
2025-12-04 18:44:30,417 [INFO] IPUIPlugin:80 - create IPUIPlugin
2025-12-04 18:44:30,418 [INFO] PluginManager:220 - loadIPPluginJar : add adc
2025-12-04 18:44:30,420 [INFO] IPUIPlugin:80 - create IPUIPlugin
2025-12-04 18:44:30,421 [INFO] PluginManager:220 - loadIPPluginJar : add aes
2025-12-04 18:44:30,424 [INFO] IPUIPlugin:80 - create IPUIPlugin
2025-12-04 18:44:30,424 [INFO] PluginManager:220 - loadIPPluginJar : add can
2025-12-04 18:44:30,426 [INFO] IPUIPlugin:80 - create IPUIPlugin
2025-12-04 18:44:30,426 [INFO] PluginManager:220 - loadIPPluginJar : add comp
2025-12-04 18:44:30,428 [INFO] IPUIPlugin:80 - create IPUIPlugin
2025-12-04 18:44:30,429 [INFO] PluginManager:220 - loadIPPluginJar : add cryp
2025-12-04 18:44:30,431 [INFO] IPUIPlugin:80 - create IPUIPlugin
2025-12-04 18:44:30,431 [INFO] PluginManager:220 - loadIPPluginJar : add ddr_ctrl_phy
2025-12-04 18:44:30,434 [INFO] IPUIPlugin:80 - create IPUIPlugin
2025-12-04 18:44:30,434 [INFO] PluginManager:220 - loadIPPluginJar : add dfsdm
2025-12-04 18:44:30,439 [INFO] IPUIPlugin:80 - create IPUIPlugin
2025-12-04 18:44:30,439 [INFO] PluginManager:220 - loadIPPluginJar : add dma
2025-12-04 18:44:30,442 [INFO] IPUIPlugin:80 - create IPUIPlugin
2025-12-04 18:44:30,442 [INFO] PluginManager:220 - loadIPPluginJar : add dma3
2025-12-04 18:44:30,445 [INFO] IPUIPlugin:80 - create IPUIPlugin
2025-12-04 18:44:30,445 [INFO] PluginManager:220 - loadIPPluginJar : add extmemmanager
2025-12-04 18:44:30,447 [INFO] IPUIPlugin:80 - create IPUIPlugin
2025-12-04 18:44:30,447 [INFO] PluginManager:220 - loadIPPluginJar : add fatfs
2025-12-04 18:44:30,452 [INFO] IPUIPlugin:80 - create IPUIPlugin
2025-12-04 18:44:30,453 [INFO] PluginManager:220 - loadIPPluginJar : add fmc
2025-12-04 18:44:30,460 [INFO] IPUIPlugin:80 - create IPUIPlugin
2025-12-04 18:44:30,461 [INFO] PluginManager:220 - loadIPPluginJar : add freertos
2025-12-04 18:44:30,463 [INFO] IPUIPlugin:80 - create IPUIPlugin
2025-12-04 18:44:30,463 [INFO] PluginManager:220 - loadIPPluginJar : add genericplugin
2025-12-04 18:44:30,466 [INFO] IPUIPlugin:80 - create IPUIPlugin
2025-12-04 18:44:30,466 [INFO] PluginManager:220 - loadIPPluginJar : add gfxmmu
2025-12-04 18:44:30,471 [INFO] IPUIPlugin:80 - create IPUIPlugin
2025-12-04 18:44:30,471 [INFO] PluginManager:220 - loadIPPluginJar : add gic
2025-12-04 18:44:30,477 [INFO] IPUIPlugin:80 - create IPUIPlugin
2025-12-04 18:44:30,477 [INFO] PluginManager:220 - loadIPPluginJar : add gpio
2025-12-04 18:44:30,480 [INFO] IPUIPlugin:80 - create IPUIPlugin
2025-12-04 18:44:30,480 [INFO] PluginManager:220 - loadIPPluginJar : add gtzc
2025-12-04 18:44:30,482 [INFO] IPUIPlugin:80 - create IPUIPlugin
2025-12-04 18:44:30,482 [INFO] PluginManager:220 - loadIPPluginJar : add hash
2025-12-04 18:44:30,485 [INFO] IPUIPlugin:80 - create IPUIPlugin
2025-12-04 18:44:30,486 [INFO] PluginManager:220 - loadIPPluginJar : add i2c
2025-12-04 18:44:30,488 [INFO] IPUIPlugin:80 - create IPUIPlugin
2025-12-04 18:44:30,488 [INFO] PluginManager:220 - loadIPPluginJar : add i2s
2025-12-04 18:44:30,491 [INFO] IPUIPlugin:80 - create IPUIPlugin
2025-12-04 18:44:30,491 [INFO] PluginManager:220 - loadIPPluginJar : add i3c
2025-12-04 18:44:30,495 [INFO] IPUIPlugin:80 - create IPUIPlugin
2025-12-04 18:44:30,495 [INFO] PluginManager:220 - loadIPPluginJar : add ipddr
2025-12-04 18:44:30,502 [INFO] IPUIPlugin:80 - create IPUIPlugin
2025-12-04 18:44:30,502 [INFO] PluginManager:220 - loadIPPluginJar : add linkedlist
2025-12-04 18:44:30,506 [INFO] IPUIPlugin:80 - create IPUIPlugin
2025-12-04 18:44:30,506 [INFO] PluginManager:220 - loadIPPluginJar : add lorawan
2025-12-04 18:44:30,507 [INFO] IPUIPlugin:80 - create IPUIPlugin
2025-12-04 18:44:30,508 [INFO] PluginManager:220 - loadIPPluginJar : add ltdc
2025-12-04 18:44:30,513 [INFO] IPUIPlugin:80 - create IPUIPlugin
2025-12-04 18:44:30,513 [INFO] PluginManager:220 - loadIPPluginJar : add mdma
2025-12-04 18:44:30,517 [INFO] IPUIPlugin:80 - create IPUIPlugin
2025-12-04 18:44:30,517 [INFO] PluginManager:220 - loadIPPluginJar : add nvic
2025-12-04 18:44:30,521 [INFO] IPUIPlugin:80 - create IPUIPlugin
2025-12-04 18:44:30,521 [INFO] PluginManager:220 - loadIPPluginJar : add opamp
2025-12-04 18:44:30,524 [INFO] IPUIPlugin:80 - create IPUIPlugin
2025-12-04 18:44:30,524 [INFO] PluginManager:220 - loadIPPluginJar : add openamp
2025-12-04 18:44:30,527 [INFO] IPUIPlugin:80 - create IPUIPlugin
2025-12-04 18:44:30,527 [INFO] PluginManager:220 - loadIPPluginJar : add pdm2pcm
2025-12-04 18:44:30,534 [INFO] IPUIPlugin:80 - create IPUIPlugin
2025-12-04 18:44:30,536 [INFO] PluginManager:220 - loadIPPluginJar : add plateformsettings
2025-12-04 18:44:30,538 [INFO] IPUIPlugin:80 - create IPUIPlugin
2025-12-04 18:44:30,538 [INFO] PluginManager:220 - loadIPPluginJar : add quadspi
2025-12-04 18:44:30,541 [INFO] IPUIPlugin:80 - create IPUIPlugin
2025-12-04 18:44:30,542 [INFO] PluginManager:220 - loadIPPluginJar : add radio
2025-12-04 18:44:30,546 [INFO] IPUIPlugin:80 - create IPUIPlugin
2025-12-04 18:44:30,546 [INFO] PluginManager:220 - loadIPPluginJar : add resmgrutility
2025-12-04 18:44:30,550 [INFO] IPUIPlugin:80 - create IPUIPlugin
2025-12-04 18:44:30,550 [INFO] PluginManager:220 - loadIPPluginJar : add sai
2025-12-04 18:44:30,553 [INFO] IPUIPlugin:80 - create IPUIPlugin
2025-12-04 18:44:30,553 [INFO] PluginManager:220 - loadIPPluginJar : add spi
2025-12-04 18:44:30,559 [INFO] IPUIPlugin:80 - create IPUIPlugin
2025-12-04 18:44:30,560 [INFO] PluginManager:220 - loadIPPluginJar : add stm32_wpan
2025-12-04 18:44:30,562 [INFO] IPUIPlugin:80 - create IPUIPlugin
2025-12-04 18:44:30,562 [INFO] PluginManager:220 - loadIPPluginJar : add tim
2025-12-04 18:44:30,566 [INFO] IPUIPlugin:80 - create IPUIPlugin
2025-12-04 18:44:30,566 [INFO] PluginManager:220 - loadIPPluginJar : add touchsensing
2025-12-04 18:44:30,569 [INFO] IPUIPlugin:80 - create IPUIPlugin
2025-12-04 18:44:30,569 [INFO] PluginManager:220 - loadIPPluginJar : add tracer_emb
2025-12-04 18:44:30,571 [INFO] IPUIPlugin:80 - create IPUIPlugin
2025-12-04 18:44:30,571 [INFO] PluginManager:220 - loadIPPluginJar : add ts
2025-12-04 18:44:30,573 [INFO] IPUIPlugin:80 - create IPUIPlugin
2025-12-04 18:44:30,573 [INFO] PluginManager:220 - loadIPPluginJar : add tsc
2025-12-04 18:44:30,575 [INFO] IPUIPlugin:80 - create IPUIPlugin
2025-12-04 18:44:30,575 [INFO] PluginManager:220 - loadIPPluginJar : add ucpd
2025-12-04 18:44:30,578 [INFO] IPUIPlugin:80 - create IPUIPlugin
2025-12-04 18:44:30,578 [INFO] PluginManager:220 - loadIPPluginJar : add usart
2025-12-04 18:44:30,581 [INFO] IPUIPlugin:80 - create IPUIPlugin
2025-12-04 18:44:30,581 [INFO] PluginManager:220 - loadIPPluginJar : add usbx
2025-12-04 18:44:30,732 [FATAL] Updater:351 - Updater called before beeing initialized
2025-12-04 18:44:30,762 [INFO] RulesReader:64 - Compatibility file has been processed (317 Rules)
2025-12-04 18:44:30,773 [INFO] RulesReader:64 - Compatibility file has been processed (317 Rules)
2025-12-04 18:44:30,786 [INFO] CADModel:165 - CPN selected for project level
2025-12-04 18:44:30,787 [INFO] CADModel:114 - Register for checkConnection events
2025-12-04 18:44:30,787 [FATAL] Updater:351 - Updater called before beeing initialized
2025-12-04 18:44:30,787 [ERROR] CADModel:125 - Updater not yet initialized, retry later 
2025-12-04 18:44:30,967 [FATAL] Updater:351 - Updater called before beeing initialized
2025-12-04 18:44:30,969 [INFO] CADModel:165 - CPN selected for project level
2025-12-04 18:44:30,969 [INFO] CADModel:114 - Register for checkConnection events
2025-12-04 18:44:30,969 [FATAL] Updater:351 - Updater called before beeing initialized
2025-12-04 18:44:30,969 [ERROR] CADModel:125 - Updater not yet initialized, retry later 
2025-12-04 18:44:30,973 [FATAL] Updater:351 - Updater called before beeing initialized
2025-12-04 18:44:31,115 [FATAL] Updater:351 - Updater called before beeing initialized
2025-12-04 18:44:31,119 [INFO] DbMcusAds:53 - JSON generation date=Tue Nov 25 16:08:32 EET 2025 (1764079712175)
2025-12-04 18:44:31,120 [FATAL] Updater:351 - Updater called before beeing initialized
2025-12-04 18:44:31,179 [WARN] DetailPanel:346 - Failed to get advertising image, set to default
2025-12-04 18:44:31,304 [FATAL] Updater:351 - Updater called before beeing initialized
2025-12-04 18:44:31,306 [FATAL] Updater:351 - Updater called before beeing initialized
2025-12-04 18:44:31,306 [FATAL] Updater:351 - Updater called before beeing initialized
2025-12-04 18:44:31,306 [WARN] DetailPanel:346 - Failed to get advertising image, set to default
2025-12-04 18:44:31,308 [FATAL] Updater:351 - Updater called before beeing initialized
2025-12-04 18:44:31,366 [ERROR] Updater:1198 - MainUpdater not yet initialized. External WinMGr cannot be set.
2025-12-04 18:44:31,368 [INFO] Updater:1134 - Updater Version found : 6.15.0
2025-12-04 18:44:31,382 [INFO] ApplicationProperties:184 - Using Application install path: C:\ST\STM32CubeIDE_1.19.0\STM32CubeIDE\plugins\com.st.stm32cube.common.mx_6.15.0.202507011659
2025-12-04 18:44:31,833 [INFO] MainUpdater:2872 - connection check result : 10
2025-12-04 18:44:31,834 [INFO] MainUpdater:289 - Updater Check For Update Now.
2025-12-04 18:44:31,834 [INFO] MicroXplorer:498 - Change Database Version : DB.6.0.150
2025-12-04 18:44:31,843 [INFO] McuFinderGlobals:63 - Set McuFinder mode to 2 (CubeIDE integrated)
2025-12-04 18:44:31,844 [INFO] UserAuth:171 - activating auth plugin
2025-12-04 18:44:31,847 [INFO] UserAuth:487 - Internet connection configuration mode: 1
2025-12-04 18:44:31,878 [INFO] JxBrowserEngine:152 - Initiate JxBrowser Engine with user profile folder
2025-12-04 18:44:32,077 [INFO] CheckServerUpdateThread:120 - End of CheckServer Thread
2025-12-04 18:44:32,613 [INFO] WebApp:169 - Instantiating new browser for Auth
2025-12-04 18:44:33,181 [WARN] PackLoader:240 - Cannot read IP mode file for STMicroelectronics.FP-SNS-MOTENVWB1.1.4.0
2025-12-04 18:44:33,192 [WARN] PackLoader:240 - Cannot read IP mode file for STMicroelectronics.FP-ATR-ASTRA1.2.0.2
2025-12-04 18:44:33,202 [WARN] PackLoader:240 - Cannot read IP mode file for STMicroelectronics.X-CUBE-SMBUS.2.1.0
2025-12-04 18:44:33,236 [WARN] PackLoader:240 - Cannot read IP mode file for STMicroelectronics.X-CUBE-AZRTOS-F7.1.1.0
2025-12-04 18:44:33,244 [WARN] PackLoader:240 - Cannot read IP mode file for STMicroelectronics.FP-SNS-MOTENV1.5.1.0
2025-12-04 18:44:33,259 [WARN] PackLoader:240 - Cannot read IP mode file for WES.I-CUBE-Cesium.1.4.0
2025-12-04 18:44:33,298 [WARN] PackLoader:240 - Cannot read IP mode file for STMicroelectronics.X-CUBE-AZRTOS-H7.3.4.0
2025-12-04 18:44:33,311 [WARN] PackLoader:240 - Cannot read IP mode file for STMicroelectronics.X-CUBE-DISPLAY.3.0.0
2025-12-04 18:44:33,325 [WARN] PackLoader:240 - Cannot read IP mode file for STMicroelectronics.X-CUBE-NFC10.1.0.0
2025-12-04 18:44:33,331 [WARN] PackLoader:240 - Cannot read IP mode file for STMicroelectronics.X-CUBE-ST60.1.1.0
2025-12-04 18:44:33,337 [WARN] PackLoader:240 - Cannot read IP mode file for emotas.I-CUBE-CANOPEN.1.3.0
2025-12-04 18:44:33,346 [WARN] PackLoader:240 - Cannot read IP mode file for STMicroelectronics.X-CUBE-GNSS1.7.1.0
2025-12-04 18:44:33,354 [WARN] PackLoader:240 - Cannot read IP mode file for STMicroelectronics.FP-SNS-STBOX1.2.1.0
2025-12-04 18:44:33,361 [WARN] PackLoader:240 - Cannot read IP mode file for STMicroelectronics.FP-SNS-SMARTAG2.1.2.0
2025-12-04 18:44:33,366 [WARN] PackLoader:240 - Cannot read IP mode file for STMicroelectronics.FP-SNS-FLIGHT1.5.1.0
2025-12-04 18:44:33,381 [INFO] LogOutputStream:77 - [STDOUT_REDIRECT] 1 : Invalid condition id : UX_CORESTACK_Condition cause : null
2025-12-04 18:44:33,381 [INFO] LogOutputStream:77 - [STDOUT_REDIRECT] 1 : Invalid condition id : UX_CORESTACK_Condition cause : null
2025-12-04 18:44:33,382 [INFO] LogOutputStream:77 - [STDOUT_REDIRECT] 1 : Invalid condition id : UX_CORESTACK_Condition cause : null
2025-12-04 18:44:33,384 [INFO] LogOutputStream:77 - [STDOUT_REDIRECT] 1 : Invalid condition id : UX_CORESTACK_Condition cause : null
2025-12-04 18:44:33,385 [INFO] LogOutputStream:77 - [STDOUT_REDIRECT] 1 : Invalid condition id : UX_CORESTACK_Condition cause : null
2025-12-04 18:44:33,392 [WARN] PackLoader:240 - Cannot read IP mode file for STMicroelectronics.X-CUBE-AZRTOS-WL.2.0.0
2025-12-04 18:44:33,477 [WARN] PackLoader:240 - Cannot read IP mode file for STMicroelectronics.X-CUBE-AZRTOS-H7RS.1.2.0
2025-12-04 18:44:33,503 [WARN] PackLoader:240 - Cannot read IP mode file for STMicroelectronics.X-CUBE-BLE2.3.3.0
2025-12-04 18:44:33,580 [WARN] PackLoader:240 - Cannot read IP mode file for Infineon.AIROC-Wi-Fi-Bluetooth-STM32.1.8.0
2025-12-04 18:44:33,608 [WARN] PackLoader:240 - Cannot read IP mode file for STMicroelectronics.X-CUBE-NFC9.1.0.0
2025-12-04 18:44:33,620 [WARN] PackLoader:240 - Cannot read IP mode file for wolfSSL.I-CUBE-wolfSSL.5.8.2
2025-12-04 18:44:33,627 [WARN] PackLoader:240 - Cannot read IP mode file for STMicroelectronics.X-CUBE-BLE1.7.1.0
2025-12-04 18:44:33,634 [WARN] PackLoader:240 - Cannot read IP mode file for wolfSSL.I-CUBE-wolfMQTT.1.19.2
2025-12-04 18:44:33,643 [INFO] WebApp:463 - Apply proxy settings
2025-12-04 18:44:33,644 [WARN] PackLoader:240 - Cannot read IP mode file for STMicroelectronics.X-CUBE-FREERTOS.1.4.0
2025-12-04 18:44:33,644 [INFO] WebApp:548 - Chromium requires no authentication
2025-12-04 18:44:33,653 [WARN] PackLoader:240 - Cannot read IP mode file for STMicroelectronics.X-CUBE-EEPRMA1.5.2.0
2025-12-04 18:44:33,658 [INFO] WebApp:491 - Direct internet connection detected
2025-12-04 18:44:33,662 [WARN] PackLoader:240 - Cannot read IP mode file for Cesanta.I-CUBE-Mongoose.7.20.0
2025-12-04 18:44:33,675 [WARN] PackLoader:240 - Cannot read IP mode file for STMicroelectronics.X-CUBE-ST67W61.1.1.0
2025-12-04 18:44:33,702 [INFO] WebApp:900 - Register for checkConnection events
2025-12-04 18:44:33,702 [INFO] WebApp:463 - Apply proxy settings
2025-12-04 18:44:33,702 [INFO] WebApp:548 - Chromium requires no authentication
2025-12-04 18:44:33,703 [INFO] WebApp:491 - Direct internet connection detected
2025-12-04 18:44:33,752 [WARN] PackLoader:240 - Cannot read IP mode file for STMicroelectronics.X-CUBE-MEMS1.12.0.0
2025-12-04 18:44:33,877 [WARN] PackLoader:240 - Cannot read IP mode file for STMicroelectronics.X-CUBE-AZRTOS-G0.1.1.0
2025-12-04 18:44:33,885 [WARN] PackLoader:240 - Cannot read IP mode file for STMicroelectronics.X-CUBE-NFC4.3.0.0
2025-12-04 18:44:33,896 [WARN] PackLoader:240 - Cannot read IP mode file for EmbeddedOffice.I-CUBE-FS-RTOS.1.0.1
2025-12-04 18:44:33,905 [WARN] PackLoader:240 - Cannot read IP mode file for STMicroelectronics.X-CUBE-WB05N.2.0.0
2025-12-04 18:44:33,913 [WARN] PackLoader:240 - Cannot read IP mode file for wolfSSL.I-CUBE-wolfTPM.3.8.0
2025-12-04 18:44:33,923 [WARN] PackLoader:240 - Cannot read IP mode file for STMicroelectronics.X-CUBE-TCPP.4.2.0
2025-12-04 18:44:33,939 [WARN] PackLoader:240 - Cannot read IP mode file for RealThread.X-CUBE-RT-Thread_Nano.4.1.1
2025-12-04 18:44:33,948 [WARN] PackLoader:240 - Cannot read IP mode file for STMicroelectronics.FP-ATR-SIGFOX1.3.2.0
2025-12-04 18:44:33,958 [WARN] PackLoader:240 - Cannot read IP mode file for ITTIA_DB.I-CUBE-ITTIADB.8.9.0
2025-12-04 18:44:33,963 [WARN] PackLoader:240 - Cannot read IP mode file for STMicroelectronics.X-CUBE-AI.10.2.0
2025-12-04 18:44:33,973 [INFO] WebApp:191 - Connection restablished
2025-12-04 18:44:34,019 [WARN] PackLoader:240 - Cannot read IP mode file for SEGGER.I-CUBE-embOS.1.3.1
2025-12-04 18:44:34,196 [INFO] WebApp:225 - Starting web application
2025-12-04 18:44:34,198 [INFO] WebApp:593 - Web application path used C:\ST\STM32CubeIDE_1.19.0\STM32CubeIDE\plugins\com.st.stm32cube.common.mx_6.15.0.202507011659\db\plugins\mcufinder\reactClient1\index.html
2025-12-04 18:44:34,202 [WARN] PackLoader:240 - Cannot read IP mode file for STMicroelectronics.X-CUBE-ALGOBUILD.1.4.0
2025-12-04 18:44:34,211 [WARN] PackLoader:240 - Cannot read IP mode file for STMicroelectronics.X-CUBE-PM33A1.1.0.0
2025-12-04 18:44:34,254 [WARN] PackLoader:240 - Cannot read IP mode file for STMicroelectronics.X-CUBE-AZRTOS-F4.1.1.0
2025-12-04 18:44:34,265 [WARN] PackLoader:240 - Cannot read IP mode file for STMicroelectronics.X-CUBE-ISPU.2.1.0
2025-12-04 18:44:34,289 [WARN] PackLoader:240 - Cannot read IP mode file for STMicroelectronics.X-CUBE-IPS.3.2.0
2025-12-04 18:44:34,304 [WARN] PackLoader:240 - Cannot read IP mode file for STMicroelectronics.X-CUBE-NFC12.1.0.0
2025-12-04 18:44:34,331 [WARN] PackLoader:240 - Cannot read IP mode file for STMicroelectronics.X-CUBE-AZRTOS-L5.2.0.0
2025-12-04 18:44:34,347 [WARN] PackLoader:240 - Cannot read IP mode file for STMicroelectronics.X-CUBE-NFC6.3.1.0
2025-12-04 18:44:34,359 [WARN] PackLoader:240 - Cannot read IP mode file for STMicroelectronics.X-CUBE-TOUCHGFX.4.26.0
2025-12-04 18:44:34,368 [WARN] PackLoader:240 - Cannot read IP mode file for STMicroelectronics.FP-SNS-STAIOTCFT.1.0.0
2025-12-04 18:44:34,378 [WARN] PackLoader:240 - Cannot read IP mode file for STMicroelectronics.X-CUBE-DPower.1.3.0
2025-12-04 18:44:34,412 [WARN] ConditionMgr:438 - getConditionDescription Invalid condition id : LAN8742 Phy interface Condition cause : null
2025-12-04 18:44:34,415 [WARN] PackLoader:240 - Cannot read IP mode file for STMicroelectronics.X-CUBE-AZRTOS-L4.2.0.0
2025-12-04 18:44:34,417 [WARN] ConditionMgr:1044 - genDependencies : Invalid condition id : LAN8742 Phy interface Condition cause : null
2025-12-04 18:44:34,417 [WARN] ConditionMgr:1044 - genDependencies : Invalid condition id : LAN8742 Phy interface Condition cause : null
2025-12-04 18:44:34,418 [WARN] ConditionMgr:1044 - genDependencies : Invalid condition id : LAN8742 Phy interface Condition cause : null
2025-12-04 18:44:34,438 [WARN] PackLoader:240 - Cannot read IP mode file for STMicroelectronics.X-CUBE-SFXS2LP1.4.0.0
2025-12-04 18:44:34,455 [WARN] PackLoader:240 - Cannot read IP mode file for STMicroelectronics.X-CUBE-BLEMGR.4.1.0
2025-12-04 18:44:34,489 [WARN] ConditionMgr:438 - getConditionDescription Invalid condition id : UX DEVICE CLASS RTOS Condition cause : null
2025-12-04 18:44:34,489 [WARN] ConditionMgr:438 - getConditionDescription Invalid condition id : UX DEVICE CLASS RTOS Condition cause : null
2025-12-04 18:44:34,494 [WARN] PackLoader:240 - Cannot read IP mode file for STMicroelectronics.X-CUBE-AZRTOS-WB.2.0.0
2025-12-04 18:44:34,495 [WARN] ConditionMgr:1044 - genDependencies : Invalid condition id : UX DEVICE CLASS RTOS Condition cause : null
2025-12-04 18:44:34,495 [WARN] ConditionMgr:1044 - genDependencies : Invalid condition id : UX DEVICE CLASS RTOS Condition cause : null
2025-12-04 18:44:34,496 [WARN] ConditionMgr:1044 - genDependencies : Invalid condition id : UX DEVICE CLASS RTOS Condition cause : null
2025-12-04 18:44:34,497 [WARN] ConditionMgr:1044 - genDependencies : Invalid condition id : UX DEVICE CLASS RTOS Condition cause : null
2025-12-04 18:44:34,497 [WARN] ConditionMgr:1044 - genDependencies : Invalid condition id : UX DEVICE CLASS RTOS Condition cause : null
2025-12-04 18:44:34,508 [WARN] ConditionMgr:438 - getConditionDescription Invalid condition id : Cortex-A Device cause : null
2025-12-04 18:44:34,543 [WARN] ConditionMgr:1044 - genDependencies : Invalid condition id : Cortex-A Device cause : null
2025-12-04 18:44:34,543 [WARN] ConditionMgr:1044 - genDependencies : Invalid condition id : Cortex-A Device cause : null
2025-12-04 18:44:34,543 [WARN] ConditionMgr:1044 - genDependencies : Invalid condition id : Cortex-A Device cause : null
2025-12-04 18:44:34,558 [WARN] PackLoader:240 - Cannot read IP mode file for STMicroelectronics.X-CUBE-SUBG2.5.0.0
2025-12-04 18:44:34,585 [WARN] PackLoader:240 - Cannot read IP mode file for STMicroelectronics.X-CUBE-AZRTOS-G4.2.0.0
2025-12-04 18:44:34,594 [WARN] PackLoader:240 - Cannot read IP mode file for wolfSSL.I-CUBE-wolfSSH.1.4.20
2025-12-04 18:44:34,609 [WARN] PackLoader:240 - Cannot read IP mode file for STMicroelectronics.X-CUBE-NFC7.2.0.0
2025-12-04 18:44:34,619 [WARN] PackLoader:240 - Cannot read IP mode file for STMicroelectronics.X-CUBE-ALS.1.0.2
2025-12-04 18:44:34,637 [WARN] PackLoader:240 - Cannot read IP mode file for STMicroelectronics.X-CUBE-STSE01.1.0.0
2025-12-04 18:44:34,662 [WARN] PackLoader:240 - Cannot read IP mode file for STMicroelectronics.X-CUBE-TOF1.3.4.3
2025-12-04 18:44:34,687 [INFO] ThirdParty:978 - Integrity check success = true
2025-12-04 18:44:34,687 [INFO] IntegrityCheckThread:100 - exiting critical section [integrity check]
2025-12-04 18:44:34,687 [INFO] IntegrityCheckThread:103 - End integrity checks thread
