2026-02-24 00:07:00,545 [INFO] NvicIntPanel:101 - NVIC parent = com.st.microxplorer.plugins.ip.nvic.MultiNvicIntPanel[,0,0,0x0,invalid,layout=javax.swing.BoxLayout,alignmentX=0.0,alignmentY=0.0,border=,flags=9,maximumSize=,minimumSize=,preferredSize=]
2026-02-24 00:07:12,355 [INFO] NvicIntPanel:101 - NVIC parent = com.st.microxplorer.plugins.ip.nvic.MultiNvicIntPanel[,0,0,0x0,invalid,layout=javax.swing.BoxLayout,alignmentX=0.0,alignmentY=0.0,border=,flags=9,maximumSize=,minimumSize=,preferredSize=]
2026-02-24 00:07:12,974 [INFO] NvicIntPanel:101 - NVIC parent = com.st.microxplorer.plugins.ip.nvic.MultiNvicIntPanel[,0,0,0x0,invalid,layout=javax.swing.BoxLayout,alignmentX=0.0,alignmentY=0.0,border=,flags=9,maximumSize=,minimumSize=,preferredSize=]
2026-02-24 00:07:15,164 [INFO] UtilMem:75 - End SaveConfig() Used Memory: 679583520 Bytes (1073741824)
2026-02-24 00:07:16,609 [INFO] UtilMem:75 - End SaveConfig() Used Memory: 703131560 Bytes (1073741824)
2026-02-24 00:07:18,427 [INFO] UtilMem:75 - End SaveConfig() Used Memory: 741928872 Bytes (1073741824)
2026-02-24 00:07:18,776 [INFO] BlockDiagram:2775 - set Specific Code input for plugin: NVIC
2026-02-24 00:07:18,776 [INFO] BlockDiagram:2775 - set Specific Code input for plugin: DMA
2026-02-24 00:07:18,777 [INFO] BlockDiagram:2775 - set Specific Code input for plugin: TIM1_8F1
2026-02-24 00:07:18,777 [INFO] BlockDiagram:2775 - set Specific Code input for plugin: TIM1_8F1
2026-02-24 00:07:18,777 [INFO] BlockDiagram:2775 - set Specific Code input for plugin: SYS
2026-02-24 00:07:18,777 [INFO] BlockDiagram:2775 - set Specific Code input for plugin: GPIO
2026-02-24 00:07:18,777 [INFO] BlockDiagram:2775 - set Specific Code input for plugin: ADC
2026-02-24 00:07:18,777 [INFO] BlockDiagram:2775 - set Specific Code input for plugin: CAN
2026-02-24 00:07:18,778 [INFO] BlockDiagram:2775 - set Specific Code input for plugin: RCC
2026-02-24 00:07:18,779 [INFO] CodeGenerator:892 - code generatio: config db path: C:\ST\STM32CubeIDE_1.19.0\STM32CubeIDE\plugins\com.st.stm32cube.common.mx_6.15.0.202507011659\\db\
2026-02-24 00:07:18,786 [INFO] Argument:325 - Argument : hdmavalue: null
2026-02-24 00:07:18,786 [INFO] Argument:327 - 	 sub Args: 
2026-02-24 00:07:18,786 [INFO] Argument:325 - Argument : Instancevalue: DMA1_Channel1
2026-02-24 00:07:18,786 [INFO] Argument:335 - Argument : Instancevalue: DMA1_Channel1
2026-02-24 00:07:18,786 [INFO] Argument:325 - Argument : Initvalue: null
2026-02-24 00:07:18,786 [INFO] Argument:327 - 	 sub Args: 
2026-02-24 00:07:18,786 [INFO] Argument:325 - Argument : Directionvalue: DMA_PERIPH_TO_MEMORY
2026-02-24 00:07:18,786 [INFO] Argument:335 - Argument : Directionvalue: DMA_PERIPH_TO_MEMORY
2026-02-24 00:07:18,786 [INFO] Argument:325 - Argument : PeriphIncvalue: DMA_PINC_DISABLE
2026-02-24 00:07:18,786 [INFO] Argument:335 - Argument : PeriphIncvalue: DMA_PINC_DISABLE
2026-02-24 00:07:18,786 [INFO] Argument:325 - Argument : MemIncvalue: DMA_MINC_ENABLE
2026-02-24 00:07:18,787 [INFO] Argument:335 - Argument : MemIncvalue: DMA_MINC_ENABLE
2026-02-24 00:07:18,787 [INFO] Argument:325 - Argument : PeriphDataAlignmentvalue: DMA_PDATAALIGN_HALFWORD
2026-02-24 00:07:18,787 [INFO] Argument:335 - Argument : PeriphDataAlignmentvalue: DMA_PDATAALIGN_HALFWORD
2026-02-24 00:07:18,787 [INFO] Argument:325 - Argument : MemDataAlignmentvalue: DMA_MDATAALIGN_HALFWORD
2026-02-24 00:07:18,787 [INFO] Argument:335 - Argument : MemDataAlignmentvalue: DMA_MDATAALIGN_HALFWORD
2026-02-24 00:07:18,787 [INFO] Argument:325 - Argument : Modevalue: DMA_CIRCULAR
2026-02-24 00:07:18,787 [INFO] Argument:335 - Argument : Modevalue: DMA_CIRCULAR
2026-02-24 00:07:18,787 [INFO] Argument:325 - Argument : Priorityvalue: DMA_PRIORITY_LOW
2026-02-24 00:07:18,787 [INFO] Argument:335 - Argument : Priorityvalue: DMA_PRIORITY_LOW
2026-02-24 00:07:18,787 [INFO] Argument:325 - Argument : Lockvalue: null
2026-02-24 00:07:18,787 [INFO] Argument:335 - Argument : Lockvalue: null
2026-02-24 00:07:18,787 [INFO] Argument:325 - Argument : Statevalue: null
2026-02-24 00:07:18,787 [INFO] Argument:335 - Argument : Statevalue: null
2026-02-24 00:07:18,787 [INFO] Argument:325 - Argument : Parentvalue: null
2026-02-24 00:07:18,787 [INFO] Argument:335 - Argument : Parentvalue: null
2026-02-24 00:07:18,787 [INFO] Argument:325 - Argument : XferCpltCallbackvalue: null
2026-02-24 00:07:18,787 [INFO] Argument:335 - Argument : XferCpltCallbackvalue: null
2026-02-24 00:07:18,787 [INFO] Argument:325 - Argument : XferHalfCpltCallbackvalue: null
2026-02-24 00:07:18,788 [INFO] Argument:335 - Argument : XferHalfCpltCallbackvalue: null
2026-02-24 00:07:18,788 [INFO] Argument:325 - Argument : XferErrorCallbackvalue: null
2026-02-24 00:07:18,788 [INFO] Argument:335 - Argument : XferErrorCallbackvalue: null
2026-02-24 00:07:18,788 [INFO] Argument:325 - Argument : ErrorCodevalue: null
2026-02-24 00:07:18,788 [INFO] Argument:335 - Argument : ErrorCodevalue: null
2026-02-24 00:07:18,888 [INFO] CodeEngine:265 - oldGeneratedFile, C:\SOLARCAR_LV\GitHub\OvidiuMPPT\MPPT_SIM\MXTmpFiles\license.tmp_save
2026-02-24 00:07:19,095 [INFO] CodeEngine:289 - Generated code: C:\SOLARCAR_LV\GitHub\OvidiuMPPT\MPPT_SIM\MXTmpFiles\license.tmp
2026-02-24 00:07:19,140 [INFO] CodeEngine:265 - oldGeneratedFile, C:\SOLARCAR_LV\GitHub\OvidiuMPPT\MPPT_SIM\MXTmpFiles\gpio.tmp_save
2026-02-24 00:07:19,292 [INFO] CodeEngine:289 - Generated code: C:\SOLARCAR_LV\GitHub\OvidiuMPPT\MPPT_SIM\MXTmpFiles\gpio.tmp
2026-02-24 00:07:19,413 [INFO] CodeEngine:265 - oldGeneratedFile, C:\SOLARCAR_LV\GitHub\OvidiuMPPT\MPPT_SIM\MXTmpFiles\dma.tmp_save
2026-02-24 00:07:19,564 [INFO] CodeEngine:289 - Generated code: C:\SOLARCAR_LV\GitHub\OvidiuMPPT\MPPT_SIM\MXTmpFiles\dma.tmp
2026-02-24 00:07:19,577 [INFO] CodeEngine:265 - oldGeneratedFile, C:\SOLARCAR_LV\GitHub\OvidiuMPPT\MPPT_SIM\MXTmpFiles\dma_GV.tmp_save
2026-02-24 00:07:19,662 [INFO] CodeEngine:289 - Generated code: C:\SOLARCAR_LV\GitHub\OvidiuMPPT\MPPT_SIM\MXTmpFiles\dma_GV.tmp
2026-02-24 00:07:19,681 [INFO] CodeEngine:265 - oldGeneratedFile, C:\SOLARCAR_LV\GitHub\OvidiuMPPT\MPPT_SIM\Core\Src\stm32f1xx_it.c_save
2026-02-24 00:07:19,999 [INFO] CodeEngine:289 - Generated code: C:\SOLARCAR_LV\GitHub\OvidiuMPPT\MPPT_SIM\Core\Src\stm32f1xx_it.c
2026-02-24 00:07:20,008 [INFO] CodeEngine:265 - oldGeneratedFile, C:\SOLARCAR_LV\GitHub\OvidiuMPPT\MPPT_SIM\Core\Inc\stm32f1xx_it.h_save
2026-02-24 00:07:20,078 [INFO] CodeEngine:289 - Generated code: C:\SOLARCAR_LV\GitHub\OvidiuMPPT\MPPT_SIM\Core\Inc\stm32f1xx_it.h
2026-02-24 00:07:20,094 [INFO] CodeEngine:265 - oldGeneratedFile, C:\SOLARCAR_LV\GitHub\OvidiuMPPT\MPPT_SIM\Core\Src\stm32f1xx_hal_msp.c_save
2026-02-24 00:07:20,335 [INFO] CodeEngine:289 - Generated code: C:\SOLARCAR_LV\GitHub\OvidiuMPPT\MPPT_SIM\Core\Src\stm32f1xx_hal_msp.c
2026-02-24 00:07:20,356 [INFO] CodeEngine:265 - oldGeneratedFile, C:\SOLARCAR_LV\GitHub\OvidiuMPPT\MPPT_SIM\MXTmpFiles\system.tmp_save
2026-02-24 00:07:20,414 [INFO] CodeEngine:289 - Generated code: C:\SOLARCAR_LV\GitHub\OvidiuMPPT\MPPT_SIM\MXTmpFiles\system.tmp
2026-02-24 00:07:20,431 [INFO] CodeEngine:321 - oldGeneratedFile, C:\SOLARCAR_LV\GitHub\OvidiuMPPT\MPPT_SIM\Core\Inc\stm32f1xx_hal_conf.h_save
2026-02-24 00:07:20,583 [INFO] CodeEngine:345 - Generated code: C:\SOLARCAR_LV\GitHub\OvidiuMPPT\MPPT_SIM\Core\Inc\stm32f1xx_hal_conf.h
2026-02-24 00:07:20,610 [WARN] IPConfigManager:3811 - IP not found : TIM
2026-02-24 00:07:20,611 [WARN] CodeGenerator:4259 - IP not found : null
2026-02-24 00:07:20,622 [INFO] CodeEngine:265 - oldGeneratedFile, C:\SOLARCAR_LV\GitHub\OvidiuMPPT\MPPT_SIM\Core\Inc\main.h_save
2026-02-24 00:07:20,757 [INFO] CodeEngine:289 - Generated code: C:\SOLARCAR_LV\GitHub\OvidiuMPPT\MPPT_SIM\Core\Inc\main.h
2026-02-24 00:07:20,765 [INFO] CodeEngine:265 - oldGeneratedFile, C:\SOLARCAR_LV\GitHub\OvidiuMPPT\MPPT_SIM\Core\Src\main.c_save
2026-02-24 00:07:20,911 [INFO] CodeEngine:289 - Generated code: C:\SOLARCAR_LV\GitHub\OvidiuMPPT\MPPT_SIM\Core\Src\main.c
2026-02-24 00:07:21,327 [INFO] ProjectBuilder:3606 - Time for Copy HAL[1] : 210mS.
2026-02-24 00:07:21,333 [INFO] ProjectBuilder:5216 - Project Generator version: 4.7.0-B52
2026-02-24 00:07:21,504 [INFO] ConfigFileManager:1595 - The Die is : DIE410
2026-02-24 00:07:22,572 [INFO] ProjectBuilder:5496 - Time for Generating toolchain IDE Files: 1239mS.
2026-02-24 00:07:22,573 [INFO] ProjectBuilder:3463 - Time for Copy CMSIS : 1mS.
2026-02-24 00:07:22,577 [INFO] ProjectBuilder:3463 - Time for Copy CMSIS : 0mS.
2026-02-24 00:42:10,384 [INFO] UtilMem:75 - End SaveConfig() Used Memory: 787260696 Bytes (1073741824)
2026-02-24 00:42:11,568 [INFO] UtilMem:75 - End SaveConfig() Used Memory: 811904280 Bytes (1073741824)
2026-02-24 00:42:21,943 [INFO] UtilMem:75 - End SaveConfig() Used Memory: 910470424 Bytes (1073741824)
2026-02-24 00:42:22,197 [INFO] BlockDiagram:2775 - set Specific Code input for plugin: NVIC
2026-02-24 00:42:22,197 [INFO] BlockDiagram:2775 - set Specific Code input for plugin: DMA
2026-02-24 00:42:22,197 [INFO] BlockDiagram:2775 - set Specific Code input for plugin: TIM1_8F1
2026-02-24 00:42:22,197 [INFO] BlockDiagram:2775 - set Specific Code input for plugin: TIM1_8F1
2026-02-24 00:42:22,197 [INFO] BlockDiagram:2775 - set Specific Code input for plugin: SYS
2026-02-24 00:42:22,197 [INFO] BlockDiagram:2775 - set Specific Code input for plugin: GPIO
2026-02-24 00:42:22,197 [INFO] BlockDiagram:2775 - set Specific Code input for plugin: ADC
2026-02-24 00:42:22,197 [INFO] BlockDiagram:2775 - set Specific Code input for plugin: CAN
2026-02-24 00:42:22,197 [INFO] BlockDiagram:2775 - set Specific Code input for plugin: RCC
2026-02-24 00:42:22,199 [INFO] CodeGenerator:892 - code generatio: config db path: C:\ST\STM32CubeIDE_1.19.0\STM32CubeIDE\plugins\com.st.stm32cube.common.mx_6.15.0.202507011659\\db\
2026-02-24 00:42:22,206 [INFO] Argument:325 - Argument : hdmavalue: null
2026-02-24 00:42:22,206 [INFO] Argument:327 - 	 sub Args: 
2026-02-24 00:42:22,206 [INFO] Argument:325 - Argument : Instancevalue: DMA1_Channel1
2026-02-24 00:42:22,206 [INFO] Argument:335 - Argument : Instancevalue: DMA1_Channel1
2026-02-24 00:42:22,206 [INFO] Argument:325 - Argument : Initvalue: null
2026-02-24 00:42:22,207 [INFO] Argument:327 - 	 sub Args: 
2026-02-24 00:42:22,207 [INFO] Argument:325 - Argument : Directionvalue: DMA_PERIPH_TO_MEMORY
2026-02-24 00:42:22,207 [INFO] Argument:335 - Argument : Directionvalue: DMA_PERIPH_TO_MEMORY
2026-02-24 00:42:22,207 [INFO] Argument:325 - Argument : PeriphIncvalue: DMA_PINC_DISABLE
2026-02-24 00:42:22,207 [INFO] Argument:335 - Argument : PeriphIncvalue: DMA_PINC_DISABLE
2026-02-24 00:42:22,207 [INFO] Argument:325 - Argument : MemIncvalue: DMA_MINC_ENABLE
2026-02-24 00:42:22,207 [INFO] Argument:335 - Argument : MemIncvalue: DMA_MINC_ENABLE
2026-02-24 00:42:22,207 [INFO] Argument:325 - Argument : PeriphDataAlignmentvalue: DMA_PDATAALIGN_HALFWORD
2026-02-24 00:42:22,207 [INFO] Argument:335 - Argument : PeriphDataAlignmentvalue: DMA_PDATAALIGN_HALFWORD
2026-02-24 00:42:22,207 [INFO] Argument:325 - Argument : MemDataAlignmentvalue: DMA_MDATAALIGN_HALFWORD
2026-02-24 00:42:22,207 [INFO] Argument:335 - Argument : MemDataAlignmentvalue: DMA_MDATAALIGN_HALFWORD
2026-02-24 00:42:22,207 [INFO] Argument:325 - Argument : Modevalue: DMA_CIRCULAR
2026-02-24 00:42:22,207 [INFO] Argument:335 - Argument : Modevalue: DMA_CIRCULAR
2026-02-24 00:42:22,207 [INFO] Argument:325 - Argument : Priorityvalue: DMA_PRIORITY_LOW
2026-02-24 00:42:22,207 [INFO] Argument:335 - Argument : Priorityvalue: DMA_PRIORITY_LOW
2026-02-24 00:42:22,209 [INFO] Argument:325 - Argument : Lockvalue: null
2026-02-24 00:42:22,209 [INFO] Argument:335 - Argument : Lockvalue: null
2026-02-24 00:42:22,209 [INFO] Argument:325 - Argument : Statevalue: null
2026-02-24 00:42:22,209 [INFO] Argument:335 - Argument : Statevalue: null
2026-02-24 00:42:22,209 [INFO] Argument:325 - Argument : Parentvalue: null
2026-02-24 00:42:22,209 [INFO] Argument:335 - Argument : Parentvalue: null
2026-02-24 00:42:22,209 [INFO] Argument:325 - Argument : XferCpltCallbackvalue: null
2026-02-24 00:42:22,209 [INFO] Argument:335 - Argument : XferCpltCallbackvalue: null
2026-02-24 00:42:22,209 [INFO] Argument:325 - Argument : XferHalfCpltCallbackvalue: null
2026-02-24 00:42:22,209 [INFO] Argument:335 - Argument : XferHalfCpltCallbackvalue: null
2026-02-24 00:42:22,209 [INFO] Argument:325 - Argument : XferErrorCallbackvalue: null
2026-02-24 00:42:22,209 [INFO] Argument:335 - Argument : XferErrorCallbackvalue: null
2026-02-24 00:42:22,209 [INFO] Argument:325 - Argument : ErrorCodevalue: null
2026-02-24 00:42:22,209 [INFO] Argument:335 - Argument : ErrorCodevalue: null
2026-02-24 00:42:22,352 [INFO] CodeEngine:265 - oldGeneratedFile, C:\SOLARCAR_LV\GitHub\OvidiuMPPT\MPPT_SIM\MXTmpFiles\license.tmp_save
2026-02-24 00:42:22,518 [INFO] CodeEngine:289 - Generated code: C:\SOLARCAR_LV\GitHub\OvidiuMPPT\MPPT_SIM\MXTmpFiles\license.tmp
2026-02-24 00:42:22,575 [INFO] CodeEngine:265 - oldGeneratedFile, C:\SOLARCAR_LV\GitHub\OvidiuMPPT\MPPT_SIM\MXTmpFiles\gpio.tmp_save
2026-02-24 00:42:22,717 [INFO] CodeEngine:289 - Generated code: C:\SOLARCAR_LV\GitHub\OvidiuMPPT\MPPT_SIM\MXTmpFiles\gpio.tmp
2026-02-24 00:42:22,929 [INFO] CodeEngine:265 - oldGeneratedFile, C:\SOLARCAR_LV\GitHub\OvidiuMPPT\MPPT_SIM\MXTmpFiles\dma.tmp_save
2026-02-24 00:42:23,061 [INFO] CodeEngine:289 - Generated code: C:\SOLARCAR_LV\GitHub\OvidiuMPPT\MPPT_SIM\MXTmpFiles\dma.tmp
2026-02-24 00:42:23,080 [INFO] CodeEngine:265 - oldGeneratedFile, C:\SOLARCAR_LV\GitHub\OvidiuMPPT\MPPT_SIM\MXTmpFiles\dma_GV.tmp_save
2026-02-24 00:42:23,161 [INFO] CodeEngine:289 - Generated code: C:\SOLARCAR_LV\GitHub\OvidiuMPPT\MPPT_SIM\MXTmpFiles\dma_GV.tmp
2026-02-24 00:42:23,179 [INFO] CodeEngine:265 - oldGeneratedFile, C:\SOLARCAR_LV\GitHub\OvidiuMPPT\MPPT_SIM\Core\Src\stm32f1xx_it.c_save
2026-02-24 00:42:23,462 [INFO] CodeEngine:289 - Generated code: C:\SOLARCAR_LV\GitHub\OvidiuMPPT\MPPT_SIM\Core\Src\stm32f1xx_it.c
2026-02-24 00:42:23,481 [INFO] CodeEngine:265 - oldGeneratedFile, C:\SOLARCAR_LV\GitHub\OvidiuMPPT\MPPT_SIM\Core\Inc\stm32f1xx_it.h_save
2026-02-24 00:42:23,592 [INFO] CodeEngine:289 - Generated code: C:\SOLARCAR_LV\GitHub\OvidiuMPPT\MPPT_SIM\Core\Inc\stm32f1xx_it.h
2026-02-24 00:42:23,618 [INFO] CodeEngine:265 - oldGeneratedFile, C:\SOLARCAR_LV\GitHub\OvidiuMPPT\MPPT_SIM\Core\Src\stm32f1xx_hal_msp.c_save
2026-02-24 00:42:23,849 [INFO] CodeEngine:289 - Generated code: C:\SOLARCAR_LV\GitHub\OvidiuMPPT\MPPT_SIM\Core\Src\stm32f1xx_hal_msp.c
2026-02-24 00:42:23,867 [INFO] CodeEngine:265 - oldGeneratedFile, C:\SOLARCAR_LV\GitHub\OvidiuMPPT\MPPT_SIM\MXTmpFiles\system.tmp_save
2026-02-24 00:42:23,963 [INFO] CodeEngine:289 - Generated code: C:\SOLARCAR_LV\GitHub\OvidiuMPPT\MPPT_SIM\MXTmpFiles\system.tmp
2026-02-24 00:42:23,988 [INFO] CodeEngine:321 - oldGeneratedFile, C:\SOLARCAR_LV\GitHub\OvidiuMPPT\MPPT_SIM\Core\Inc\stm32f1xx_hal_conf.h_save
2026-02-24 00:42:24,144 [INFO] CodeEngine:345 - Generated code: C:\SOLARCAR_LV\GitHub\OvidiuMPPT\MPPT_SIM\Core\Inc\stm32f1xx_hal_conf.h
2026-02-24 00:42:24,193 [WARN] IPConfigManager:3811 - IP not found : TIM
2026-02-24 00:42:24,194 [WARN] CodeGenerator:4259 - IP not found : null
2026-02-24 00:42:24,206 [INFO] CodeEngine:265 - oldGeneratedFile, C:\SOLARCAR_LV\GitHub\OvidiuMPPT\MPPT_SIM\Core\Inc\main.h_save
2026-02-24 00:42:24,399 [INFO] CodeEngine:289 - Generated code: C:\SOLARCAR_LV\GitHub\OvidiuMPPT\MPPT_SIM\Core\Inc\main.h
2026-02-24 00:42:24,415 [INFO] CodeEngine:265 - oldGeneratedFile, C:\SOLARCAR_LV\GitHub\OvidiuMPPT\MPPT_SIM\Core\Src\main.c_save
2026-02-24 00:42:24,568 [INFO] CodeEngine:289 - Generated code: C:\SOLARCAR_LV\GitHub\OvidiuMPPT\MPPT_SIM\Core\Src\main.c
2026-02-24 00:42:24,988 [INFO] ProjectBuilder:3606 - Time for Copy HAL[1] : 180mS.
2026-02-24 00:42:24,991 [INFO] ProjectBuilder:5216 - Project Generator version: 4.7.0-B52
2026-02-24 00:42:25,086 [INFO] ConfigFileManager:1595 - The Die is : DIE410
2026-02-24 00:42:26,296 [INFO] ProjectBuilder:5496 - Time for Generating toolchain IDE Files: 1305mS.
2026-02-24 00:42:26,297 [INFO] ProjectBuilder:3463 - Time for Copy CMSIS : 1mS.
2026-02-24 00:42:26,303 [INFO] ProjectBuilder:3463 - Time for Copy CMSIS : 0mS.
2026-02-24 00:45:32,140 [INFO] UtilMem:75 - End SaveConfig() Used Memory: 974179896 Bytes (1073741824)
2026-02-24 00:45:34,037 [INFO] UtilMem:75 - End SaveConfig() Used Memory: 993580600 Bytes (1073741824)
2026-02-24 00:45:35,778 [INFO] UtilMem:75 - End SaveConfig() Used Memory: 733344656 Bytes (1073741824)
2026-02-24 00:45:36,016 [INFO] BlockDiagram:2775 - set Specific Code input for plugin: NVIC
2026-02-24 00:45:36,016 [INFO] BlockDiagram:2775 - set Specific Code input for plugin: DMA
2026-02-24 00:45:36,016 [INFO] BlockDiagram:2775 - set Specific Code input for plugin: TIM1_8F1
2026-02-24 00:45:36,016 [INFO] BlockDiagram:2775 - set Specific Code input for plugin: TIM1_8F1
2026-02-24 00:45:36,016 [INFO] BlockDiagram:2775 - set Specific Code input for plugin: SYS
2026-02-24 00:45:36,017 [INFO] BlockDiagram:2775 - set Specific Code input for plugin: GPIO
2026-02-24 00:45:36,017 [INFO] BlockDiagram:2775 - set Specific Code input for plugin: ADC
2026-02-24 00:45:36,017 [INFO] BlockDiagram:2775 - set Specific Code input for plugin: CAN
2026-02-24 00:45:36,017 [INFO] BlockDiagram:2775 - set Specific Code input for plugin: RCC
2026-02-24 00:45:36,018 [INFO] CodeGenerator:892 - code generatio: config db path: C:\ST\STM32CubeIDE_1.19.0\STM32CubeIDE\plugins\com.st.stm32cube.common.mx_6.15.0.202507011659\\db\
2026-02-24 00:45:36,024 [INFO] Argument:325 - Argument : hdmavalue: null
2026-02-24 00:45:36,024 [INFO] Argument:327 - 	 sub Args: 
2026-02-24 00:45:36,024 [INFO] Argument:325 - Argument : Instancevalue: DMA1_Channel1
2026-02-24 00:45:36,024 [INFO] Argument:335 - Argument : Instancevalue: DMA1_Channel1
2026-02-24 00:45:36,024 [INFO] Argument:325 - Argument : Initvalue: null
2026-02-24 00:45:36,024 [INFO] Argument:327 - 	 sub Args: 
2026-02-24 00:45:36,024 [INFO] Argument:325 - Argument : Directionvalue: DMA_PERIPH_TO_MEMORY
2026-02-24 00:45:36,024 [INFO] Argument:335 - Argument : Directionvalue: DMA_PERIPH_TO_MEMORY
2026-02-24 00:45:36,024 [INFO] Argument:325 - Argument : PeriphIncvalue: DMA_PINC_DISABLE
2026-02-24 00:45:36,024 [INFO] Argument:335 - Argument : PeriphIncvalue: DMA_PINC_DISABLE
2026-02-24 00:45:36,024 [INFO] Argument:325 - Argument : MemIncvalue: DMA_MINC_ENABLE
2026-02-24 00:45:36,025 [INFO] Argument:335 - Argument : MemIncvalue: DMA_MINC_ENABLE
2026-02-24 00:45:36,025 [INFO] Argument:325 - Argument : PeriphDataAlignmentvalue: DMA_PDATAALIGN_HALFWORD
2026-02-24 00:45:36,025 [INFO] Argument:335 - Argument : PeriphDataAlignmentvalue: DMA_PDATAALIGN_HALFWORD
2026-02-24 00:45:36,025 [INFO] Argument:325 - Argument : MemDataAlignmentvalue: DMA_MDATAALIGN_HALFWORD
2026-02-24 00:45:36,025 [INFO] Argument:335 - Argument : MemDataAlignmentvalue: DMA_MDATAALIGN_HALFWORD
2026-02-24 00:45:36,025 [INFO] Argument:325 - Argument : Modevalue: DMA_CIRCULAR
2026-02-24 00:45:36,025 [INFO] Argument:335 - Argument : Modevalue: DMA_CIRCULAR
2026-02-24 00:45:36,025 [INFO] Argument:325 - Argument : Priorityvalue: DMA_PRIORITY_LOW
2026-02-24 00:45:36,025 [INFO] Argument:335 - Argument : Priorityvalue: DMA_PRIORITY_LOW
2026-02-24 00:45:36,025 [INFO] Argument:325 - Argument : Lockvalue: null
2026-02-24 00:45:36,025 [INFO] Argument:335 - Argument : Lockvalue: null
2026-02-24 00:45:36,025 [INFO] Argument:325 - Argument : Statevalue: null
2026-02-24 00:45:36,025 [INFO] Argument:335 - Argument : Statevalue: null
2026-02-24 00:45:36,025 [INFO] Argument:325 - Argument : Parentvalue: null
2026-02-24 00:45:36,025 [INFO] Argument:335 - Argument : Parentvalue: null
2026-02-24 00:45:36,025 [INFO] Argument:325 - Argument : XferCpltCallbackvalue: null
2026-02-24 00:45:36,025 [INFO] Argument:335 - Argument : XferCpltCallbackvalue: null
2026-02-24 00:45:36,025 [INFO] Argument:325 - Argument : XferHalfCpltCallbackvalue: null
2026-02-24 00:45:36,025 [INFO] Argument:335 - Argument : XferHalfCpltCallbackvalue: null
2026-02-24 00:45:36,025 [INFO] Argument:325 - Argument : XferErrorCallbackvalue: null
2026-02-24 00:45:36,025 [INFO] Argument:335 - Argument : XferErrorCallbackvalue: null
2026-02-24 00:45:36,025 [INFO] Argument:325 - Argument : ErrorCodevalue: null
2026-02-24 00:45:36,026 [INFO] Argument:335 - Argument : ErrorCodevalue: null
2026-02-24 00:45:36,136 [INFO] CodeEngine:265 - oldGeneratedFile, C:\SOLARCAR_LV\GitHub\OvidiuMPPT\MPPT_SIM\MXTmpFiles\license.tmp_save
2026-02-24 00:45:36,250 [INFO] CodeEngine:289 - Generated code: C:\SOLARCAR_LV\GitHub\OvidiuMPPT\MPPT_SIM\MXTmpFiles\license.tmp
2026-02-24 00:45:36,273 [INFO] CodeEngine:265 - oldGeneratedFile, C:\SOLARCAR_LV\GitHub\OvidiuMPPT\MPPT_SIM\MXTmpFiles\gpio.tmp_save
2026-02-24 00:45:36,414 [INFO] CodeEngine:289 - Generated code: C:\SOLARCAR_LV\GitHub\OvidiuMPPT\MPPT_SIM\MXTmpFiles\gpio.tmp
2026-02-24 00:45:36,593 [INFO] CodeEngine:265 - oldGeneratedFile, C:\SOLARCAR_LV\GitHub\OvidiuMPPT\MPPT_SIM\MXTmpFiles\dma.tmp_save
2026-02-24 00:45:36,740 [INFO] CodeEngine:289 - Generated code: C:\SOLARCAR_LV\GitHub\OvidiuMPPT\MPPT_SIM\MXTmpFiles\dma.tmp
2026-02-24 00:45:36,747 [INFO] CodeEngine:265 - oldGeneratedFile, C:\SOLARCAR_LV\GitHub\OvidiuMPPT\MPPT_SIM\MXTmpFiles\dma_GV.tmp_save
2026-02-24 00:45:36,807 [INFO] CodeEngine:289 - Generated code: C:\SOLARCAR_LV\GitHub\OvidiuMPPT\MPPT_SIM\MXTmpFiles\dma_GV.tmp
2026-02-24 00:45:36,823 [INFO] CodeEngine:265 - oldGeneratedFile, C:\SOLARCAR_LV\GitHub\OvidiuMPPT\MPPT_SIM\Core\Src\stm32f1xx_it.c_save
2026-02-24 00:45:36,955 [INFO] CodeEngine:289 - Generated code: C:\SOLARCAR_LV\GitHub\OvidiuMPPT\MPPT_SIM\Core\Src\stm32f1xx_it.c
2026-02-24 00:45:36,963 [INFO] CodeEngine:265 - oldGeneratedFile, C:\SOLARCAR_LV\GitHub\OvidiuMPPT\MPPT_SIM\Core\Inc\stm32f1xx_it.h_save
2026-02-24 00:45:37,027 [INFO] CodeEngine:289 - Generated code: C:\SOLARCAR_LV\GitHub\OvidiuMPPT\MPPT_SIM\Core\Inc\stm32f1xx_it.h
2026-02-24 00:45:37,044 [INFO] CodeEngine:265 - oldGeneratedFile, C:\SOLARCAR_LV\GitHub\OvidiuMPPT\MPPT_SIM\Core\Src\stm32f1xx_hal_msp.c_save
2026-02-24 00:45:37,263 [INFO] CodeEngine:289 - Generated code: C:\SOLARCAR_LV\GitHub\OvidiuMPPT\MPPT_SIM\Core\Src\stm32f1xx_hal_msp.c
2026-02-24 00:45:37,279 [INFO] CodeEngine:265 - oldGeneratedFile, C:\SOLARCAR_LV\GitHub\OvidiuMPPT\MPPT_SIM\MXTmpFiles\system.tmp_save
2026-02-24 00:45:37,331 [INFO] CodeEngine:289 - Generated code: C:\SOLARCAR_LV\GitHub\OvidiuMPPT\MPPT_SIM\MXTmpFiles\system.tmp
2026-02-24 00:45:37,347 [INFO] CodeEngine:321 - oldGeneratedFile, C:\SOLARCAR_LV\GitHub\OvidiuMPPT\MPPT_SIM\Core\Inc\stm32f1xx_hal_conf.h_save
2026-02-24 00:45:37,488 [INFO] CodeEngine:345 - Generated code: C:\SOLARCAR_LV\GitHub\OvidiuMPPT\MPPT_SIM\Core\Inc\stm32f1xx_hal_conf.h
2026-02-24 00:45:37,525 [WARN] IPConfigManager:3811 - IP not found : TIM
2026-02-24 00:45:37,526 [WARN] CodeGenerator:4259 - IP not found : null
2026-02-24 00:45:37,539 [INFO] CodeEngine:265 - oldGeneratedFile, C:\SOLARCAR_LV\GitHub\OvidiuMPPT\MPPT_SIM\Core\Inc\main.h_save
2026-02-24 00:45:37,741 [INFO] CodeEngine:289 - Generated code: C:\SOLARCAR_LV\GitHub\OvidiuMPPT\MPPT_SIM\Core\Inc\main.h
2026-02-24 00:45:37,751 [INFO] CodeEngine:265 - oldGeneratedFile, C:\SOLARCAR_LV\GitHub\OvidiuMPPT\MPPT_SIM\Core\Src\main.c_save
2026-02-24 00:45:37,913 [INFO] CodeEngine:289 - Generated code: C:\SOLARCAR_LV\GitHub\OvidiuMPPT\MPPT_SIM\Core\Src\main.c
2026-02-24 00:45:38,262 [INFO] ProjectBuilder:3606 - Time for Copy HAL[1] : 177mS.
2026-02-24 00:45:38,265 [INFO] ProjectBuilder:5216 - Project Generator version: 4.7.0-B52
2026-02-24 00:45:38,357 [INFO] ConfigFileManager:1595 - The Die is : DIE410
2026-02-24 00:45:39,171 [INFO] ProjectBuilder:5496 - Time for Generating toolchain IDE Files: 906mS.
2026-02-24 00:45:39,172 [INFO] ProjectBuilder:3463 - Time for Copy CMSIS : 0mS.
2026-02-24 00:45:39,179 [INFO] ProjectBuilder:3463 - Time for Copy CMSIS : 1mS.
2026-02-24 00:47:41,538 [INFO] ADCParametersView:116 -                Rank 1 : true
2026-02-24 00:47:41,539 [INFO] ADCParametersView:116 -                Rank 2 : true
2026-02-24 00:47:41,543 [INFO] ADCParametersView:116 -                Rank 1 : true
2026-02-24 00:47:41,543 [INFO] ADCParametersView:116 -                Rank 2 : true
2026-02-24 00:47:41,543 [INFO] ADCParametersView:116 -                Rank 1 : true
2026-02-24 00:47:41,543 [INFO] ADCParametersView:116 -                Rank 2 : true
2026-02-24 00:47:41,543 [INFO] ADCParametersView:116 -                Rank 1 : true
2026-02-24 00:47:41,543 [INFO] ADCParametersView:116 -                Rank 2 : true
2026-02-24 00:47:41,543 [INFO] ADCParametersView:116 -                Rank 1 : true
2026-02-24 00:47:41,543 [INFO] ADCParametersView:116 -                Rank 2 : true
2026-02-24 00:47:41,543 [INFO] ADCParametersView:116 -                Rank 1 : true
2026-02-24 00:47:41,543 [INFO] ADCParametersView:116 -                Rank 2 : true
2026-02-24 00:47:41,544 [INFO] ADCParametersView:116 -                Rank 1 : true
2026-02-24 00:47:41,544 [INFO] ADCParametersView:116 -                Rank 2 : true
2026-02-24 00:47:41,544 [INFO] ADCParametersView:116 -                Rank 1 : true
2026-02-24 00:47:41,544 [INFO] ADCParametersView:116 -                Rank 2 : true
2026-02-24 00:47:41,544 [INFO] ADCParametersView:116 -                Rank 1 : true
2026-02-24 00:47:41,544 [INFO] ADCParametersView:116 -                Rank 2 : true
2026-02-24 00:47:41,544 [INFO] ADCParametersView:116 -                Rank 1 : true
2026-02-24 00:47:41,544 [INFO] ADCParametersView:116 -                Rank 2 : true
2026-02-24 00:47:41,544 [INFO] ADCParametersView:116 -                Rank 2 : true
2026-02-24 00:47:41,553 [INFO] ADCParametersView:116 -                Rank 1 : true
2026-02-24 00:47:41,554 [INFO] ADCParametersView:116 -                Rank 1 : true
2026-02-24 00:47:41,554 [INFO] ADCParametersView:116 -                Rank 2 : true
2026-02-24 00:47:41,580 [INFO] ADCParametersView:116 -                Rank 1 : true
2026-02-24 00:47:41,580 [INFO] ADCParametersView:116 -                Rank 2 : true
2026-02-24 00:47:41,583 [INFO] ADCParametersView:116 -                Rank 1 : true
2026-02-24 00:47:41,583 [INFO] ADCParametersView:116 -                Rank 2 : true
2026-02-24 00:47:41,583 [INFO] ADCParametersView:116 -                Rank 1 : true
2026-02-24 00:47:41,584 [INFO] ADCParametersView:116 -                Rank 2 : true
2026-02-24 00:47:41,584 [INFO] ADCParametersView:116 -                Rank 1 : true
2026-02-24 00:47:41,584 [INFO] ADCParametersView:116 -                Rank 2 : true
2026-02-24 00:47:41,584 [INFO] ADCParametersView:116 -                Rank 1 : true
2026-02-24 00:47:41,584 [INFO] ADCParametersView:116 -                Rank 2 : true
2026-02-24 00:47:41,584 [INFO] ADCParametersView:116 -                Rank 1 : true
2026-02-24 00:47:41,584 [INFO] ADCParametersView:116 -                Rank 2 : true
2026-02-24 00:47:41,584 [INFO] ADCParametersView:116 -                Rank 1 : true
2026-02-24 00:47:41,584 [INFO] ADCParametersView:116 -                Rank 2 : true
2026-02-24 00:47:41,584 [INFO] ADCParametersView:116 -                Rank 1 : true
2026-02-24 00:47:41,584 [INFO] ADCParametersView:116 -                Rank 2 : true
2026-02-24 00:47:41,585 [INFO] ADCParametersView:116 -                Rank 1 : true
2026-02-24 00:47:41,585 [INFO] ADCParametersView:116 -                Rank 2 : true
2026-02-24 00:47:41,585 [INFO] ADCParametersView:116 -                Rank 1 : true
2026-02-24 00:47:41,585 [INFO] ADCParametersView:116 -                Rank 2 : true
2026-02-24 00:47:41,585 [INFO] ADCParametersView:116 -                Rank 2 : true
2026-02-24 00:47:41,592 [INFO] ADCParametersView:116 -                Rank 1 : true
2026-02-24 00:47:41,592 [INFO] ADCParametersView:116 -                Rank 1 : true
2026-02-24 00:47:41,592 [INFO] ADCParametersView:116 -                Rank 2 : true
2026-02-24 00:49:12,508 [INFO] NvicIntPanel:101 - NVIC parent = com.st.microxplorer.plugins.ip.nvic.MultiNvicIntPanel[,0,0,0x0,invalid,layout=javax.swing.BoxLayout,alignmentX=0.0,alignmentY=0.0,border=,flags=9,maximumSize=,minimumSize=,preferredSize=]
2026-02-24 00:49:14,820 [INFO] NvicIntPanel:101 - NVIC parent = com.st.microxplorer.plugins.ip.nvic.MultiNvicIntPanel[,0,0,0x0,invalid,layout=javax.swing.BoxLayout,alignmentX=0.0,alignmentY=0.0,border=,flags=9,maximumSize=,minimumSize=,preferredSize=]
2026-02-24 00:49:44,396 [INFO] UtilMem:75 - End SaveConfig() Used Memory: 725008560 Bytes (1073741824)
2026-02-24 00:49:45,534 [INFO] UtilMem:75 - End SaveConfig() Used Memory: 744394560 Bytes (1073741824)
2026-02-24 00:49:46,946 [INFO] UtilMem:75 - End SaveConfig() Used Memory: 782669632 Bytes (1073741824)
2026-02-24 00:49:47,273 [INFO] BlockDiagram:2775 - set Specific Code input for plugin: NVIC
2026-02-24 00:49:47,274 [INFO] BlockDiagram:2775 - set Specific Code input for plugin: DMA
2026-02-24 00:49:47,274 [INFO] BlockDiagram:2775 - set Specific Code input for plugin: TIM1_8F1
2026-02-24 00:49:47,274 [INFO] BlockDiagram:2775 - set Specific Code input for plugin: TIM1_8F1
2026-02-24 00:49:47,274 [INFO] BlockDiagram:2775 - set Specific Code input for plugin: SYS
2026-02-24 00:49:47,274 [INFO] BlockDiagram:2775 - set Specific Code input for plugin: GPIO
2026-02-24 00:49:47,274 [INFO] BlockDiagram:2775 - set Specific Code input for plugin: ADC
2026-02-24 00:49:47,274 [INFO] BlockDiagram:2775 - set Specific Code input for plugin: CAN
2026-02-24 00:49:47,274 [INFO] BlockDiagram:2775 - set Specific Code input for plugin: RCC
2026-02-24 00:49:47,275 [INFO] CodeGenerator:892 - code generatio: config db path: C:\ST\STM32CubeIDE_1.19.0\STM32CubeIDE\plugins\com.st.stm32cube.common.mx_6.15.0.202507011659\\db\
2026-02-24 00:49:47,279 [INFO] Argument:325 - Argument : hdmavalue: null
2026-02-24 00:49:47,279 [INFO] Argument:327 - 	 sub Args: 
2026-02-24 00:49:47,279 [INFO] Argument:325 - Argument : Instancevalue: DMA1_Channel1
2026-02-24 00:49:47,280 [INFO] Argument:335 - Argument : Instancevalue: DMA1_Channel1
2026-02-24 00:49:47,280 [INFO] Argument:325 - Argument : Initvalue: null
2026-02-24 00:49:47,280 [INFO] Argument:327 - 	 sub Args: 
2026-02-24 00:49:47,280 [INFO] Argument:325 - Argument : Directionvalue: DMA_PERIPH_TO_MEMORY
2026-02-24 00:49:47,280 [INFO] Argument:335 - Argument : Directionvalue: DMA_PERIPH_TO_MEMORY
2026-02-24 00:49:47,280 [INFO] Argument:325 - Argument : PeriphIncvalue: DMA_PINC_DISABLE
2026-02-24 00:49:47,280 [INFO] Argument:335 - Argument : PeriphIncvalue: DMA_PINC_DISABLE
2026-02-24 00:49:47,280 [INFO] Argument:325 - Argument : MemIncvalue: DMA_MINC_ENABLE
2026-02-24 00:49:47,280 [INFO] Argument:335 - Argument : MemIncvalue: DMA_MINC_ENABLE
2026-02-24 00:49:47,280 [INFO] Argument:325 - Argument : PeriphDataAlignmentvalue: DMA_PDATAALIGN_HALFWORD
2026-02-24 00:49:47,280 [INFO] Argument:335 - Argument : PeriphDataAlignmentvalue: DMA_PDATAALIGN_HALFWORD
2026-02-24 00:49:47,280 [INFO] Argument:325 - Argument : MemDataAlignmentvalue: DMA_MDATAALIGN_HALFWORD
2026-02-24 00:49:47,280 [INFO] Argument:335 - Argument : MemDataAlignmentvalue: DMA_MDATAALIGN_HALFWORD
2026-02-24 00:49:47,280 [INFO] Argument:325 - Argument : Modevalue: DMA_CIRCULAR
2026-02-24 00:49:47,280 [INFO] Argument:335 - Argument : Modevalue: DMA_CIRCULAR
2026-02-24 00:49:47,280 [INFO] Argument:325 - Argument : Priorityvalue: DMA_PRIORITY_LOW
2026-02-24 00:49:47,280 [INFO] Argument:335 - Argument : Priorityvalue: DMA_PRIORITY_LOW
2026-02-24 00:49:47,280 [INFO] Argument:325 - Argument : Lockvalue: null
2026-02-24 00:49:47,280 [INFO] Argument:335 - Argument : Lockvalue: null
2026-02-24 00:49:47,280 [INFO] Argument:325 - Argument : Statevalue: null
2026-02-24 00:49:47,280 [INFO] Argument:335 - Argument : Statevalue: null
2026-02-24 00:49:47,280 [INFO] Argument:325 - Argument : Parentvalue: null
2026-02-24 00:49:47,280 [INFO] Argument:335 - Argument : Parentvalue: null
2026-02-24 00:49:47,280 [INFO] Argument:325 - Argument : XferCpltCallbackvalue: null
2026-02-24 00:49:47,280 [INFO] Argument:335 - Argument : XferCpltCallbackvalue: null
2026-02-24 00:49:47,280 [INFO] Argument:325 - Argument : XferHalfCpltCallbackvalue: null
2026-02-24 00:49:47,280 [INFO] Argument:335 - Argument : XferHalfCpltCallbackvalue: null
2026-02-24 00:49:47,280 [INFO] Argument:325 - Argument : XferErrorCallbackvalue: null
2026-02-24 00:49:47,281 [INFO] Argument:335 - Argument : XferErrorCallbackvalue: null
2026-02-24 00:49:47,281 [INFO] Argument:325 - Argument : ErrorCodevalue: null
2026-02-24 00:49:47,281 [INFO] Argument:335 - Argument : ErrorCodevalue: null
2026-02-24 00:49:47,392 [INFO] CodeEngine:265 - oldGeneratedFile, C:\SOLARCAR_LV\GitHub\OvidiuMPPT\MPPT_SIM\MXTmpFiles\license.tmp_save
2026-02-24 00:49:47,509 [INFO] CodeEngine:289 - Generated code: C:\SOLARCAR_LV\GitHub\OvidiuMPPT\MPPT_SIM\MXTmpFiles\license.tmp
2026-02-24 00:49:47,531 [INFO] CodeEngine:265 - oldGeneratedFile, C:\SOLARCAR_LV\GitHub\OvidiuMPPT\MPPT_SIM\MXTmpFiles\gpio.tmp_save
2026-02-24 00:49:47,695 [INFO] CodeEngine:289 - Generated code: C:\SOLARCAR_LV\GitHub\OvidiuMPPT\MPPT_SIM\MXTmpFiles\gpio.tmp
2026-02-24 00:49:47,781 [INFO] CodeEngine:265 - oldGeneratedFile, C:\SOLARCAR_LV\GitHub\OvidiuMPPT\MPPT_SIM\MXTmpFiles\dma.tmp_save
2026-02-24 00:49:47,908 [INFO] CodeEngine:289 - Generated code: C:\SOLARCAR_LV\GitHub\OvidiuMPPT\MPPT_SIM\MXTmpFiles\dma.tmp
2026-02-24 00:49:47,915 [INFO] CodeEngine:265 - oldGeneratedFile, C:\SOLARCAR_LV\GitHub\OvidiuMPPT\MPPT_SIM\MXTmpFiles\dma_GV.tmp_save
2026-02-24 00:49:47,986 [INFO] CodeEngine:289 - Generated code: C:\SOLARCAR_LV\GitHub\OvidiuMPPT\MPPT_SIM\MXTmpFiles\dma_GV.tmp
2026-02-24 00:49:48,002 [INFO] CodeEngine:265 - oldGeneratedFile, C:\SOLARCAR_LV\GitHub\OvidiuMPPT\MPPT_SIM\Core\Src\stm32f1xx_it.c_save
2026-02-24 00:49:48,137 [INFO] CodeEngine:289 - Generated code: C:\SOLARCAR_LV\GitHub\OvidiuMPPT\MPPT_SIM\Core\Src\stm32f1xx_it.c
2026-02-24 00:49:48,145 [INFO] CodeEngine:265 - oldGeneratedFile, C:\SOLARCAR_LV\GitHub\OvidiuMPPT\MPPT_SIM\Core\Inc\stm32f1xx_it.h_save
2026-02-24 00:49:48,211 [INFO] CodeEngine:289 - Generated code: C:\SOLARCAR_LV\GitHub\OvidiuMPPT\MPPT_SIM\Core\Inc\stm32f1xx_it.h
2026-02-24 00:49:48,227 [INFO] CodeEngine:265 - oldGeneratedFile, C:\SOLARCAR_LV\GitHub\OvidiuMPPT\MPPT_SIM\Core\Src\stm32f1xx_hal_msp.c_save
2026-02-24 00:49:48,411 [INFO] CodeEngine:289 - Generated code: C:\SOLARCAR_LV\GitHub\OvidiuMPPT\MPPT_SIM\Core\Src\stm32f1xx_hal_msp.c
2026-02-24 00:49:48,426 [INFO] CodeEngine:265 - oldGeneratedFile, C:\SOLARCAR_LV\GitHub\OvidiuMPPT\MPPT_SIM\MXTmpFiles\system.tmp_save
2026-02-24 00:49:48,480 [INFO] CodeEngine:289 - Generated code: C:\SOLARCAR_LV\GitHub\OvidiuMPPT\MPPT_SIM\MXTmpFiles\system.tmp
2026-02-24 00:49:48,496 [INFO] CodeEngine:321 - oldGeneratedFile, C:\SOLARCAR_LV\GitHub\OvidiuMPPT\MPPT_SIM\Core\Inc\stm32f1xx_hal_conf.h_save
2026-02-24 00:49:48,644 [INFO] CodeEngine:345 - Generated code: C:\SOLARCAR_LV\GitHub\OvidiuMPPT\MPPT_SIM\Core\Inc\stm32f1xx_hal_conf.h
2026-02-24 00:49:48,666 [WARN] IPConfigManager:3811 - IP not found : TIM
2026-02-24 00:49:48,667 [WARN] CodeGenerator:4259 - IP not found : null
2026-02-24 00:49:48,676 [INFO] CodeEngine:265 - oldGeneratedFile, C:\SOLARCAR_LV\GitHub\OvidiuMPPT\MPPT_SIM\Core\Inc\main.h_save
2026-02-24 00:49:48,802 [INFO] CodeEngine:289 - Generated code: C:\SOLARCAR_LV\GitHub\OvidiuMPPT\MPPT_SIM\Core\Inc\main.h
2026-02-24 00:49:48,810 [INFO] CodeEngine:265 - oldGeneratedFile, C:\SOLARCAR_LV\GitHub\OvidiuMPPT\MPPT_SIM\Core\Src\main.c_save
2026-02-24 00:49:48,968 [INFO] CodeEngine:289 - Generated code: C:\SOLARCAR_LV\GitHub\OvidiuMPPT\MPPT_SIM\Core\Src\main.c
2026-02-24 00:49:49,345 [INFO] ProjectBuilder:3606 - Time for Copy HAL[1] : 183mS.
2026-02-24 00:49:49,348 [INFO] ProjectBuilder:5216 - Project Generator version: 4.7.0-B52
2026-02-24 00:49:49,421 [INFO] ConfigFileManager:1595 - The Die is : DIE410
2026-02-24 00:49:50,221 [INFO] ProjectBuilder:5496 - Time for Generating toolchain IDE Files: 873mS.
2026-02-24 00:49:50,222 [INFO] ProjectBuilder:3463 - Time for Copy CMSIS : 0mS.
2026-02-24 00:49:50,228 [INFO] ProjectBuilder:3463 - Time for Copy CMSIS : 1mS.
2026-02-24 00:51:01,090 [INFO] ADCParametersView:116 -                Rank 1 : true
2026-02-24 00:51:01,090 [INFO] ADCParametersView:116 -                Rank 2 : true
2026-02-24 00:51:01,092 [INFO] ADCParametersView:116 -                Rank 1 : true
2026-02-24 00:51:01,092 [INFO] ADCParametersView:116 -                Rank 2 : true
2026-02-24 00:51:01,092 [INFO] ADCParametersView:116 -                Rank 1 : true
2026-02-24 00:51:01,092 [INFO] ADCParametersView:116 -                Rank 2 : true
2026-02-24 00:51:01,092 [INFO] ADCParametersView:116 -                Rank 1 : true
2026-02-24 00:51:01,092 [INFO] ADCParametersView:116 -                Rank 2 : true
2026-02-24 00:51:01,093 [INFO] ADCParametersView:116 -                Rank 1 : true
2026-02-24 00:51:01,093 [INFO] ADCParametersView:116 -                Rank 2 : true
2026-02-24 00:51:01,093 [INFO] ADCParametersView:116 -                Rank 1 : true
2026-02-24 00:51:01,093 [INFO] ADCParametersView:116 -                Rank 2 : true
2026-02-24 00:51:01,093 [INFO] ADCParametersView:116 -                Rank 1 : true
2026-02-24 00:51:01,093 [INFO] ADCParametersView:116 -                Rank 2 : true
2026-02-24 00:51:01,093 [INFO] ADCParametersView:116 -                Rank 1 : true
2026-02-24 00:51:01,093 [INFO] ADCParametersView:116 -                Rank 2 : true
2026-02-24 00:51:01,093 [INFO] ADCParametersView:116 -                Rank 1 : true
2026-02-24 00:51:01,093 [INFO] ADCParametersView:116 -                Rank 2 : true
2026-02-24 00:51:01,093 [INFO] ADCParametersView:116 -                Rank 1 : true
2026-02-24 00:51:01,093 [INFO] ADCParametersView:116 -                Rank 2 : true
2026-02-24 00:51:01,093 [INFO] ADCParametersView:116 -                Rank 2 : true
2026-02-24 00:51:01,101 [INFO] ADCParametersView:116 -                Rank 1 : true
2026-02-24 00:51:01,101 [INFO] ADCParametersView:116 -                Rank 1 : true
2026-02-24 00:51:01,101 [INFO] ADCParametersView:116 -                Rank 2 : true
2026-02-24 00:51:01,103 [INFO] ADCParametersView:116 -                Rank 1 : true
2026-02-24 00:51:01,103 [INFO] ADCParametersView:116 -                Rank 2 : true
2026-02-24 00:51:01,105 [INFO] ADCParametersView:116 -                Rank 1 : true
2026-02-24 00:51:01,105 [INFO] ADCParametersView:116 -                Rank 2 : true
2026-02-24 00:51:01,105 [INFO] ADCParametersView:116 -                Rank 1 : true
2026-02-24 00:51:01,105 [INFO] ADCParametersView:116 -                Rank 2 : true
2026-02-24 00:51:01,105 [INFO] ADCParametersView:116 -                Rank 1 : true
2026-02-24 00:51:01,105 [INFO] ADCParametersView:116 -                Rank 2 : true
2026-02-24 00:51:01,106 [INFO] ADCParametersView:116 -                Rank 1 : true
2026-02-24 00:51:01,106 [INFO] ADCParametersView:116 -                Rank 2 : true
2026-02-24 00:51:01,106 [INFO] ADCParametersView:116 -                Rank 1 : true
2026-02-24 00:51:01,106 [INFO] ADCParametersView:116 -                Rank 2 : true
2026-02-24 00:51:01,106 [INFO] ADCParametersView:116 -                Rank 1 : true
2026-02-24 00:51:01,106 [INFO] ADCParametersView:116 -                Rank 2 : true
2026-02-24 00:51:01,106 [INFO] ADCParametersView:116 -                Rank 1 : true
2026-02-24 00:51:01,106 [INFO] ADCParametersView:116 -                Rank 2 : true
2026-02-24 00:51:01,106 [INFO] ADCParametersView:116 -                Rank 1 : true
2026-02-24 00:51:01,106 [INFO] ADCParametersView:116 -                Rank 2 : true
2026-02-24 00:51:01,106 [INFO] ADCParametersView:116 -                Rank 1 : true
2026-02-24 00:51:01,106 [INFO] ADCParametersView:116 -                Rank 2 : true
2026-02-24 00:51:01,106 [INFO] ADCParametersView:116 -                Rank 2 : true
2026-02-24 00:51:01,114 [INFO] ADCParametersView:116 -                Rank 1 : true
2026-02-24 00:51:01,115 [INFO] ADCParametersView:116 -                Rank 1 : true
2026-02-24 00:51:01,115 [INFO] ADCParametersView:116 -                Rank 2 : true
2026-02-24 00:51:01,117 [INFO] ADCParametersView:116 -                Rank 1 : true
2026-02-24 00:51:01,117 [INFO] ADCParametersView:116 -                Rank 2 : true
2026-02-24 00:51:01,119 [INFO] ADCParametersView:116 -                Rank 1 : true
2026-02-24 00:51:01,119 [INFO] ADCParametersView:116 -                Rank 2 : true
2026-02-24 00:51:01,119 [INFO] ADCParametersView:116 -                Rank 1 : true
2026-02-24 00:51:01,120 [INFO] ADCParametersView:116 -                Rank 2 : true
2026-02-24 00:51:01,120 [INFO] ADCParametersView:116 -                Rank 1 : true
2026-02-24 00:51:01,120 [INFO] ADCParametersView:116 -                Rank 2 : true
2026-02-24 00:51:01,120 [INFO] ADCParametersView:116 -                Rank 1 : true
2026-02-24 00:51:01,120 [INFO] ADCParametersView:116 -                Rank 2 : true
2026-02-24 00:51:01,120 [INFO] ADCParametersView:116 -                Rank 1 : true
2026-02-24 00:51:01,120 [INFO] ADCParametersView:116 -                Rank 2 : true
2026-02-24 00:51:01,120 [INFO] ADCParametersView:116 -                Rank 1 : true
2026-02-24 00:51:01,120 [INFO] ADCParametersView:116 -                Rank 2 : true
2026-02-24 00:51:01,120 [INFO] ADCParametersView:116 -                Rank 1 : true
2026-02-24 00:51:01,120 [INFO] ADCParametersView:116 -                Rank 2 : true
2026-02-24 00:51:01,120 [INFO] ADCParametersView:116 -                Rank 1 : true
2026-02-24 00:51:01,120 [INFO] ADCParametersView:116 -                Rank 2 : true
2026-02-24 00:51:01,120 [INFO] ADCParametersView:116 -                Rank 1 : true
2026-02-24 00:51:01,120 [INFO] ADCParametersView:116 -                Rank 2 : true
2026-02-24 00:51:01,120 [INFO] ADCParametersView:116 -                Rank 2 : true
2026-02-24 00:51:01,140 [INFO] ADCParametersView:116 -                Rank 1 : true
2026-02-24 00:51:01,140 [INFO] ADCParametersView:116 -                Rank 1 : true
2026-02-24 00:51:01,140 [INFO] ADCParametersView:116 -                Rank 2 : true
2026-02-24 00:51:03,158 [INFO] ADCParametersView:116 -                Rank 1 : true
2026-02-24 00:51:03,159 [INFO] ADCParametersView:116 -                Rank 2 : true
2026-02-24 00:51:03,164 [INFO] ADCParametersView:116 -                Rank 1 : true
2026-02-24 00:51:03,164 [INFO] ADCParametersView:116 -                Rank 2 : true
2026-02-24 00:51:03,164 [INFO] ADCParametersView:116 -                Rank 1 : true
2026-02-24 00:51:03,164 [INFO] ADCParametersView:116 -                Rank 2 : true
2026-02-24 00:51:03,165 [INFO] ADCParametersView:116 -                Rank 1 : true
2026-02-24 00:51:03,165 [INFO] ADCParametersView:116 -                Rank 2 : true
2026-02-24 00:51:03,165 [INFO] ADCParametersView:116 -                Rank 1 : true
2026-02-24 00:51:03,165 [INFO] ADCParametersView:116 -                Rank 2 : true
2026-02-24 00:51:03,165 [INFO] ADCParametersView:116 -                Rank 1 : true
2026-02-24 00:51:03,165 [INFO] ADCParametersView:116 -                Rank 2 : true
2026-02-24 00:51:03,165 [INFO] ADCParametersView:116 -                Rank 1 : true
2026-02-24 00:51:03,166 [INFO] ADCParametersView:116 -                Rank 2 : true
2026-02-24 00:51:03,166 [INFO] ADCParametersView:116 -                Rank 1 : true
2026-02-24 00:51:03,166 [INFO] ADCParametersView:116 -                Rank 2 : true
2026-02-24 00:51:03,166 [INFO] ADCParametersView:116 -                Rank 1 : true
2026-02-24 00:51:03,166 [INFO] ADCParametersView:116 -                Rank 2 : true
2026-02-24 00:51:03,166 [INFO] ADCParametersView:116 -                Rank 1 : true
2026-02-24 00:51:03,166 [INFO] ADCParametersView:116 -                Rank 2 : true
2026-02-24 00:51:03,166 [INFO] ADCParametersView:116 -                Rank 2 : true
2026-02-24 00:51:03,185 [INFO] ADCParametersView:116 -                Rank 1 : true
2026-02-24 00:51:03,186 [INFO] ADCParametersView:116 -                Rank 1 : true
2026-02-24 00:51:03,186 [INFO] ADCParametersView:116 -                Rank 2 : true
2026-02-24 00:51:03,187 [INFO] ADCParametersView:116 -                Rank 1 : true
2026-02-24 00:51:03,187 [INFO] ADCParametersView:116 -                Rank 2 : true
2026-02-24 00:51:03,189 [INFO] ADCParametersView:116 -                Rank 1 : true
2026-02-24 00:51:03,189 [INFO] ADCParametersView:116 -                Rank 2 : true
2026-02-24 00:51:03,189 [INFO] ADCParametersView:116 -                Rank 1 : true
2026-02-24 00:51:03,189 [INFO] ADCParametersView:116 -                Rank 2 : true
2026-02-24 00:51:03,189 [INFO] ADCParametersView:116 -                Rank 1 : true
2026-02-24 00:51:03,189 [INFO] ADCParametersView:116 -                Rank 2 : true
2026-02-24 00:51:03,190 [INFO] ADCParametersView:116 -                Rank 1 : true
2026-02-24 00:51:03,190 [INFO] ADCParametersView:116 -                Rank 2 : true
2026-02-24 00:51:03,190 [INFO] ADCParametersView:116 -                Rank 1 : true
2026-02-24 00:51:03,190 [INFO] ADCParametersView:116 -                Rank 2 : true
2026-02-24 00:51:03,190 [INFO] ADCParametersView:116 -                Rank 1 : true
2026-02-24 00:51:03,190 [INFO] ADCParametersView:116 -                Rank 2 : true
2026-02-24 00:51:03,190 [INFO] ADCParametersView:116 -                Rank 1 : true
2026-02-24 00:51:03,190 [INFO] ADCParametersView:116 -                Rank 2 : true
2026-02-24 00:51:03,190 [INFO] ADCParametersView:116 -                Rank 1 : true
2026-02-24 00:51:03,190 [INFO] ADCParametersView:116 -                Rank 2 : true
2026-02-24 00:51:03,190 [INFO] ADCParametersView:116 -                Rank 1 : true
2026-02-24 00:51:03,190 [INFO] ADCParametersView:116 -                Rank 2 : true
2026-02-24 00:51:03,190 [INFO] ADCParametersView:116 -                Rank 2 : true
2026-02-24 00:51:03,198 [INFO] ADCParametersView:116 -                Rank 1 : true
2026-02-24 00:51:03,198 [INFO] ADCParametersView:116 -                Rank 1 : true
2026-02-24 00:51:03,198 [INFO] ADCParametersView:116 -                Rank 2 : true
2026-02-24 00:51:03,199 [INFO] ADCParametersView:116 -                Rank 1 : true
2026-02-24 00:51:03,199 [INFO] ADCParametersView:116 -                Rank 2 : true
2026-02-24 00:51:03,202 [INFO] ADCParametersView:116 -                Rank 1 : true
2026-02-24 00:51:03,202 [INFO] ADCParametersView:116 -                Rank 2 : true
2026-02-24 00:51:03,202 [INFO] ADCParametersView:116 -                Rank 1 : true
2026-02-24 00:51:03,202 [INFO] ADCParametersView:116 -                Rank 2 : true
2026-02-24 00:51:03,202 [INFO] ADCParametersView:116 -                Rank 1 : true
2026-02-24 00:51:03,202 [INFO] ADCParametersView:116 -                Rank 2 : true
2026-02-24 00:51:03,202 [INFO] ADCParametersView:116 -                Rank 1 : true
2026-02-24 00:51:03,202 [INFO] ADCParametersView:116 -                Rank 2 : true
2026-02-24 00:51:03,202 [INFO] ADCParametersView:116 -                Rank 1 : true
2026-02-24 00:51:03,202 [INFO] ADCParametersView:116 -                Rank 2 : true
2026-02-24 00:51:03,203 [INFO] ADCParametersView:116 -                Rank 1 : true
2026-02-24 00:51:03,203 [INFO] ADCParametersView:116 -                Rank 2 : true
2026-02-24 00:51:03,203 [INFO] ADCParametersView:116 -                Rank 1 : true
2026-02-24 00:51:03,203 [INFO] ADCParametersView:116 -                Rank 2 : true
2026-02-24 00:51:03,203 [INFO] ADCParametersView:116 -                Rank 1 : true
2026-02-24 00:51:03,203 [INFO] ADCParametersView:116 -                Rank 2 : true
2026-02-24 00:51:03,203 [INFO] ADCParametersView:116 -                Rank 1 : true
2026-02-24 00:51:03,203 [INFO] ADCParametersView:116 -                Rank 2 : true
2026-02-24 00:51:03,203 [INFO] ADCParametersView:116 -                Rank 2 : true
2026-02-24 00:51:03,211 [INFO] ADCParametersView:116 -                Rank 1 : true
2026-02-24 00:51:03,212 [INFO] ADCParametersView:116 -                Rank 1 : true
2026-02-24 00:51:03,212 [INFO] ADCParametersView:116 -                Rank 2 : true
2026-02-24 20:05:55,939 [INFO] MainUpdater:2872 - connection check result : 10
2026-02-24 20:05:55,960 [INFO] McuFinderGlobals:76 - Set McuFinderConnectedMode to true
2026-02-24 20:05:56,294 [INFO] ServerAccessManage:452 - Complete download http(s) 200
2026-02-24 20:05:56,294 [INFO] ServerAccessManage:509 - Download File mcusAds.json._tmp_
2026-02-24 20:05:56,467 [INFO] LoadUrlFilesThread:156 - End of LoadUrlFiles Thread
2026-02-24 20:05:56,768 [INFO] ServerAccessManage:452 - Complete download http(s) 200
2026-02-24 20:05:56,771 [INFO] ServerAccessManage:509 - Download File cube-finder-db.zip
2026-02-24 20:05:58,942 [INFO] FileExtend:248 - Unzip File : cube-finder-db.zip
2026-02-24 20:05:58,943 [INFO] FileExtend:263 - Standard Zip Deflate
2026-02-24 20:06:00,136 [INFO] LoadUrlFilesThread:156 - End of LoadUrlFiles Thread
2026-02-24 20:06:00,449 [INFO] ServerAccessManage:452 - Complete download http(s) 200
2026-02-24 20:06:00,450 [INFO] ServerAccessManage:509 - Download File crdb.zip
2026-02-24 20:06:00,717 [INFO] FileExtend:248 - Unzip File : crdb.zip
2026-02-24 20:06:00,717 [INFO] FileExtend:263 - Standard Zip Deflate
2026-02-24 20:06:00,943 [INFO] LoadUrlFilesThread:156 - End of LoadUrlFiles Thread
2026-02-24 20:06:01,180 [INFO] ServerAccessManage:452 - Complete download http(s) 200
2026-02-24 20:06:01,181 [INFO] ServerAccessManage:509 - Download File tutoVideoDB.zip
2026-02-24 20:06:01,206 [INFO] FileExtend:248 - Unzip File : tutoVideoDB.zip
2026-02-24 20:06:01,207 [INFO] FileExtend:263 - Standard Zip Deflate
2026-02-24 20:06:01,375 [INFO] LoadUrlFilesThread:156 - End of LoadUrlFiles Thread
2026-02-24 20:06:01,381 [WARN] DbFile:41 - Overriding database path with different value: C:\Users\Ovi\.stmcufinder\plugins\mcufinder/ => C:\Users\Ovi\.stmcufinder\plugins\mcufinder
2026-02-24 20:06:01,544 [INFO] ServerAccessManage:452 - Complete download http(s) 200
2026-02-24 20:06:01,545 [INFO] ServerAccessManage:509 - Download File api_config.json
2026-02-24 20:06:01,689 [INFO] LoadUrlFilesThread:156 - End of LoadUrlFiles Thread
2026-02-24 20:06:01,702 [INFO] DbMcusAds:53 - JSON generation date=Wed Feb 18 16:32:49 EET 2026 (1771425169665)
2026-02-24 20:06:01,710 [INFO] ApiDb:448 - Save user favorites file C:\Users\Ovi/.stm32cubeide/favorites.mcus.txt: 0 item(s)
2026-02-24 20:06:01,711 [INFO] ApiDb:452 - User favorites MCUs=[]
2026-02-24 20:06:01,733 [INFO] ApiDb:581 - Connected to CubeFinder SQLite database (C:\Users\Ovi\.stmcufinder\plugins\mcufinder\mcu\cube-finder-db.db)
2026-02-24 20:06:01,857 [INFO] ApiDb:668 - CubeFinder database Data Model version=2.1
2026-02-24 20:06:01,857 [INFO] ApiDb:669 - CubeFinder database Configuration version=3.0.42
2026-02-24 20:06:01,858 [INFO] ApiDb:670 - CubeFinder database generation date=2026-02-13 (1770995876)
2026-02-24 20:06:01,858 [INFO] ApiDb:671 - CubeFinder database FW Pack versions=[FP-ATR-ASTRA1_V2.0.0, FP-SNS-FLIGHT1_V5.1.0, FP-SNS-MOTENV1_V5.1.0, FP-SNS-MOTENVWB1_V1.4.0, FP-SNS-SMARTAG2_V1.2.0, FP-SNS-STBOX1_V2.1.0, STM32Cube_FW_C0_V1.4.0, STM32Cube_FW_F4_V1.28.3, STM32Cube_FW_F7_V1.17.4, STM32Cube_FW_G0_V1.6.2, STM32Cube_FW_G4_V1.6.1, STM32Cube_FW_H5_V1.6.0, STM32Cube_FW_H7RS_V1.3.0, STM32Cube_FW_H7_V1.13.0, STM32Cube_FW_L0_V1.12.2, STM32Cube_FW_L4_V1.18.2, STM32Cube_FW_L5_V1.6.0, STM32Cube_FW_N6_V1.3.0, STM32Cube_FW_U0_V1.3.0, STM32Cube_FW_U3_V1.3.0, STM32Cube_FW_U5_V1.8.0, STM32Cube_FW_WB0_V1.4.0, STM32Cube_FW_WBA_V1.9.0, STM32Cube_FW_WB_V1.24.0, STM32Cube_FW_WL3_V1.4.0, STM32Cube_FW_WL_V1.5.0, X-CUBE-ALGOBUILD_V1.4.0, X-CUBE-ALS_V1.0.2, X-CUBE-AZRTOS-F4_V1.1.0, X-CUBE-AZRTOS-F7_V1.1.0, X-CUBE-AZRTOS-G0_V1.1.0, X-CUBE-AZRTOS-G4_V2.0.0, X-CUBE-AZRTOS-H7RS_V1.1.0, X-CUBE-AZRTOS-H7_V3.4.0, X-CUBE-AZRTOS-L4_V2.0.0, X-CUBE-AZRTOS-L5_V2.0.0, X-CUBE-AZRTOS-WB_V2.0.0, X-CUBE-AZRTOS-WL_V2.0.0, X-CUBE-BLE1_V7.1.0, X-CUBE-BLE2_V3.3.0, X-CUBE-BLEMGR_V4.1.0, X-CUBE-EEPRMA1_V5.2.0, X-CUBE-FREERTOS_V1.3.1, X-CUBE-GNSS1_V6.0.0, X-CUBE-MEMS1_V12.0.0, X-CUBE-NFC4_V3.0.0, X-CUBE-NFC7_V2.0.0, X-CUBE-SFXS2LP1_V4.0.0, X-CUBE-ST67W61_V1.1.0, X-CUBE-SUBG2_V5.0.0, X-CUBE-TOF1_V3.4.3]
2026-02-24 20:06:04,700 [INFO] ApiDb:240 - Found 880 in-development CPN: [B-G473E-ZEST1S, B-WB1M-WPAN1, B-WBA5M-WPAN, B-WL5M-SUBG1, NUCLEO-C031C6, NUCLEO-C051C8, NUCLEO-C071RB, NUCLEO-C092RC, NUCLEO-H503RB, NUCLEO-H533RE, NUCLEO-H563ZI, NUCLEO-H7S3L8, NUCLEO-N657X0-Q, NUCLEO-U031R8, NUCLEO-U083RC, NUCLEO-U385RG-Q, NUCLEO-U545RE-Q, NUCLEO-U5A5ZJ-Q, NUCLEO-WB05KZ, NUCLEO-WB07CC, NUCLEO-WB09KE, NUCLEO-WBA52CG, NUCLEO-WBA55CG, NUCLEO-WL33CC1, NUCLEO-WL33CC2, STEVAL-PROTEUS1, STEVAL-SMARTAG2, STEVAL-STWINBX1, STM320518-EVAL, STM32C0116-DK, STM32C011D6Y3TR, STM32C011D6Y6TR, STM32C011F4P3, STM32C011F4P6, STM32C011F4U3, STM32C011F4U6TR, STM32C011F6P3, STM32C011F6P6, STM32C011F6U3, STM32C011F6U6TR, STM32C011J4M3, STM32C011J4M6, STM32C011J6M3, STM32C011J6M6, STM32C0316-DK, STM32C031C4T3, STM32C031C4T6, STM32C031C4U3, STM32C031C4U6, STM32C031C6T3, STM32C031C6T6, STM32C031C6U3, STM32C031C6U6, STM32C031F4P3, STM32C031F4P6, STM32C031F6P3, STM32C031F6P6, STM32C031G4U3, STM32C031G4U6, STM32C031G6U3, STM32C031G6U6, STM32C031K4T3, STM32C031K4T6, STM32C031K4U3, STM32C031K4U6, STM32C031K6T3, STM32C031K6T6, STM32C031K6U3, STM32C031K6U6, STM32C051C6T6, STM32C051C6U6, STM32C051C8T6, STM32C051C8U6, STM32C051D8Y6TR, STM32C051F6P6, STM32C051F8P6, STM32C051G6U6, STM32C051G8U6, STM32C051K6T6, STM32C051K6U6, STM32C051K8T6, STM32C071C8T6, STM32C071C8T6N, STM32C071C8U6, STM32C071C8U6N, STM32C071CBT6, STM32C071CBT6N, STM32C071CBU6, STM32C071CBU6N, STM32C071F8P6, STM32C071F8P6N, STM32C071FBP6, STM32C071FBP6N, STM32C071FBY6TR, STM32C071G8U6, STM32C071G8U6N, STM32C071GBU6, STM32C071GBU6N, STM32C071K8T6, STM32C071K8T6N, STM32C071K8U6, STM32C071K8U6N, STM32C071KBT6, STM32C071KBT6N, STM32C071KBU6, STM32C071KBU6N, STM32C071R8T6, STM32C071R8T6N, STM32C071RBI6N, STM32C071RBT6, STM32C071RBT6N, STM32C091CBT6, STM32C091CBU6, STM32C091CCT6, STM32C091CCU6, STM32C091ECY6TR, STM32C091FBP6, STM32C091FCP6, STM32C091GBU6, STM32C091GCU6, STM32C091KBT6, STM32C091KBU6, STM32C091KCT6, STM32C091KCU6, STM32C091RBT6, STM32C091RCI6, STM32C091RCT6, STM32C092CBT6, STM32C092CBU6, STM32C092CCT6, STM32C092CCU6, STM32C092ECY6TR, STM32C092FBP6, STM32C092FCP6, STM32C092GBU6, STM32C092GCU6, STM32C092KBT6, STM32C092KBU6, STM32C092KCT6, STM32C092KCU6, STM32C092RBT6, STM32C092RCI6, STM32C092RCT6, STM32G071K8TXN, STM32G071K8UXN, STM32G081GBU6N, STM32G081KBT6N, STM32G081KBUXN, STM32G0B1CCT6N, STM32G0B1KCT6, STM32G0B1NEY6TR, STM32G0B1RCT6N, STM32G0C1CCT6, STM32G0C1CCT6N, STM32G0C1CCU6N, STM32G0C1CET6N, STM32G0C1CEU6N, STM32G0C1KCT6, STM32G0C1NEY6TR, STM32G0C1RCI6N, STM32G0C1RCT6N, STM32G0C1REI6N, STM32G0C1RET6N, STM32G0C1VCI6, STM32G0C1VEI6, STM32G411C6T3, STM32G411C6T6, STM32G411C6U3, STM32G411C6U6, STM32G411C8T3, STM32G411C8T6, STM32G411C8U3, STM32G411C8U6, STM32G411CBT3, STM32G411CBT6, STM32G411CBU3, STM32G411CBU6, STM32G411K6T3, STM32G411K6T6, STM32G411K6U3, STM32G411K6U6, STM32G411K8T3, STM32G411K8T6, STM32G411K8U3, STM32G411K8U6, STM32G411KBT3, STM32G411KBT6, STM32G411KBU3, STM32G411KBU6, STM32G411M6T3, STM32G411M6T6, STM32G411M8T3, STM32G411M8T6, STM32G411MBT3, STM32G411MBT6, STM32G411R6T3, STM32G411R6T6, STM32G411R8T3, STM32G411R8T6, STM32G411RBT3, STM32G411RBT6, STM32G414CBT3, STM32G414CBT6, STM32G414CBU3, STM32G414CBU6, STM32G414CCT3, STM32G414CCT6, STM32G414CCU3, STM32G414CCU6, STM32G414MBT3, STM32G414MBT6, STM32G414MCT3, STM32G414MCT6, STM32G414RBT3, STM32G414RBT6, STM32G414RCT3, STM32G414RCT6, STM32G414VBT3, STM32G414VBT6, STM32G414VCT3, STM32G414VCT6, STM32G431CBT3Z, STM32G431RBT3Z, STM32G471CCT6, STM32G471CCU6, STM32G471CET3, STM32G471CET6, STM32G471CEU3, STM32G471CEU6, STM32G471MCT6, STM32G471MET3, STM32G471MET6, STM32G471MEY6TR, STM32G471QCT6, STM32G471QET3, STM32G471RCT6, STM32G471RET3, STM32G471RET6, STM32G471VCH6, STM32G471VCI6, STM32G471VCT6, STM32G471VEH3, STM32G471VEH6, STM32G471VEI3, STM32G471VEI6, STM32G471VET3, STM32G471VET6, STM32G473QET3Z, STM32G473RET3Z, STM32G474CCT6, STM32G491RET3Z, STM32H503CBT6, STM32H503CBU6, STM32H503EBY6TR, STM32H503KBU6, STM32H503RBT6, STM32H523CCT6, STM32H523CCU6, STM32H523CET6, STM32H523CEU6, STM32H523HEY6TR, STM32H523RCT6, STM32H523RET6, STM32H523VCI6, STM32H523VCT6, STM32H523VEI6, STM32H523VET6, STM32H523ZCJ6, STM32H523ZCT6, STM32H523ZEJ6, STM32H523ZET6, STM32H533CET6, STM32H533CEU6, STM32H533HEY6TR, STM32H533RET6, STM32H533VEI6, STM32H533VET6, STM32H533ZEJ6, STM32H533ZET6, STM32H562AGI6, STM32H562AII6, STM32H562IGK6, STM32H562IGT6, STM32H562IIK6, STM32H562IIT6, STM32H562RGT6, STM32H562RGV6, STM32H562RIT6, STM32H562RIV6, STM32H562VGT6, STM32H562VIT6, STM32H562ZGT6, STM32H562ZIT6, STM32H563AGI6, STM32H563AII3Q, STM32H563AII6, STM32H563IGK6, STM32H563IGT6, STM32H563IIK3Q, STM32H563IIK6, STM32H563IIT3Q, STM32H563IIT6, STM32H563MIY3QTR, STM32H563RGT6, STM32H563RGV6, STM32H563RIT6, STM32H563RIV6, STM32H563VGT6, STM32H563VIT3Q, STM32H563VIT6, STM32H563ZGT6, STM32H563ZIT3Q, STM32H563ZIT6, STM32H573AII3Q, STM32H573AII6, STM32H573I-DK, STM32H573IIK3Q, STM32H573IIK6, STM32H573IIT3Q, STM32H573IIT6, STM32H573MIY3QTR, STM32H573RIT6, STM32H573RIV6, STM32H573VIT3Q, STM32H573VIT6, STM32H573ZIT3Q, STM32H573ZIT6, STM32H7R3A8I6, STM32H7R3I8K6, STM32H7R3I8T6, STM32H7R3L8H6, STM32H7R3L8H6H, STM32H7R3R8V6, STM32H7R3V8H6, STM32H7R3V8T6, STM32H7R3V8Y6TR, STM32H7R3Z8J6, STM32H7R3Z8T6, STM32H7R7A8I6, STM32H7R7I8K6, STM32H7R7I8T6, STM32H7R7L8H6, STM32H7R7L8H6H, STM32H7R7Z8J6, STM32H7S3A8I6, STM32H7S3I8K6, STM32H7S3I8T6, STM32H7S3L8H6, STM32H7S3L8H6H, STM32H7S3R8V6, STM32H7S3V8H6, STM32H7S3V8T6, STM32H7S3V8Y6TR, STM32H7S3Z8J6, STM32H7S3Z8T6, STM32H7S78-DK, STM32H7S7A8I6, STM32H7S7I8K6, STM32H7S7I8T6, STM32H7S7L8H6, STM32H7S7L8H6H, STM32H7S7Z8J6, STM32L4R5QGI6STR, STM32MP131AAE3, STM32MP131AAF3, STM32MP131AAG3, STM32MP131CAE3, STM32MP131CAF3, STM32MP131CAG3, STM32MP131DAE7, STM32MP131DAF7, STM32MP131DAG7, STM32MP131FAE7, STM32MP131FAF7, STM32MP131FAG7, STM32MP133AAE3, STM32MP133AAF3, STM32MP133AAG3, STM32MP133CAE3, STM32MP133CAF3, STM32MP133CAG3, STM32MP133DAE7, STM32MP133DAF7, STM32MP133DAG7, STM32MP133FAE7, STM32MP133FAF7, STM32MP133FAG7, STM32MP135AAE3, STM32MP135AAF3, STM32MP135AAG3, STM32MP135CAE3, STM32MP135CAF3, STM32MP135CAG3, STM32MP135DAE7, STM32MP135DAF7, STM32MP135DAG7, STM32MP135F-DK, STM32MP135FAE7, STM32MP135FAF7, STM32MP135FAF7T, STM32MP135FAF7U, STM32MP135FAG7, STM32MP211AAL3, STM32MP211AAM3, STM32MP211AAN3, STM32MP211AAO3, STM32MP211CAL3, STM32MP211CAM3, STM32MP211CAN3, STM32MP211CAO3, STM32MP211DAL3, STM32MP211DAM3, STM32MP211DAN3, STM32MP211DAO3, STM32MP211FAL3, STM32MP211FAM3, STM32MP211FAN3, STM32MP211FAO3, STM32MP213AAL3, STM32MP213AAM3, STM32MP213AAN3, STM32MP213AAO3, STM32MP213CAL3, STM32MP213CAM3, STM32MP213CAN3, STM32MP213CAO3, STM32MP213DAL3, STM32MP213DAM3, STM32MP213DAN3, STM32MP213DAO3, STM32MP213FAL3, STM32MP213FAM3, STM32MP213FAN3, STM32MP213FAO3, STM32MP215AAL3, STM32MP215AAM3, STM32MP215AAN3, STM32MP215AAO3, STM32MP215CAL3, STM32MP215CAM3, STM32MP215CAN3, STM32MP215CAO3, STM32MP215DAL3, STM32MP215DAM3, STM32MP215DAN3, STM32MP215DAO3, STM32MP215F-DK, STM32MP215FAL3, STM32MP215FAM3, STM32MP215FAN3, STM32MP215FAO3, STM32MP231AAJ3, STM32MP231AAK3, STM32MP231AAL3, STM32MP231CAJ3, STM32MP231CAK3, STM32MP231CAL3, STM32MP231DAJ3, STM32MP231DAK3, STM32MP231DAL3, STM32MP231FAJ3, STM32MP231FAK3, STM32MP231FAL3, STM32MP233AAJ3, STM32MP233AAK3, STM32MP233AAL3, STM32MP233CAJ3, STM32MP233CAK3, STM32MP233CAL3, STM32MP233DAJ3, STM32MP233DAK3, STM32MP233DAL3, STM32MP233FAJ3, STM32MP233FAK3, STM32MP233FAL3, STM32MP235AAJ3, STM32MP235AAK3, STM32MP235AAL3, STM32MP235CAJ3, STM32MP235CAK3, STM32MP235CAL3, STM32MP235DAJ3, STM32MP235DAK3, STM32MP235DAL3, STM32MP235FAJ3, STM32MP235FAK3, STM32MP235FAL3, STM32MP251AAI3, STM32MP251AAK3, STM32MP251AAL3, STM32MP251CAI3, STM32MP251CAK3, STM32MP251CAL3, STM32MP251DAI3, STM32MP251DAK3, STM32MP251DAL3, STM32MP251FAI3, STM32MP251FAK3, STM32MP251FAL3, STM32MP253AAI3, STM32MP253AAK3, STM32MP253AAL3, STM32MP253CAI3, STM32MP253CAK3, STM32MP253CAL3, STM32MP253DAI3, STM32MP253DAK3, STM32MP253DAL3, STM32MP253FAI3, STM32MP253FAK3, STM32MP253FAL3, STM32MP255AAI3, STM32MP255AAK3, STM32MP255AAL3, STM32MP255CAI3, STM32MP255CAK3, STM32MP255CAL3, STM32MP255DAI3, STM32MP255DAK3, STM32MP255DAL3, STM32MP255FAI3, STM32MP255FAK3, STM32MP255FAL3, STM32MP257AAI3, STM32MP257AAK3, STM32MP257AAL3, STM32MP257CAI3, STM32MP257CAK3, STM32MP257CAL3, STM32MP257DAI3, STM32MP257DAK3, STM32MP257DAL3, STM32MP257F-DK, STM32MP257F-EV1, STM32MP257FAI3, STM32MP257FAK3, STM32MP257FAL3, STM32N645A0H3Q, STM32N645B0H3Q, STM32N645I0H3Q, STM32N645L0H3Q, STM32N645X0H3Q, STM32N645Z0H3Q, STM32N647A0H3Q, STM32N647B0H3Q, STM32N647I0H3Q, STM32N647L0H3Q, STM32N647X0H3Q, STM32N647Z0H3Q, STM32N655A0H3Q, STM32N655B0H3Q, STM32N655I0H3Q, STM32N655L0H3Q, STM32N655X0H3Q, STM32N655Z0H3Q, STM32N6570-DK, STM32N657A0H3Q, STM32N657B0H3Q, STM32N657I0H3Q, STM32N657L0H3Q, STM32N657X0H3Q, STM32N657Z0H3Q, STM32U031C6T6, STM32U031C6U6, STM32U031C8T6, STM32U031C8U6, STM32U031F4P6, STM32U031F6P6, STM32U031F8P6, STM32U031G6Y6TR, STM32U031G8Y6TR, STM32U031K4U6, STM32U031K6U6, STM32U031K8U6, STM32U031R6I6, STM32U031R6T6, STM32U031R8I6, STM32U031R8T6, STM32U073C8T6, STM32U073C8U6, STM32U073CBT6, STM32U073CBU6, STM32U073CCT6, STM32U073CCU6, STM32U073H8Y6TR, STM32U073HBY6TR, STM32U073HCY6TR, STM32U073K8U6, STM32U073KBU6, STM32U073KCU6, STM32U073M8I6, STM32U073M8T6, STM32U073MBI6, STM32U073MBT6, STM32U073MCI6, STM32U073MCT6, STM32U073R8I6, STM32U073R8T6, STM32U073RBI6, STM32U073RBT6, STM32U073RCI6, STM32U073RCT6, STM32U083C-DK, STM32U083CCT6, STM32U083CCU6, STM32U083HCY6TR, STM32U083KCU6, STM32U083MCI6, STM32U083MCT6, STM32U083RCI6, STM32U083RCT6, STM32U375CET6, STM32U375CET6Q, STM32U375CEU6, STM32U375CEU6Q, STM32U375CEY6QTR, STM32U375CGT6, STM32U375CGT6Q, STM32U375CGU6, STM32U375CGU6Q, STM32U375CGY6QTR, STM32U375KEU6, STM32U375KGU6, STM32U375REI6, STM32U375REI6Q, STM32U375RET6, STM32U375RET6Q, STM32U375REY6GTR, STM32U375REY6QTR, STM32U375RGI6, STM32U375RGI6Q, STM32U375RGT6, STM32U375RGT6Q, STM32U375RGY6GTR, STM32U375RGY6QTR, STM32U375VEI6, STM32U375VEI6Q, STM32U375VET6, STM32U375VET6Q, STM32U375VGI6, STM32U375VGI6Q, STM32U375VGT6, STM32U375VGT6Q, STM32U385CGT6, STM32U385CGT6Q, STM32U385CGU6, STM32U385CGU6Q, STM32U385CGY6QTR, STM32U385KGU6, STM32U385RGI6, STM32U385RGI6Q, STM32U385RGT6, STM32U385RGT6Q, STM32U385RGY6GTR, STM32U385RGY6QTR, STM32U385VGI6, STM32U385VGI6Q, STM32U385VGT6, STM32U385VGT6Q, STM32U535CBT6, STM32U535CBT6Q, STM32U535CBU6, STM32U535CBU6Q, STM32U535CCT6, STM32U535CCT6Q, STM32U535CCU6, STM32U535CCU6Q, STM32U535CET6, STM32U535CET6Q, STM32U535CEU6, STM32U535CEU6Q, STM32U535JEY6QTR, STM32U535NCY6QTR, STM32U535NEY6QTR, STM32U535RBI6, STM32U535RBI6Q, STM32U535RBT6, STM32U535RBT6Q, STM32U535RCI6, STM32U535RCI6Q, STM32U535RCT6, STM32U535RCT6Q, STM32U535REI6, STM32U535REI6Q, STM32U535RET6, STM32U535RET6Q, STM32U535VCI6, STM32U535VCI6Q, STM32U535VCT6, STM32U535VCT6Q, STM32U535VEI6, STM32U535VEI6Q, STM32U535VET6, STM32U535VET6Q, STM32U545CET6, STM32U545CET6Q, STM32U545CEU6, STM32U545CEU6Q, STM32U545JEY6QTR, STM32U545NEY6QTR, STM32U545REI6, STM32U545REI6Q, STM32U545RET6, STM32U545RET6Q, STM32U545VEI6, STM32U545VEI6Q, STM32U545VET6, STM32U545VET6Q, STM32U595AIH6, STM32U595AIH6Q, STM32U595AJH6, STM32U595AJH6Q, STM32U595QII6, STM32U595QII6Q, STM32U595QJI6, STM32U595QJI6Q, STM32U595RIT6, STM32U595RIT6Q, STM32U595RJT6, STM32U595RJT6Q, STM32U595VIT6, STM32U595VIT6Q, STM32U595VJT6, STM32U595VJT6Q, STM32U595ZIT6, STM32U595ZIT6Q, STM32U595ZIY6QTR, STM32U595ZJT6, STM32U595ZJT6Q, STM32U595ZJY6QTR, STM32U599BJY6QTR, STM32U599NIH6Q, STM32U599NJH6Q, STM32U599VIT6Q, STM32U599VJT6, STM32U599VJT6Q, STM32U599ZIT6Q, STM32U599ZIY6QTR, STM32U599ZJT6Q, STM32U599ZJY6QTR, STM32U5A5AJH6, STM32U5A5AJH6Q, STM32U5A5QII3Q , STM32U5A5QJI6, STM32U5A5QJI6Q, STM32U5A5RJT6, STM32U5A5RJT6Q, STM32U5A5VJT6, STM32U5A5VJT6Q, STM32U5A5ZJT6, STM32U5A5ZJT6Q, STM32U5A5ZJY6QTR, STM32U5A9BJY6QTR, STM32U5A9J-DK, STM32U5A9NJH6Q, STM32U5A9VJT6Q, STM32U5A9ZJT6Q, STM32U5A9ZJY6QTR, STM32U5F7VIT6, STM32U5F7VIT6Q, STM32U5F7VJT6, STM32U5F7VJT6Q, STM32U5F9BJY6QTR, STM32U5F9NJH6Q, STM32U5F9VIT6Q, STM32U5F9VJT6Q, STM32U5F9ZIJ6QTR, STM32U5F9ZIT6Q, STM32U5F9ZJJ6QTR, STM32U5F9ZJT6Q, STM32U5G7VJT6, STM32U5G7VJT6Q, STM32U5G9BJY6QTR, STM32U5G9J-DK1, STM32U5G9J-DK2, STM32U5G9NJH6Q, STM32U5G9VJT6Q, STM32U5G9ZJJ6QTR, STM32U5G9ZJT6Q, STM32WB05KZV6TR, STM32WB05KZV7TR, STM32WB05TZF6TR, STM32WB05TZF7TR, STM32WB06CCF6TR, STM32WB06CCF7TR, STM32WB06CCV6TR, STM32WB06CCV7TR, STM32WB06KCV6TR, STM32WB06KCV7TR, STM32WB07CCF6TR, STM32WB07CCF7TR, STM32WB07CCV6TR, STM32WB07CCV7TR, STM32WB07KCV6TR, STM32WB07KCV7TR, STM32WB09KEV6TR, STM32WB09KEV7TR, STM32WB09TEF6TR, STM32WB09TEF7TR, STM32WB1MMCH6, STM32WBA50KGU6, STM32WBA50KGU6TR, STM32WBA52CEU6, STM32WBA52CEU6TR, STM32WBA52CEU7, STM32WBA52CEU7TR, STM32WBA52CGU6, STM32WBA52CGU6TR, STM32WBA52CGU6U, STM32WBA52CGU7, STM32WBA52CGU7TR, STM32WBA52KEU6, STM32WBA52KEU6TR, STM32WBA52KGU6, STM32WBA52KGU6TR, STM32WBA54CEU6, STM32WBA54CEU6TR, STM32WBA54CEU7, STM32WBA54CEU7TR, STM32WBA54CGU6, STM32WBA54CGU6TR, STM32WBA54CGU7, STM32WBA54CGU7TR, STM32WBA54KEU6, STM32WBA54KEU6TR, STM32WBA54KEU7, STM32WBA54KEU7TR, STM32WBA54KGU6, STM32WBA54KGU6TR, STM32WBA54KGU7, STM32WBA54KGU7TR, STM32WBA55CEU6, STM32WBA55CEU6TR, STM32WBA55CEU7, STM32WBA55CEU7TR, STM32WBA55CGU6, STM32WBA55CGU6TR, STM32WBA55CGU6U, STM32WBA55CGU7, STM32WBA55CGU7TR, STM32WBA55G-DK1, STM32WBA55HEF6, STM32WBA55HEF7, STM32WBA55HGF6, STM32WBA55HGF7, STM32WBA55UEI6, STM32WBA55UEI6TR, STM32WBA55UEI7, STM32WBA55UEI7TR, STM32WBA55UGI6, STM32WBA55UGI6TR, STM32WBA55UGI7, STM32WBA55UGI7TR, STM32WBA5MMGH6TR, STM32WBA62MGF6, STM32WBA62MIF6, STM32WBA65MGF7, STM32WBA65MIF6, STM32WBA65MIF7, STM32WL30K8V6, STM32WL30KBV6, STM32WL31C8V6, STM32WL31CBV6, STM32WL31K8V6, STM32WL31KBV6, STM32WL33C8V6, STM32WL33C8V6X, STM32WL33CBV6, STM32WL33CBV6X, STM32WL33CCV6, STM32WL33CCV6A, STM32WL33CCV6X, STM32WL33K8V7, STM32WL33K8V7X, STM32WL33KBV7 , STM32WL33KBV7X, STM32WL33KCV7, STM32WL33KCV7X, STM32WL5MOCH6, STM32WL5MOCH6TR]
2026-02-24 20:06:04,705 [INFO] DbMcus:218 - Found 4922 MCUs, 4922 are supported
2026-02-24 20:06:04,705 [INFO] ApiDb:423 - Load user favorites file C:\Users\Ovi/.stm32cubeide/favorites.mcus.txt: 0 item(s)
2026-02-24 20:06:04,705 [INFO] ApiDb:427 - User favorites MCUs=[]
2026-02-24 20:06:04,705 [INFO] DbMcus:224 - Set 0 / 0 favorites MCUs
2026-02-24 20:06:05,221 [INFO] ApiDb:448 - Save user favorites file C:\Users\Ovi/.stm32cubeide/favorites.boards.txt: 0 item(s)
2026-02-24 20:06:05,221 [INFO] ApiDb:452 - User favorites Boards=[]
2026-02-24 20:06:05,222 [INFO] ApiDb:581 - Connected to CubeFinder SQLite database (C:\Users\Ovi\.stmcufinder\plugins\mcufinder\mcu\cube-finder-db.db)
2026-02-24 20:06:05,328 [INFO] ApiDb:668 - CubeFinder database Data Model version=2.1
2026-02-24 20:06:05,328 [INFO] ApiDb:669 - CubeFinder database Configuration version=3.0.42
2026-02-24 20:06:05,328 [INFO] ApiDb:670 - CubeFinder database generation date=2026-02-13 (1770995876)
2026-02-24 20:06:05,328 [INFO] ApiDb:671 - CubeFinder database FW Pack versions=[FP-ATR-ASTRA1_V2.0.0, FP-SNS-FLIGHT1_V5.1.0, FP-SNS-MOTENV1_V5.1.0, FP-SNS-MOTENVWB1_V1.4.0, FP-SNS-SMARTAG2_V1.2.0, FP-SNS-STBOX1_V2.1.0, STM32Cube_FW_C0_V1.4.0, STM32Cube_FW_F4_V1.28.3, STM32Cube_FW_F7_V1.17.4, STM32Cube_FW_G0_V1.6.2, STM32Cube_FW_G4_V1.6.1, STM32Cube_FW_H5_V1.6.0, STM32Cube_FW_H7RS_V1.3.0, STM32Cube_FW_H7_V1.13.0, STM32Cube_FW_L0_V1.12.2, STM32Cube_FW_L4_V1.18.2, STM32Cube_FW_L5_V1.6.0, STM32Cube_FW_N6_V1.3.0, STM32Cube_FW_U0_V1.3.0, STM32Cube_FW_U3_V1.3.0, STM32Cube_FW_U5_V1.8.0, STM32Cube_FW_WB0_V1.4.0, STM32Cube_FW_WBA_V1.9.0, STM32Cube_FW_WB_V1.24.0, STM32Cube_FW_WL3_V1.4.0, STM32Cube_FW_WL_V1.5.0, X-CUBE-ALGOBUILD_V1.4.0, X-CUBE-ALS_V1.0.2, X-CUBE-AZRTOS-F4_V1.1.0, X-CUBE-AZRTOS-F7_V1.1.0, X-CUBE-AZRTOS-G0_V1.1.0, X-CUBE-AZRTOS-G4_V2.0.0, X-CUBE-AZRTOS-H7RS_V1.1.0, X-CUBE-AZRTOS-H7_V3.4.0, X-CUBE-AZRTOS-L4_V2.0.0, X-CUBE-AZRTOS-L5_V2.0.0, X-CUBE-AZRTOS-WB_V2.0.0, X-CUBE-AZRTOS-WL_V2.0.0, X-CUBE-BLE1_V7.1.0, X-CUBE-BLE2_V3.3.0, X-CUBE-BLEMGR_V4.1.0, X-CUBE-EEPRMA1_V5.2.0, X-CUBE-FREERTOS_V1.3.1, X-CUBE-GNSS1_V6.0.0, X-CUBE-MEMS1_V12.0.0, X-CUBE-NFC4_V3.0.0, X-CUBE-NFC7_V2.0.0, X-CUBE-SFXS2LP1_V4.0.0, X-CUBE-ST67W61_V1.1.0, X-CUBE-SUBG2_V5.0.0, X-CUBE-TOF1_V3.4.3]
2026-02-24 20:06:05,384 [INFO] DbBoardsSqlite:226 - include board P-NUCLEO-WB55-NUCLEO as a kit item of type 'Nucleo-64'
2026-02-24 20:06:05,384 [INFO] DbBoardsSqlite:226 - include board P-NUCLEO-WB55-USBDONGLE as a kit item of type 'Nucleo USB Dongle'
2026-02-24 20:06:05,385 [INFO] DbBoardsSqlite:226 - include board STEVAL-IDP005V1 as a kit item of type 'Evaluation Board'
2026-02-24 20:06:05,385 [INFO] DbBoardsSqlite:226 - include board STEVAL-IDP005V2 as a kit item of type 'Evaluation Board'
2026-02-24 20:06:05,479 [INFO] ApiDb:240 - Found 880 in-development CPN: [B-G473E-ZEST1S, B-WB1M-WPAN1, B-WBA5M-WPAN, B-WL5M-SUBG1, NUCLEO-C031C6, NUCLEO-C051C8, NUCLEO-C071RB, NUCLEO-C092RC, NUCLEO-H503RB, NUCLEO-H533RE, NUCLEO-H563ZI, NUCLEO-H7S3L8, NUCLEO-N657X0-Q, NUCLEO-U031R8, NUCLEO-U083RC, NUCLEO-U385RG-Q, NUCLEO-U545RE-Q, NUCLEO-U5A5ZJ-Q, NUCLEO-WB05KZ, NUCLEO-WB07CC, NUCLEO-WB09KE, NUCLEO-WBA52CG, NUCLEO-WBA55CG, NUCLEO-WL33CC1, NUCLEO-WL33CC2, STEVAL-PROTEUS1, STEVAL-SMARTAG2, STEVAL-STWINBX1, STM320518-EVAL, STM32C0116-DK, STM32C011D6Y3TR, STM32C011D6Y6TR, STM32C011F4P3, STM32C011F4P6, STM32C011F4U3, STM32C011F4U6TR, STM32C011F6P3, STM32C011F6P6, STM32C011F6U3, STM32C011F6U6TR, STM32C011J4M3, STM32C011J4M6, STM32C011J6M3, STM32C011J6M6, STM32C0316-DK, STM32C031C4T3, STM32C031C4T6, STM32C031C4U3, STM32C031C4U6, STM32C031C6T3, STM32C031C6T6, STM32C031C6U3, STM32C031C6U6, STM32C031F4P3, STM32C031F4P6, STM32C031F6P3, STM32C031F6P6, STM32C031G4U3, STM32C031G4U6, STM32C031G6U3, STM32C031G6U6, STM32C031K4T3, STM32C031K4T6, STM32C031K4U3, STM32C031K4U6, STM32C031K6T3, STM32C031K6T6, STM32C031K6U3, STM32C031K6U6, STM32C051C6T6, STM32C051C6U6, STM32C051C8T6, STM32C051C8U6, STM32C051D8Y6TR, STM32C051F6P6, STM32C051F8P6, STM32C051G6U6, STM32C051G8U6, STM32C051K6T6, STM32C051K6U6, STM32C051K8T6, STM32C071C8T6, STM32C071C8T6N, STM32C071C8U6, STM32C071C8U6N, STM32C071CBT6, STM32C071CBT6N, STM32C071CBU6, STM32C071CBU6N, STM32C071F8P6, STM32C071F8P6N, STM32C071FBP6, STM32C071FBP6N, STM32C071FBY6TR, STM32C071G8U6, STM32C071G8U6N, STM32C071GBU6, STM32C071GBU6N, STM32C071K8T6, STM32C071K8T6N, STM32C071K8U6, STM32C071K8U6N, STM32C071KBT6, STM32C071KBT6N, STM32C071KBU6, STM32C071KBU6N, STM32C071R8T6, STM32C071R8T6N, STM32C071RBI6N, STM32C071RBT6, STM32C071RBT6N, STM32C091CBT6, STM32C091CBU6, STM32C091CCT6, STM32C091CCU6, STM32C091ECY6TR, STM32C091FBP6, STM32C091FCP6, STM32C091GBU6, STM32C091GCU6, STM32C091KBT6, STM32C091KBU6, STM32C091KCT6, STM32C091KCU6, STM32C091RBT6, STM32C091RCI6, STM32C091RCT6, STM32C092CBT6, STM32C092CBU6, STM32C092CCT6, STM32C092CCU6, STM32C092ECY6TR, STM32C092FBP6, STM32C092FCP6, STM32C092GBU6, STM32C092GCU6, STM32C092KBT6, STM32C092KBU6, STM32C092KCT6, STM32C092KCU6, STM32C092RBT6, STM32C092RCI6, STM32C092RCT6, STM32G071K8TXN, STM32G071K8UXN, STM32G081GBU6N, STM32G081KBT6N, STM32G081KBUXN, STM32G0B1CCT6N, STM32G0B1KCT6, STM32G0B1NEY6TR, STM32G0B1RCT6N, STM32G0C1CCT6, STM32G0C1CCT6N, STM32G0C1CCU6N, STM32G0C1CET6N, STM32G0C1CEU6N, STM32G0C1KCT6, STM32G0C1NEY6TR, STM32G0C1RCI6N, STM32G0C1RCT6N, STM32G0C1REI6N, STM32G0C1RET6N, STM32G0C1VCI6, STM32G0C1VEI6, STM32G411C6T3, STM32G411C6T6, STM32G411C6U3, STM32G411C6U6, STM32G411C8T3, STM32G411C8T6, STM32G411C8U3, STM32G411C8U6, STM32G411CBT3, STM32G411CBT6, STM32G411CBU3, STM32G411CBU6, STM32G411K6T3, STM32G411K6T6, STM32G411K6U3, STM32G411K6U6, STM32G411K8T3, STM32G411K8T6, STM32G411K8U3, STM32G411K8U6, STM32G411KBT3, STM32G411KBT6, STM32G411KBU3, STM32G411KBU6, STM32G411M6T3, STM32G411M6T6, STM32G411M8T3, STM32G411M8T6, STM32G411MBT3, STM32G411MBT6, STM32G411R6T3, STM32G411R6T6, STM32G411R8T3, STM32G411R8T6, STM32G411RBT3, STM32G411RBT6, STM32G414CBT3, STM32G414CBT6, STM32G414CBU3, STM32G414CBU6, STM32G414CCT3, STM32G414CCT6, STM32G414CCU3, STM32G414CCU6, STM32G414MBT3, STM32G414MBT6, STM32G414MCT3, STM32G414MCT6, STM32G414RBT3, STM32G414RBT6, STM32G414RCT3, STM32G414RCT6, STM32G414VBT3, STM32G414VBT6, STM32G414VCT3, STM32G414VCT6, STM32G431CBT3Z, STM32G431RBT3Z, STM32G471CCT6, STM32G471CCU6, STM32G471CET3, STM32G471CET6, STM32G471CEU3, STM32G471CEU6, STM32G471MCT6, STM32G471MET3, STM32G471MET6, STM32G471MEY6TR, STM32G471QCT6, STM32G471QET3, STM32G471RCT6, STM32G471RET3, STM32G471RET6, STM32G471VCH6, STM32G471VCI6, STM32G471VCT6, STM32G471VEH3, STM32G471VEH6, STM32G471VEI3, STM32G471VEI6, STM32G471VET3, STM32G471VET6, STM32G473QET3Z, STM32G473RET3Z, STM32G474CCT6, STM32G491RET3Z, STM32H503CBT6, STM32H503CBU6, STM32H503EBY6TR, STM32H503KBU6, STM32H503RBT6, STM32H523CCT6, STM32H523CCU6, STM32H523CET6, STM32H523CEU6, STM32H523HEY6TR, STM32H523RCT6, STM32H523RET6, STM32H523VCI6, STM32H523VCT6, STM32H523VEI6, STM32H523VET6, STM32H523ZCJ6, STM32H523ZCT6, STM32H523ZEJ6, STM32H523ZET6, STM32H533CET6, STM32H533CEU6, STM32H533HEY6TR, STM32H533RET6, STM32H533VEI6, STM32H533VET6, STM32H533ZEJ6, STM32H533ZET6, STM32H562AGI6, STM32H562AII6, STM32H562IGK6, STM32H562IGT6, STM32H562IIK6, STM32H562IIT6, STM32H562RGT6, STM32H562RGV6, STM32H562RIT6, STM32H562RIV6, STM32H562VGT6, STM32H562VIT6, STM32H562ZGT6, STM32H562ZIT6, STM32H563AGI6, STM32H563AII3Q, STM32H563AII6, STM32H563IGK6, STM32H563IGT6, STM32H563IIK3Q, STM32H563IIK6, STM32H563IIT3Q, STM32H563IIT6, STM32H563MIY3QTR, STM32H563RGT6, STM32H563RGV6, STM32H563RIT6, STM32H563RIV6, STM32H563VGT6, STM32H563VIT3Q, STM32H563VIT6, STM32H563ZGT6, STM32H563ZIT3Q, STM32H563ZIT6, STM32H573AII3Q, STM32H573AII6, STM32H573I-DK, STM32H573IIK3Q, STM32H573IIK6, STM32H573IIT3Q, STM32H573IIT6, STM32H573MIY3QTR, STM32H573RIT6, STM32H573RIV6, STM32H573VIT3Q, STM32H573VIT6, STM32H573ZIT3Q, STM32H573ZIT6, STM32H7R3A8I6, STM32H7R3I8K6, STM32H7R3I8T6, STM32H7R3L8H6, STM32H7R3L8H6H, STM32H7R3R8V6, STM32H7R3V8H6, STM32H7R3V8T6, STM32H7R3V8Y6TR, STM32H7R3Z8J6, STM32H7R3Z8T6, STM32H7R7A8I6, STM32H7R7I8K6, STM32H7R7I8T6, STM32H7R7L8H6, STM32H7R7L8H6H, STM32H7R7Z8J6, STM32H7S3A8I6, STM32H7S3I8K6, STM32H7S3I8T6, STM32H7S3L8H6, STM32H7S3L8H6H, STM32H7S3R8V6, STM32H7S3V8H6, STM32H7S3V8T6, STM32H7S3V8Y6TR, STM32H7S3Z8J6, STM32H7S3Z8T6, STM32H7S78-DK, STM32H7S7A8I6, STM32H7S7I8K6, STM32H7S7I8T6, STM32H7S7L8H6, STM32H7S7L8H6H, STM32H7S7Z8J6, STM32L4R5QGI6STR, STM32MP131AAE3, STM32MP131AAF3, STM32MP131AAG3, STM32MP131CAE3, STM32MP131CAF3, STM32MP131CAG3, STM32MP131DAE7, STM32MP131DAF7, STM32MP131DAG7, STM32MP131FAE7, STM32MP131FAF7, STM32MP131FAG7, STM32MP133AAE3, STM32MP133AAF3, STM32MP133AAG3, STM32MP133CAE3, STM32MP133CAF3, STM32MP133CAG3, STM32MP133DAE7, STM32MP133DAF7, STM32MP133DAG7, STM32MP133FAE7, STM32MP133FAF7, STM32MP133FAG7, STM32MP135AAE3, STM32MP135AAF3, STM32MP135AAG3, STM32MP135CAE3, STM32MP135CAF3, STM32MP135CAG3, STM32MP135DAE7, STM32MP135DAF7, STM32MP135DAG7, STM32MP135F-DK, STM32MP135FAE7, STM32MP135FAF7, STM32MP135FAF7T, STM32MP135FAF7U, STM32MP135FAG7, STM32MP211AAL3, STM32MP211AAM3, STM32MP211AAN3, STM32MP211AAO3, STM32MP211CAL3, STM32MP211CAM3, STM32MP211CAN3, STM32MP211CAO3, STM32MP211DAL3, STM32MP211DAM3, STM32MP211DAN3, STM32MP211DAO3, STM32MP211FAL3, STM32MP211FAM3, STM32MP211FAN3, STM32MP211FAO3, STM32MP213AAL3, STM32MP213AAM3, STM32MP213AAN3, STM32MP213AAO3, STM32MP213CAL3, STM32MP213CAM3, STM32MP213CAN3, STM32MP213CAO3, STM32MP213DAL3, STM32MP213DAM3, STM32MP213DAN3, STM32MP213DAO3, STM32MP213FAL3, STM32MP213FAM3, STM32MP213FAN3, STM32MP213FAO3, STM32MP215AAL3, STM32MP215AAM3, STM32MP215AAN3, STM32MP215AAO3, STM32MP215CAL3, STM32MP215CAM3, STM32MP215CAN3, STM32MP215CAO3, STM32MP215DAL3, STM32MP215DAM3, STM32MP215DAN3, STM32MP215DAO3, STM32MP215F-DK, STM32MP215FAL3, STM32MP215FAM3, STM32MP215FAN3, STM32MP215FAO3, STM32MP231AAJ3, STM32MP231AAK3, STM32MP231AAL3, STM32MP231CAJ3, STM32MP231CAK3, STM32MP231CAL3, STM32MP231DAJ3, STM32MP231DAK3, STM32MP231DAL3, STM32MP231FAJ3, STM32MP231FAK3, STM32MP231FAL3, STM32MP233AAJ3, STM32MP233AAK3, STM32MP233AAL3, STM32MP233CAJ3, STM32MP233CAK3, STM32MP233CAL3, STM32MP233DAJ3, STM32MP233DAK3, STM32MP233DAL3, STM32MP233FAJ3, STM32MP233FAK3, STM32MP233FAL3, STM32MP235AAJ3, STM32MP235AAK3, STM32MP235AAL3, STM32MP235CAJ3, STM32MP235CAK3, STM32MP235CAL3, STM32MP235DAJ3, STM32MP235DAK3, STM32MP235DAL3, STM32MP235FAJ3, STM32MP235FAK3, STM32MP235FAL3, STM32MP251AAI3, STM32MP251AAK3, STM32MP251AAL3, STM32MP251CAI3, STM32MP251CAK3, STM32MP251CAL3, STM32MP251DAI3, STM32MP251DAK3, STM32MP251DAL3, STM32MP251FAI3, STM32MP251FAK3, STM32MP251FAL3, STM32MP253AAI3, STM32MP253AAK3, STM32MP253AAL3, STM32MP253CAI3, STM32MP253CAK3, STM32MP253CAL3, STM32MP253DAI3, STM32MP253DAK3, STM32MP253DAL3, STM32MP253FAI3, STM32MP253FAK3, STM32MP253FAL3, STM32MP255AAI3, STM32MP255AAK3, STM32MP255AAL3, STM32MP255CAI3, STM32MP255CAK3, STM32MP255CAL3, STM32MP255DAI3, STM32MP255DAK3, STM32MP255DAL3, STM32MP255FAI3, STM32MP255FAK3, STM32MP255FAL3, STM32MP257AAI3, STM32MP257AAK3, STM32MP257AAL3, STM32MP257CAI3, STM32MP257CAK3, STM32MP257CAL3, STM32MP257DAI3, STM32MP257DAK3, STM32MP257DAL3, STM32MP257F-DK, STM32MP257F-EV1, STM32MP257FAI3, STM32MP257FAK3, STM32MP257FAL3, STM32N645A0H3Q, STM32N645B0H3Q, STM32N645I0H3Q, STM32N645L0H3Q, STM32N645X0H3Q, STM32N645Z0H3Q, STM32N647A0H3Q, STM32N647B0H3Q, STM32N647I0H3Q, STM32N647L0H3Q, STM32N647X0H3Q, STM32N647Z0H3Q, STM32N655A0H3Q, STM32N655B0H3Q, STM32N655I0H3Q, STM32N655L0H3Q, STM32N655X0H3Q, STM32N655Z0H3Q, STM32N6570-DK, STM32N657A0H3Q, STM32N657B0H3Q, STM32N657I0H3Q, STM32N657L0H3Q, STM32N657X0H3Q, STM32N657Z0H3Q, STM32U031C6T6, STM32U031C6U6, STM32U031C8T6, STM32U031C8U6, STM32U031F4P6, STM32U031F6P6, STM32U031F8P6, STM32U031G6Y6TR, STM32U031G8Y6TR, STM32U031K4U6, STM32U031K6U6, STM32U031K8U6, STM32U031R6I6, STM32U031R6T6, STM32U031R8I6, STM32U031R8T6, STM32U073C8T6, STM32U073C8U6, STM32U073CBT6, STM32U073CBU6, STM32U073CCT6, STM32U073CCU6, STM32U073H8Y6TR, STM32U073HBY6TR, STM32U073HCY6TR, STM32U073K8U6, STM32U073KBU6, STM32U073KCU6, STM32U073M8I6, STM32U073M8T6, STM32U073MBI6, STM32U073MBT6, STM32U073MCI6, STM32U073MCT6, STM32U073R8I6, STM32U073R8T6, STM32U073RBI6, STM32U073RBT6, STM32U073RCI6, STM32U073RCT6, STM32U083C-DK, STM32U083CCT6, STM32U083CCU6, STM32U083HCY6TR, STM32U083KCU6, STM32U083MCI6, STM32U083MCT6, STM32U083RCI6, STM32U083RCT6, STM32U375CET6, STM32U375CET6Q, STM32U375CEU6, STM32U375CEU6Q, STM32U375CEY6QTR, STM32U375CGT6, STM32U375CGT6Q, STM32U375CGU6, STM32U375CGU6Q, STM32U375CGY6QTR, STM32U375KEU6, STM32U375KGU6, STM32U375REI6, STM32U375REI6Q, STM32U375RET6, STM32U375RET6Q, STM32U375REY6GTR, STM32U375REY6QTR, STM32U375RGI6, STM32U375RGI6Q, STM32U375RGT6, STM32U375RGT6Q, STM32U375RGY6GTR, STM32U375RGY6QTR, STM32U375VEI6, STM32U375VEI6Q, STM32U375VET6, STM32U375VET6Q, STM32U375VGI6, STM32U375VGI6Q, STM32U375VGT6, STM32U375VGT6Q, STM32U385CGT6, STM32U385CGT6Q, STM32U385CGU6, STM32U385CGU6Q, STM32U385CGY6QTR, STM32U385KGU6, STM32U385RGI6, STM32U385RGI6Q, STM32U385RGT6, STM32U385RGT6Q, STM32U385RGY6GTR, STM32U385RGY6QTR, STM32U385VGI6, STM32U385VGI6Q, STM32U385VGT6, STM32U385VGT6Q, STM32U535CBT6, STM32U535CBT6Q, STM32U535CBU6, STM32U535CBU6Q, STM32U535CCT6, STM32U535CCT6Q, STM32U535CCU6, STM32U535CCU6Q, STM32U535CET6, STM32U535CET6Q, STM32U535CEU6, STM32U535CEU6Q, STM32U535JEY6QTR, STM32U535NCY6QTR, STM32U535NEY6QTR, STM32U535RBI6, STM32U535RBI6Q, STM32U535RBT6, STM32U535RBT6Q, STM32U535RCI6, STM32U535RCI6Q, STM32U535RCT6, STM32U535RCT6Q, STM32U535REI6, STM32U535REI6Q, STM32U535RET6, STM32U535RET6Q, STM32U535VCI6, STM32U535VCI6Q, STM32U535VCT6, STM32U535VCT6Q, STM32U535VEI6, STM32U535VEI6Q, STM32U535VET6, STM32U535VET6Q, STM32U545CET6, STM32U545CET6Q, STM32U545CEU6, STM32U545CEU6Q, STM32U545JEY6QTR, STM32U545NEY6QTR, STM32U545REI6, STM32U545REI6Q, STM32U545RET6, STM32U545RET6Q, STM32U545VEI6, STM32U545VEI6Q, STM32U545VET6, STM32U545VET6Q, STM32U595AIH6, STM32U595AIH6Q, STM32U595AJH6, STM32U595AJH6Q, STM32U595QII6, STM32U595QII6Q, STM32U595QJI6, STM32U595QJI6Q, STM32U595RIT6, STM32U595RIT6Q, STM32U595RJT6, STM32U595RJT6Q, STM32U595VIT6, STM32U595VIT6Q, STM32U595VJT6, STM32U595VJT6Q, STM32U595ZIT6, STM32U595ZIT6Q, STM32U595ZIY6QTR, STM32U595ZJT6, STM32U595ZJT6Q, STM32U595ZJY6QTR, STM32U599BJY6QTR, STM32U599NIH6Q, STM32U599NJH6Q, STM32U599VIT6Q, STM32U599VJT6, STM32U599VJT6Q, STM32U599ZIT6Q, STM32U599ZIY6QTR, STM32U599ZJT6Q, STM32U599ZJY6QTR, STM32U5A5AJH6, STM32U5A5AJH6Q, STM32U5A5QII3Q , STM32U5A5QJI6, STM32U5A5QJI6Q, STM32U5A5RJT6, STM32U5A5RJT6Q, STM32U5A5VJT6, STM32U5A5VJT6Q, STM32U5A5ZJT6, STM32U5A5ZJT6Q, STM32U5A5ZJY6QTR, STM32U5A9BJY6QTR, STM32U5A9J-DK, STM32U5A9NJH6Q, STM32U5A9VJT6Q, STM32U5A9ZJT6Q, STM32U5A9ZJY6QTR, STM32U5F7VIT6, STM32U5F7VIT6Q, STM32U5F7VJT6, STM32U5F7VJT6Q, STM32U5F9BJY6QTR, STM32U5F9NJH6Q, STM32U5F9VIT6Q, STM32U5F9VJT6Q, STM32U5F9ZIJ6QTR, STM32U5F9ZIT6Q, STM32U5F9ZJJ6QTR, STM32U5F9ZJT6Q, STM32U5G7VJT6, STM32U5G7VJT6Q, STM32U5G9BJY6QTR, STM32U5G9J-DK1, STM32U5G9J-DK2, STM32U5G9NJH6Q, STM32U5G9VJT6Q, STM32U5G9ZJJ6QTR, STM32U5G9ZJT6Q, STM32WB05KZV6TR, STM32WB05KZV7TR, STM32WB05TZF6TR, STM32WB05TZF7TR, STM32WB06CCF6TR, STM32WB06CCF7TR, STM32WB06CCV6TR, STM32WB06CCV7TR, STM32WB06KCV6TR, STM32WB06KCV7TR, STM32WB07CCF6TR, STM32WB07CCF7TR, STM32WB07CCV6TR, STM32WB07CCV7TR, STM32WB07KCV6TR, STM32WB07KCV7TR, STM32WB09KEV6TR, STM32WB09KEV7TR, STM32WB09TEF6TR, STM32WB09TEF7TR, STM32WB1MMCH6, STM32WBA50KGU6, STM32WBA50KGU6TR, STM32WBA52CEU6, STM32WBA52CEU6TR, STM32WBA52CEU7, STM32WBA52CEU7TR, STM32WBA52CGU6, STM32WBA52CGU6TR, STM32WBA52CGU6U, STM32WBA52CGU7, STM32WBA52CGU7TR, STM32WBA52KEU6, STM32WBA52KEU6TR, STM32WBA52KGU6, STM32WBA52KGU6TR, STM32WBA54CEU6, STM32WBA54CEU6TR, STM32WBA54CEU7, STM32WBA54CEU7TR, STM32WBA54CGU6, STM32WBA54CGU6TR, STM32WBA54CGU7, STM32WBA54CGU7TR, STM32WBA54KEU6, STM32WBA54KEU6TR, STM32WBA54KEU7, STM32WBA54KEU7TR, STM32WBA54KGU6, STM32WBA54KGU6TR, STM32WBA54KGU7, STM32WBA54KGU7TR, STM32WBA55CEU6, STM32WBA55CEU6TR, STM32WBA55CEU7, STM32WBA55CEU7TR, STM32WBA55CGU6, STM32WBA55CGU6TR, STM32WBA55CGU6U, STM32WBA55CGU7, STM32WBA55CGU7TR, STM32WBA55G-DK1, STM32WBA55HEF6, STM32WBA55HEF7, STM32WBA55HGF6, STM32WBA55HGF7, STM32WBA55UEI6, STM32WBA55UEI6TR, STM32WBA55UEI7, STM32WBA55UEI7TR, STM32WBA55UGI6, STM32WBA55UGI6TR, STM32WBA55UGI7, STM32WBA55UGI7TR, STM32WBA5MMGH6TR, STM32WBA62MGF6, STM32WBA62MIF6, STM32WBA65MGF7, STM32WBA65MIF6, STM32WBA65MIF7, STM32WL30K8V6, STM32WL30KBV6, STM32WL31C8V6, STM32WL31CBV6, STM32WL31K8V6, STM32WL31KBV6, STM32WL33C8V6, STM32WL33C8V6X, STM32WL33CBV6, STM32WL33CBV6X, STM32WL33CCV6, STM32WL33CCV6A, STM32WL33CCV6X, STM32WL33K8V7, STM32WL33K8V7X, STM32WL33KBV7 , STM32WL33KBV7X, STM32WL33KCV7, STM32WL33KCV7X, STM32WL5MOCH6, STM32WL5MOCH6TR]
2026-02-24 20:06:05,924 [INFO] BoardInfo:889 - No configuration file found for board P-NUCLEO-WB55
2026-02-24 20:06:05,925 [INFO] DbBoards:161 - Kit is not supported: P-NUCLEO-WB55
2026-02-24 20:06:05,936 [INFO] BoardInfo:889 - No configuration file found for board STEVAL-BFA001V1B
2026-02-24 20:06:05,938 [INFO] DbBoards:161 - Kit is not supported: STEVAL-BFA001V1B
2026-02-24 20:06:05,940 [INFO] BoardInfo:889 - No configuration file found for board STEVAL-BFA001V2B
2026-02-24 20:06:05,942 [INFO] DbBoards:161 - Kit is not supported: STEVAL-BFA001V2B
2026-02-24 20:06:06,251 [INFO] DbBoards:168 - Found 212 boards, 209 are supported
2026-02-24 20:06:06,251 [INFO] DbBoards:169 - Found 212 boards, 43 of them is supported for  Bsp
2026-02-24 20:06:06,254 [INFO] ApiDb:423 - Load user favorites file C:\Users\Ovi/.stm32cubeide/favorites.boards.txt: 0 item(s)
2026-02-24 20:06:06,254 [INFO] ApiDb:427 - User favorites Boards=[]
2026-02-24 20:06:06,254 [INFO] DbBoards:198 - Set 0 / 0 favorites Boards
2026-02-24 20:06:06,363 [INFO] ServerAccessManage:452 - Complete download http(s) 200
2026-02-24 20:06:06,364 [INFO] ServerAccessManage:509 - Download File 
2026-02-24 20:06:06,373 [INFO] LoadUrlFilesThread:185 - End of LoadServerUrlFiles without Thread
2026-02-24 20:06:06,373 [INFO] TargetSelectorAdapter:259 - Refresh data is successful
2026-02-24 20:06:06,377 [INFO] ApiDb:668 - CubeFinder database Data Model version=2.1
2026-02-24 20:06:06,377 [INFO] ApiDb:669 - CubeFinder database Configuration version=3.0.42
2026-02-24 20:06:06,378 [INFO] ApiDb:670 - CubeFinder database generation date=2026-02-13 (1770995876)
2026-02-24 20:06:06,378 [INFO] ApiDb:671 - CubeFinder database FW Pack versions=[FP-ATR-ASTRA1_V2.0.0, FP-SNS-FLIGHT1_V5.1.0, FP-SNS-MOTENV1_V5.1.0, FP-SNS-MOTENVWB1_V1.4.0, FP-SNS-SMARTAG2_V1.2.0, FP-SNS-STBOX1_V2.1.0, STM32Cube_FW_C0_V1.4.0, STM32Cube_FW_F4_V1.28.3, STM32Cube_FW_F7_V1.17.4, STM32Cube_FW_G0_V1.6.2, STM32Cube_FW_G4_V1.6.1, STM32Cube_FW_H5_V1.6.0, STM32Cube_FW_H7RS_V1.3.0, STM32Cube_FW_H7_V1.13.0, STM32Cube_FW_L0_V1.12.2, STM32Cube_FW_L4_V1.18.2, STM32Cube_FW_L5_V1.6.0, STM32Cube_FW_N6_V1.3.0, STM32Cube_FW_U0_V1.3.0, STM32Cube_FW_U3_V1.3.0, STM32Cube_FW_U5_V1.8.0, STM32Cube_FW_WB0_V1.4.0, STM32Cube_FW_WBA_V1.9.0, STM32Cube_FW_WB_V1.24.0, STM32Cube_FW_WL3_V1.4.0, STM32Cube_FW_WL_V1.5.0, X-CUBE-ALGOBUILD_V1.4.0, X-CUBE-ALS_V1.0.2, X-CUBE-AZRTOS-F4_V1.1.0, X-CUBE-AZRTOS-F7_V1.1.0, X-CUBE-AZRTOS-G0_V1.1.0, X-CUBE-AZRTOS-G4_V2.0.0, X-CUBE-AZRTOS-H7RS_V1.1.0, X-CUBE-AZRTOS-H7_V3.4.0, X-CUBE-AZRTOS-L4_V2.0.0, X-CUBE-AZRTOS-L5_V2.0.0, X-CUBE-AZRTOS-WB_V2.0.0, X-CUBE-AZRTOS-WL_V2.0.0, X-CUBE-BLE1_V7.1.0, X-CUBE-BLE2_V3.3.0, X-CUBE-BLEMGR_V4.1.0, X-CUBE-EEPRMA1_V5.2.0, X-CUBE-FREERTOS_V1.3.1, X-CUBE-GNSS1_V6.0.0, X-CUBE-MEMS1_V12.0.0, X-CUBE-NFC4_V3.0.0, X-CUBE-NFC7_V2.0.0, X-CUBE-SFXS2LP1_V4.0.0, X-CUBE-ST67W61_V1.1.0, X-CUBE-SUBG2_V5.0.0, X-CUBE-TOF1_V3.4.3]
2026-02-24 20:06:07,140 [ERROR] DbExamplesSqlite:437 - Missing JSON key: board_cpn
2026-02-24 20:06:07,140 [ERROR] DbExamplesSqlite:437 - Missing JSON key: board_cpn
2026-02-24 20:06:07,141 [ERROR] DbExamplesSqlite:437 - Missing JSON key: board_cpn
2026-02-24 20:06:07,141 [ERROR] DbExamplesSqlite:437 - Missing JSON key: board_cpn
2026-02-24 20:06:07,602 [ERROR] DbExamplesSqlite:437 - Missing JSON key: board_cpn
2026-02-24 20:06:07,602 [ERROR] DbExamplesSqlite:437 - Missing JSON key: board_cpn
2026-02-24 20:06:07,664 [INFO] DbExamplesSqlite:395 - Ignored 41 examples not supported by CubeIDE
2026-02-24 20:06:07,665 [INFO] DbExamplesSqlite:396 - Found 11202 examples active
2026-02-24 20:06:07,665 [INFO] DbExamplesSqlite:397 - Found 0 examples obsolete
2026-02-24 20:06:07,665 [INFO] DbExamplesSqlite:398 - Found 0 examples under development
2026-02-24 20:06:07,666 [INFO] DbExamplesSqlite:399 - Found 76 examples not building
2026-02-24 20:06:07,669 [INFO] DbExamples:125 - Found 11237 examples
2026-02-24 20:06:07,828 [ERROR] DbExamples:208 - Found 712 examples with invalid data (board or MCU)
2026-02-24 20:06:07,829 [INFO] DbExamples:222 - Found 134 boards with related examples
2026-02-24 20:06:07,830 [INFO] DbExamples:235 - Found 112 MCUs with related examples
2026-02-24 20:06:07,859 [INFO] ApiDb:414 - User favorites file not found: C:\Users\Ovi/.stm32cubeide/favorites.examples.txt
2026-02-24 20:06:07,860 [INFO] DbExamples:250 - Set 0 / 0 favorites Examples
2026-02-24 20:06:09,169 [INFO] McuFinderGlobals:76 - Set McuFinderConnectedMode to true
2026-02-24 20:06:09,182 [INFO] MultiScanPanel:200 - Auto-refresh data requested => check proxy status ongoing
2026-02-24 20:06:09,188 [INFO] FinderPluginLoader:96 - Searching for filters in installed packs
2026-02-24 20:06:10,939 [INFO] LoadUrlFilesThread:185 - End of LoadServerUrlFiles without Thread
2026-02-24 20:06:10,975 [INFO] DetailPanel:341 - Set advertising image to C:/Users/Ovi/STM32Cube/Repository/\en.prom-stm32cubeaistudio-0226.png
2026-02-24 20:09:28,172 [INFO] MainUpdater:2872 - connection check result : 10
2026-02-24 20:09:28,172 [INFO] MainUpdater:2872 - connection check result : 10
2026-02-24 20:09:28,338 [INFO] MicroXplorer:468 - Change Database Path : 
2026-02-24 20:09:28,339 [INFO] MicroXplorer:498 - Change Database Version : DB.6.0.150
2026-02-24 20:09:28,392 [ERROR] ProjectManagerView:395 - 
java.lang.NullPointerException: Cannot invoke "javax.swing.JTextField.getText()" because the return value of "java.util.List.get(int)" is null
	at com.st.microxplorer.plugins.projectmanager.gui.ProjectChoiceTab$9.caretUpdate(ProjectChoiceTab.java:2706) ~[filemanager.jar:?]
	at javax.swing.text.JTextComponent.fireCaretUpdate(JTextComponent.java:408) ~[?:?]
	at javax.swing.text.JTextComponent$MutableCaretEvent.fire(JTextComponent.java:4484) ~[?:?]
	at javax.swing.text.JTextComponent$MutableCaretEvent.stateChanged(JTextComponent.java:4506) ~[?:?]
	at javax.swing.text.DefaultCaret.fireStateChanged(DefaultCaret.java:857) ~[?:?]
	at javax.swing.text.DefaultCaret.changeCaretPosition(DefaultCaret.java:1343) ~[?:?]
	at javax.swing.text.DefaultCaret.handleSetDot(DefaultCaret.java:1242) ~[?:?]
	at javax.swing.text.DefaultCaret.setDot(DefaultCaret.java:1223) ~[?:?]
	at javax.swing.text.DefaultCaret$Handler.insertUpdate(DefaultCaret.java:1819) ~[?:?]
	at javax.swing.text.AbstractDocument.fireInsertUpdate(AbstractDocument.java:227) ~[?:?]
	at javax.swing.text.AbstractDocument.handleInsertString(AbstractDocument.java:781) ~[?:?]
	at javax.swing.text.AbstractDocument.insertString(AbstractDocument.java:740) ~[?:?]
	at javax.swing.text.PlainDocument.insertString(PlainDocument.java:131) ~[?:?]
	at javax.swing.text.AbstractDocument.replace(AbstractDocument.java:699) ~[?:?]
	at javax.swing.text.JTextComponent.setText(JTextComponent.java:1725) ~[?:?]
	at com.st.microxplorer.plugins.projectmanager.gui.ProjectChoiceTab.createHeapStackFields(ProjectChoiceTab.java:993) ~[filemanager.jar:?]
	at com.st.microxplorer.plugins.projectmanager.gui.ProjectChoiceTab.buildLinkSettingsPanel(ProjectChoiceTab.java:3813) ~[filemanager.jar:?]
	at com.st.microxplorer.plugins.projectmanager.gui.ProjectChoiceTab.defineWindowsFields(ProjectChoiceTab.java:1987) ~[filemanager.jar:?]
	at com.st.microxplorer.plugins.projectmanager.gui.ProjectChoiceTab.updateSettings(ProjectChoiceTab.java:558) ~[filemanager.jar:?]
	at com.st.microxplorer.plugins.projectmanager.gui.ProjectSettingsPanel.UpdateDialog(ProjectSettingsPanel.java:247) ~[filemanager.jar:?]
	at com.st.microxplorer.plugins.projectmanager.ProjectManagerView.propertyChange(ProjectManagerView.java:392) ~[filemanager.jar:?]
	at java.beans.PropertyChangeSupport.fire(PropertyChangeSupport.java:343) ~[?:?]
	at java.beans.PropertyChangeSupport.firePropertyChange(PropertyChangeSupport.java:335) ~[?:?]
	at java.beans.PropertyChangeSupport.firePropertyChange(PropertyChangeSupport.java:268) ~[?:?]
	at com.st.microxplorer.util.MXPropertyChangeSupport.firePropertyChange(MXPropertyChangeSupport.java:54) ~[STM32CubeMX.jar:?]
	at com.st.microxplorer.mxsystem.MxSystem.closeConfig(MxSystem.java:899) ~[STM32CubeMX.jar:?]
	at com.st.microxplorer.maingui.MainPanel.closeConfig(MainPanel.java:792) ~[STM32CubeMX.jar:?]
	at com.st.microxplorer.plugins.filemanager.engine.OpenFileManager.loadConfigurationFile(OpenFileManager.java:288) ~[filemanager.jar:?]
	at com.st.microxplorer.plugins.filemanager.engine.MainFileManager.userLoadConfig(MainFileManager.java:364) ~[filemanager.jar:?]
	at com.st.microxplorer.plugins.filemanager.engine.MainFileManager.userLoadConfig(MainFileManager.java:342) ~[filemanager.jar:?]
	at com.st.microxplorer.plugins.filemanager.FileManagerView.getSpecificTask(FileManagerView.java:264) ~[filemanager.jar:?]
	at com.st.stm32cube.common.mx.editor.CubeMxEditor.getMxTabbedPaneInstance(CubeMxEditor.java:1198) ~[com.st.stm32cube.common.mx_6.15.0.202507011659/:?]
	at com.st.stm32cube.common.mx.editor.CubeMxEditor$12$1.createSwingComponent(CubeMxEditor.java:1068) ~[com.st.stm32cube.common.mx_6.15.0.202507011659/:?]
	at com.st.stm32cube.common.mx.oss.core.awtswtbridge.EmbeddedSwingComposite.doComponentCreation(EmbeddedSwingComposite.java:492) ~[com.st.stm32cube.common.mx.oss_6.15.0.202507011659/:?]
	at com.st.stm32cube.common.mx.oss.core.awtswtbridge.EmbeddedSwingComposite$4.run(EmbeddedSwingComposite.java:291) ~[com.st.stm32cube.common.mx.oss_6.15.0.202507011659/:?]
	at com.st.stm32cube.common.mx.oss.core.awtswtbridge.AwtEnvironment$2.run(AwtEnvironment.java:166) ~[com.st.stm32cube.common.mx.oss_6.15.0.202507011659/:?]
	at java.awt.event.InvocationEvent.dispatch(InvocationEvent.java:318) ~[?:?]
	at java.awt.EventQueue.dispatchEventImpl(EventQueue.java:773) ~[?:?]
	at java.awt.EventQueue$4.run(EventQueue.java:720) ~[?:?]
	at java.awt.EventQueue$4.run(EventQueue.java:714) ~[?:?]
	at java.security.AccessController.doPrivileged(AccessController.java:400) ~[?:?]
	at java.security.ProtectionDomain$JavaSecurityAccessImpl.doIntersectionPrivilege(ProtectionDomain.java:87) ~[?:?]
	at java.awt.EventQueue.dispatchEvent(EventQueue.java:742) ~[?:?]
	at java.awt.EventDispatchThread.pumpOneEventForFilters(EventDispatchThread.java:203) ~[?:?]
	at java.awt.EventDispatchThread.pumpEventsForFilter(EventDispatchThread.java:124) ~[?:?]
	at java.awt.EventDispatchThread.pumpEventsForHierarchy(EventDispatchThread.java:113) ~[?:?]
	at java.awt.EventDispatchThread.pumpEvents(EventDispatchThread.java:109) ~[?:?]
	at java.awt.EventDispatchThread.pumpEvents(EventDispatchThread.java:101) ~[?:?]
	at java.awt.EventDispatchThread.run(EventDispatchThread.java:90) ~[?:?]
2026-02-24 20:09:28,412 [WARN] ThirdParty:871 - waiting for thirdparty lock release [close project]
2026-02-24 20:09:28,412 [INFO] ThirdParty:873 - entering critical section [close project]
2026-02-24 20:09:28,412 [INFO] ThirdParty:883 - exiting critical section [close project]
2026-02-24 20:09:28,415 [INFO] PinOutPanel:1589 - setPackage(No Configuration,No Configuration)
2026-02-24 20:09:28,431 [INFO] UtilMem:75 - Begin LoadConfig() Used Memory: 988959896 Bytes (1073741824)
2026-02-24 20:09:28,432 [INFO] MicroXplorer:468 - Change Database Path : 
2026-02-24 20:09:28,432 [INFO] MicroXplorer:498 - Change Database Version : DB.6.0.150
2026-02-24 20:09:28,432 [INFO] OpenFileManager:355 - Change cursor
2026-02-24 20:09:28,500 [INFO] RulesReader:64 - Compatibility file has been processed (317 Rules)
2026-02-24 20:09:28,726 [INFO] Mcu:2029 - Initializing MCU STM32F103C8Tx STM32F103C8Tx STM32F103C8T6
2026-02-24 20:09:29,916 [INFO] Context:786 - Trying to add GPIOservice into a context  which must be forbidden
2026-02-24 20:09:30,269 [INFO] ImportTextPane:234 - (OptionalMessage_ERROR) Unable to find key (Mcu.ThirdPartyNb) in loaded IOC file
2026-02-24 20:09:30,269 [INFO] ImportTextPane:234 - (OptionalMessage_ERROR) Unable to find key (Mcu.PinsNb) in loaded IOC file
2026-02-24 20:09:30,270 [INFO] ImportTextPane:234 - (OptionalMessage_ERROR) Pin0 (VP_RIF_VS_RIF1) cannot be retrieved for this MCU
2026-02-24 20:09:30,270 [INFO] ImportTextPane:234 - (OptionalMessage_ERROR) Unable to find key (Mcu.IPNb) in loaded IOC file
2026-02-24 20:09:30,459 [INFO] RtosManager:558 - Registered RTOS mode: class=CMSIS, group=RTOS, mode=CMSIS_V1, owner=FREERTOS
2026-02-24 20:09:30,459 [INFO] RtosManager:558 - Registered RTOS mode: class=CMSIS, group=RTOS2, mode=CMSIS_V2, owner=FREERTOS
2026-02-24 20:09:30,460 [INFO] RtosManager:558 - Registered RTOS mode: class=RTOS, group=Core, mode=CMSIS_V1, owner=FREERTOS
2026-02-24 20:09:30,460 [INFO] RtosManager:558 - Registered RTOS mode: class=RTOS, group=Core, mode=CMSIS_V2, owner=FREERTOS
2026-02-24 20:09:30,460 [WARN] ModelIntegratedComponent:184 - Missing modes for component STMicroelectronics:FreeRTOS:0.0.1:STMicroelectronics:RTOS:FreeRTOS:Core:::10.2.0:
2026-02-24 20:09:30,471 [WARN] ModelIntegratedComponent:63 - No mode defined for component null
2026-02-24 20:09:30,472 [WARN] ModelIntegratedComponent:63 - No mode defined for component null
2026-02-24 20:09:30,472 [WARN] ModelIntegratedComponent:63 - No mode defined for component null
2026-02-24 20:09:30,472 [WARN] ModelIntegratedComponent:63 - No mode defined for component null
2026-02-24 20:09:30,472 [WARN] ModelIntegratedComponent:63 - No mode defined for component null
2026-02-24 20:09:30,472 [WARN] ModelIntegratedComponent:63 - No mode defined for component null
2026-02-24 20:09:30,472 [WARN] ModelIntegratedComponent:63 - No mode defined for component null
2026-02-24 20:09:30,472 [WARN] ModelIntegratedComponent:63 - No mode defined for component null
2026-02-24 20:09:30,472 [WARN] ModelIntegratedComponent:63 - No mode defined for component null
2026-02-24 20:09:30,472 [WARN] ModelIntegratedComponent:63 - No mode defined for component null
2026-02-24 20:09:30,472 [WARN] ModelIntegratedComponent:63 - No mode defined for component null
2026-02-24 20:09:30,472 [WARN] ModelIntegratedComponent:63 - No mode defined for component null
2026-02-24 20:09:30,472 [WARN] ModelIntegratedComponent:63 - No mode defined for component null
2026-02-24 20:09:30,473 [WARN] ModelIntegratedComponent:63 - No mode defined for component null
2026-02-24 20:09:30,473 [WARN] ModelIntegratedComponent:63 - No mode defined for component null
2026-02-24 20:09:30,473 [WARN] ModelIntegratedComponent:63 - No mode defined for component null
2026-02-24 20:09:30,473 [WARN] ModelIntegratedComponent:63 - No mode defined for component null
2026-02-24 20:09:30,473 [WARN] ModelIntegratedComponent:63 - No mode defined for component null
2026-02-24 20:09:30,473 [WARN] ModelIntegratedComponent:63 - No mode defined for component null
2026-02-24 20:09:30,473 [WARN] ModelIntegratedComponent:63 - No mode defined for component null
2026-02-24 20:09:30,473 [WARN] ModelIntegratedComponent:63 - No mode defined for component null
2026-02-24 20:09:30,473 [WARN] ModelIntegratedComponent:63 - No mode defined for component null
2026-02-24 20:09:30,473 [WARN] ModelIntegratedComponent:63 - No mode defined for component null
2026-02-24 20:09:30,473 [WARN] ModelIntegratedComponent:63 - No mode defined for component null
2026-02-24 20:09:30,473 [WARN] ModelIntegratedComponent:63 - No mode defined for component null
2026-02-24 20:09:30,473 [WARN] ModelIntegratedComponent:63 - No mode defined for component null
2026-02-24 20:09:30,473 [WARN] ModelIntegratedComponent:63 - No mode defined for component null
2026-02-24 20:09:30,474 [WARN] ModelIntegratedComponent:63 - No mode defined for component null
2026-02-24 20:09:30,474 [WARN] ModelIntegratedComponent:63 - No mode defined for component null
2026-02-24 20:09:30,474 [WARN] ModelIntegratedComponent:63 - No mode defined for component null
2026-02-24 20:09:30,474 [WARN] ModelIntegratedComponent:63 - No mode defined for component null
2026-02-24 20:09:30,474 [WARN] ModelIntegratedComponent:63 - No mode defined for component null
2026-02-24 20:09:30,474 [WARN] ModelIntegratedComponent:63 - No mode defined for component null
2026-02-24 20:09:30,474 [WARN] ModelIntegratedComponent:63 - No mode defined for component null
2026-02-24 20:09:30,474 [WARN] ModelIntegratedComponent:63 - No mode defined for component null
2026-02-24 20:09:30,474 [WARN] ModelPack:524 - Component already loaded: STMicroelectronics:HAL Drivers:0.0.0:STMicroelectronics:Device:STMicro_Driver:XSPI:HAL::0.0.1:HAL_XSPI
2026-02-24 20:09:30,500 [INFO] ThirdPartyModel:298 - Start build external matchings
2026-02-24 20:09:31,117 [INFO] ThirdPartyModel:316 - End build external matchings
2026-02-24 20:09:31,331 [INFO] UtilMem:75 - End LoadConfig() Used Memory: 913887056 Bytes (1073741824)
2026-02-24 20:09:31,363 [WARN] ThirdParty:833 - waiting for thirdparty lock release [change project]
2026-02-24 20:09:31,363 [INFO] ThirdParty:835 - entering critical section [change project]
2026-02-24 20:09:31,364 [INFO] ThirdParty:1030 - CMSIS Pack Vendor :STMicroelectronics X-CUBE-PM33A1 1.0.0
2026-02-24 20:09:31,364 [INFO] ThirdParty:1030 - CMSIS Pack Vendor :STMicroelectronics USBPD 4.1
2026-02-24 20:09:31,364 [INFO] ThirdParty:1030 - CMSIS Pack Vendor :STMicroelectronics X-CUBE-NFC9 1.0.0
2026-02-24 20:09:31,364 [INFO] ThirdParty:1030 - CMSIS Pack Vendor :STMicroelectronics USB_HOST 2.0.0
2026-02-24 20:09:31,364 [INFO] ThirdParty:1030 - CMSIS Pack Vendor :STMicroelectronics FP-SNS-MOTENVWB1 1.4.0
2026-02-24 20:09:31,364 [INFO] ThirdParty:1030 - CMSIS Pack Vendor :STMicroelectronics X-CUBE-AZRTOS-F4 1.1.0
2026-02-24 20:09:31,364 [INFO] ThirdParty:1030 - CMSIS Pack Vendor :STMicroelectronics LIBJPEG 8.0.0
2026-02-24 20:09:31,364 [INFO] ThirdParty:1030 - CMSIS Pack Vendor :STMicroelectronics FP-ATR-ASTRA1 2.0.2
2026-02-24 20:09:31,364 [INFO] ThirdParty:1030 - CMSIS Pack Vendor :wolfSSL I-CUBE-wolfSSL 5.8.2
2026-02-24 20:09:31,364 [INFO] ThirdParty:1030 - CMSIS Pack Vendor :STMicroelectronics X-CUBE-BLE1 7.1.0
2026-02-24 20:09:31,364 [INFO] ThirdParty:1030 - CMSIS Pack Vendor :STMicroelectronics X-CUBE-SMBUS 2.1.0
2026-02-24 20:09:31,364 [INFO] ThirdParty:1030 - CMSIS Pack Vendor :wolfSSL I-CUBE-wolfMQTT 1.19.2
2026-02-24 20:09:31,364 [INFO] ThirdParty:1030 - CMSIS Pack Vendor :STMicroelectronics USB_DEVICE 3.0.0
2026-02-24 20:09:31,364 [INFO] ThirdParty:1030 - CMSIS Pack Vendor :STMicroelectronics X-CUBE-ISPU 2.1.0
2026-02-24 20:09:31,364 [INFO] ThirdParty:1030 - CMSIS Pack Vendor :STMicroelectronics X-CUBE-FREERTOS 1.4.0
2026-02-24 20:09:31,364 [INFO] ThirdParty:1030 - CMSIS Pack Vendor :STMicroelectronics X-CUBE-EEPRMA1 5.2.0
2026-02-24 20:09:31,364 [INFO] ThirdParty:1030 - CMSIS Pack Vendor :STMicroelectronics X-CUBE-IPS 3.2.0
2026-02-24 20:09:31,364 [INFO] ThirdParty:1030 - CMSIS Pack Vendor :STMicroelectronics X-CUBE-BLEMGR 4.1.0
2026-02-24 20:09:31,364 [INFO] ThirdParty:1030 - CMSIS Pack Vendor :STMicroelectronics X-CUBE-AZRTOS-WB 2.0.0
2026-02-24 20:09:31,364 [INFO] ThirdParty:1030 - CMSIS Pack Vendor :Cesanta I-CUBE-Mongoose 7.20.0
2026-02-24 20:09:31,364 [INFO] ThirdParty:1030 - CMSIS Pack Vendor :STMicroelectronics X-CUBE-NFC12 1.0.0
2026-02-24 20:09:31,364 [INFO] ThirdParty:1030 - CMSIS Pack Vendor :STMicroelectronics X-CUBE-AZRTOS-F7 1.1.0
2026-02-24 20:09:31,364 [INFO] ThirdParty:1030 - CMSIS Pack Vendor :STMicroelectronics X-CUBE-AZRTOS-L5 2.0.0
2026-02-24 20:09:31,364 [INFO] ThirdParty:1030 - CMSIS Pack Vendor :STMicroelectronics USB_DEVICE 2.0.0
2026-02-24 20:09:31,365 [INFO] ThirdParty:1030 - CMSIS Pack Vendor :STMicroelectronics X-CUBE-NFC6 3.1.0
2026-02-24 20:09:31,365 [INFO] ThirdParty:1030 - CMSIS Pack Vendor :STMicroelectronics X-CUBE-ST67W61 1.1.0
2026-02-24 20:09:31,365 [INFO] ThirdParty:1030 - CMSIS Pack Vendor :quantropi X-CUBE-qispace-sdk-base 2.1.0
2026-02-24 20:09:31,365 [INFO] ThirdParty:1030 - CMSIS Pack Vendor :STMicroelectronics X-CUBE-MEMS1 12.0.0
2026-02-24 20:09:31,365 [INFO] ThirdParty:1030 - CMSIS Pack Vendor :STMicroelectronics X-CUBE-STSE01 2.0.0
2026-02-24 20:09:31,365 [INFO] ThirdParty:1030 - CMSIS Pack Vendor :STMicroelectronics FP-SNS-MOTENV1 5.1.0
2026-02-24 20:09:31,365 [INFO] ThirdParty:1030 - CMSIS Pack Vendor :STMicroelectronics FreeRTOS 0.0.1
2026-02-24 20:09:31,365 [INFO] ThirdParty:1030 - CMSIS Pack Vendor :STMicroelectronics X-CUBE-AZRTOS-G0 1.1.0
2026-02-24 20:09:31,365 [INFO] ThirdParty:1030 - CMSIS Pack Vendor :STMicroelectronics X-CUBE-NFC4 3.0.0
2026-02-24 20:09:31,365 [INFO] ThirdParty:1030 - CMSIS Pack Vendor :STMicroelectronics X-CUBE-SUBG2 5.0.0
2026-02-24 20:09:31,365 [INFO] ThirdParty:1030 - CMSIS Pack Vendor :STMicroelectronics STM32_WPAN 1.0.0
2026-02-24 20:09:31,365 [INFO] ThirdParty:1030 - CMSIS Pack Vendor :EmbeddedOffice I-CUBE-FS-RTOS 1.0.1
2026-02-24 20:09:31,365 [INFO] ThirdParty:1030 - CMSIS Pack Vendor :STMicroelectronics lwIP 2.0.3
2026-02-24 20:09:31,365 [INFO] ThirdParty:1030 - CMSIS Pack Vendor :WES I-CUBE-Cesium 1.4.0
2026-02-24 20:09:31,365 [INFO] ThirdParty:1030 - CMSIS Pack Vendor :STMicroelectronics USB_HOST 1.0.0
2026-02-24 20:09:31,365 [INFO] ThirdParty:1030 - CMSIS Pack Vendor :STMicroelectronics X-CUBE-AZRTOS-G4 2.0.0
2026-02-24 20:09:31,365 [INFO] ThirdParty:1030 - CMSIS Pack Vendor :STMicroelectronics X-CUBE-WB05N 2.0.0
2026-02-24 20:09:31,365 [INFO] ThirdParty:1030 - CMSIS Pack Vendor :STMicroelectronics PDM2PCM 3.1.0
2026-02-24 20:09:31,365 [INFO] ThirdParty:1030 - CMSIS Pack Vendor :STMicroelectronics PDM2PCM 3.3.0
2026-02-24 20:09:31,365 [INFO] ThirdParty:1030 - CMSIS Pack Vendor :wolfSSL I-CUBE-wolfTPM 3.8.0
2026-02-24 20:09:31,365 [INFO] ThirdParty:1030 - CMSIS Pack Vendor :STMicroelectronics X-CUBE-AZRTOS-H7 3.4.0
2026-02-24 20:09:31,365 [INFO] ThirdParty:1030 - CMSIS Pack Vendor :STMicroelectronics X-CUBE-DISPLAY 3.0.0
2026-02-24 20:09:31,365 [INFO] ThirdParty:1030 - CMSIS Pack Vendor :wolfSSL I-CUBE-wolfSSH 1.4.20
2026-02-24 20:09:31,365 [INFO] ThirdParty:1030 - CMSIS Pack Vendor :STMicroelectronics X-CUBE-NFC7 2.0.0
2026-02-24 20:09:31,365 [INFO] ThirdParty:1030 - CMSIS Pack Vendor :STMicroelectronics FP-SNS-MOTENVWB1 1.5.0
2026-02-24 20:09:31,365 [INFO] ThirdParty:1030 - CMSIS Pack Vendor :STMicroelectronics X-CUBE-TCPP 4.2.0
2026-02-24 20:09:31,365 [INFO] ThirdParty:1030 - CMSIS Pack Vendor :RealThread X-CUBE-RT-Thread_Nano 4.1.1
2026-02-24 20:09:31,365 [INFO] ThirdParty:1030 - CMSIS Pack Vendor :STMicroelectronics FP-ATR-SIGFOX1 3.2.0
2026-02-24 20:09:31,365 [INFO] ThirdParty:1030 - CMSIS Pack Vendor :STMicroelectronics X-CUBE-NFC10 1.0.0
2026-02-24 20:09:31,365 [INFO] ThirdParty:1030 - CMSIS Pack Vendor :STMicroelectronics HAL Drivers 0.0.0
2026-02-24 20:09:31,365 [INFO] ThirdParty:1030 - CMSIS Pack Vendor :STMicroelectronics MBEDTLS 2.16.2
2026-02-24 20:09:31,365 [INFO] ThirdParty:1030 - CMSIS Pack Vendor :STMicroelectronics X-CUBE-ST60 1.1.0
2026-02-24 20:09:31,366 [INFO] ThirdParty:1030 - CMSIS Pack Vendor :STMicroelectronics X-CUBE-ALS 1.0.2
2026-02-24 20:09:31,366 [INFO] ThirdParty:1030 - CMSIS Pack Vendor :emotas I-CUBE-CANOPEN 1.3.0
2026-02-24 20:09:31,366 [INFO] ThirdParty:1030 - CMSIS Pack Vendor :STMicroelectronics MBEDTLS 2.14.1
2026-02-24 20:09:31,366 [INFO] ThirdParty:1030 - CMSIS Pack Vendor :STMicroelectronics X-CUBE-GNSS1 7.1.0
2026-02-24 20:09:31,366 [INFO] ThirdParty:1030 - CMSIS Pack Vendor :ITTIA_DB I-CUBE-ITTIADB 8.9.0
2026-02-24 20:09:31,366 [INFO] ThirdParty:1030 - CMSIS Pack Vendor :STMicroelectronics X-CUBE-TOUCHGFX 4.26.0
2026-02-24 20:09:31,366 [INFO] ThirdParty:1030 - CMSIS Pack Vendor :STMicroelectronics X-CUBE-STSE01 1.0.0
2026-02-24 20:09:31,366 [INFO] ThirdParty:1030 - CMSIS Pack Vendor :STMicroelectronics X-CUBE-NFC6 3.2.0
2026-02-24 20:09:31,366 [INFO] ThirdParty:1030 - CMSIS Pack Vendor :STMicroelectronics FP-SNS-STBOX1 2.1.0
2026-02-24 20:09:31,366 [INFO] ThirdParty:1030 - CMSIS Pack Vendor :STMicroelectronics X-CUBE-AI 10.2.0
2026-02-24 20:09:31,366 [INFO] ThirdParty:1030 - CMSIS Pack Vendor :STMicroelectronics FP-SNS-STAIOTCFT 1.0.0
2026-02-24 20:09:31,366 [INFO] ThirdParty:1030 - CMSIS Pack Vendor :STMicroelectronics ThreadX 1.0.0
2026-02-24 20:09:31,366 [INFO] ThirdParty:1030 - CMSIS Pack Vendor :STMicroelectronics FP-SNS-SMARTAG2 1.2.0
2026-02-24 20:09:31,366 [INFO] ThirdParty:1030 - CMSIS Pack Vendor :STMicroelectronics FP-SNS-FLIGHT1 5.1.0
2026-02-24 20:09:31,366 [INFO] ThirdParty:1030 - CMSIS Pack Vendor :STMicroelectronics X-CUBE-AZRTOS-WL 2.0.0
2026-02-24 20:09:31,367 [INFO] ThirdParty:1030 - CMSIS Pack Vendor :SEGGER I-CUBE-embOS 1.3.1
2026-02-24 20:09:31,367 [INFO] ThirdParty:1030 - CMSIS Pack Vendor :STMicroelectronics X-CUBE-ALGOBUILD 1.4.0
2026-02-24 20:09:31,367 [INFO] ThirdParty:1030 - CMSIS Pack Vendor :STMicroelectronics X-CUBE-DPower 1.3.0
2026-02-24 20:09:31,367 [INFO] ThirdParty:1030 - CMSIS Pack Vendor :STMicroelectronics USB_DEVICE 1.0.0
2026-02-24 20:09:31,367 [INFO] ThirdParty:1030 - CMSIS Pack Vendor :STMicroelectronics X-CUBE-AZRTOS-H7RS 1.2.0
2026-02-24 20:09:31,367 [INFO] ThirdParty:1030 - CMSIS Pack Vendor :STMicroelectronics X-CUBE-AZRTOS-L4 2.0.0
2026-02-24 20:09:31,367 [INFO] ThirdParty:1030 - CMSIS Pack Vendor :STMicroelectronics ThreadX 0.0.2
2026-02-24 20:09:31,367 [INFO] ThirdParty:1030 - CMSIS Pack Vendor :STMicroelectronics lwIP 2.1.2
2026-02-24 20:09:31,367 [INFO] ThirdParty:1030 - CMSIS Pack Vendor :STMicroelectronics X-CUBE-SFXS2LP1 4.0.0
2026-02-24 20:09:31,367 [INFO] ThirdParty:1030 - CMSIS Pack Vendor :STMicroelectronics X-CUBE-BLE2 3.3.0
2026-02-24 20:09:31,367 [INFO] ThirdParty:1030 - CMSIS Pack Vendor :Avnet-IOTCONNECT X-CUBE-iotc-st67-sdk 1.0.0
2026-02-24 20:09:31,367 [INFO] ThirdParty:1030 - CMSIS Pack Vendor :STMicroelectronics X-CUBE-TOF1 3.4.3
2026-02-24 20:09:31,367 [INFO] ThirdParty:1030 - CMSIS Pack Vendor :Infineon AIROC-Wi-Fi-Bluetooth-STM32 1.8.0
2026-02-24 20:09:31,367 [INFO] ThirdParty:1030 - CMSIS Pack Vendor :STMicroelectronics PDM2PCM 3.2.0
2026-02-24 20:09:31,367 [INFO] ThirdParty:1030 - CMSIS Pack Vendor :STMicroelectronics X-CUBE-ST67W61 1.2.0
2026-02-24 20:09:31,367 [INFO] ThirdParty:841 - exiting critical section [change project]
2026-02-24 20:09:31,561 [INFO] PinOutPanel:1589 - setPackage(No Configuration,No Configuration)
2026-02-24 20:09:31,582 [INFO] PinOutPanel:1589 - setPackage(STM32F103C8Tx,LQFP48)
2026-02-24 20:09:32,027 [INFO] UtilMem:75 - Before build in PCC Used Memory: 793876928 Bytes (1073741824)
2026-02-24 20:09:32,442 [INFO] UtilMem:75 - After build in PCC Used Memory: 836874704 Bytes (1073741824)
2026-02-24 20:09:32,468 [INFO] IPUIPlugin:80 - create IPUIPlugin
2026-02-24 20:09:32,469 [INFO] IPUIPlugin:80 - create IPUIPlugin
2026-02-24 20:09:32,469 [INFO] IPUIPlugin:80 - create IPUIPlugin
2026-02-24 20:09:32,469 [INFO] IPUIPlugin:80 - create IPUIPlugin
2026-02-24 20:09:32,469 [INFO] IPUIPlugin:80 - create IPUIPlugin
2026-02-24 20:09:32,470 [INFO] IPUIPlugin:80 - create IPUIPlugin
2026-02-24 20:09:32,470 [INFO] IPUIPlugin:80 - create IPUIPlugin
2026-02-24 20:09:32,470 [INFO] IPUIPlugin:80 - create IPUIPlugin
2026-02-24 20:09:32,470 [INFO] IPUIPlugin:80 - create IPUIPlugin
2026-02-24 20:09:32,470 [INFO] IPUIPlugin:80 - create IPUIPlugin
2026-02-24 20:09:32,471 [INFO] IPUIPlugin:80 - create IPUIPlugin
2026-02-24 20:09:32,471 [INFO] IPUIPlugin:80 - create IPUIPlugin
2026-02-24 20:09:32,471 [INFO] IPUIPlugin:80 - create IPUIPlugin
2026-02-24 20:09:32,471 [INFO] IPUIPlugin:80 - create IPUIPlugin
2026-02-24 20:09:32,471 [INFO] IPUIPlugin:80 - create IPUIPlugin
2026-02-24 20:09:32,472 [INFO] IPUIPlugin:80 - create IPUIPlugin
2026-02-24 20:09:32,472 [INFO] IPUIPlugin:80 - create IPUIPlugin
2026-02-24 20:09:32,472 [INFO] IPUIPlugin:80 - create IPUIPlugin
2026-02-24 20:09:32,472 [INFO] IPUIPlugin:80 - create IPUIPlugin
2026-02-24 20:09:32,473 [INFO] IPUIPlugin:80 - create IPUIPlugin
2026-02-24 20:09:32,473 [INFO] IPUIPlugin:80 - create IPUIPlugin
2026-02-24 20:09:32,473 [INFO] IPUIPlugin:80 - create IPUIPlugin
2026-02-24 20:09:32,474 [INFO] IPUIPlugin:80 - create IPUIPlugin
2026-02-24 20:09:32,474 [INFO] IPUIPlugin:80 - create IPUIPlugin
2026-02-24 20:09:32,474 [INFO] IPUIPlugin:80 - create IPUIPlugin
2026-02-24 20:09:32,475 [INFO] IPUIPlugin:80 - create IPUIPlugin
2026-02-24 20:09:32,475 [INFO] IPUIPlugin:80 - create IPUIPlugin
2026-02-24 20:09:32,546 [INFO] CADModel:165 - CPN selected for project levelSTM32F103C8T6
2026-02-24 20:09:32,546 [INFO] CADModel:114 - Register for checkConnection events
2026-02-24 20:09:32,605 [INFO] OpenFileManager:386 - Restore cursor
2026-02-24 20:09:32,991 [INFO] UtilMem:75 - End SaveConfig() Used Memory: 890868160 Bytes (1073741824)
2026-02-24 20:09:53,630 [INFO] McuFinderGlobals:76 - Set McuFinderConnectedMode to true
2026-02-24 20:09:54,077 [INFO] ApiDb:448 - Save user favorites file C:\Users\Ovi/.stm32cubeide/favorites.mcus.txt: 0 item(s)
2026-02-24 20:09:54,077 [INFO] ApiDb:452 - User favorites MCUs=[]
2026-02-24 20:10:19,891 [INFO] MainUpdater:2872 - connection check result : 10
2026-02-24 20:10:20,024 [INFO] McuFinderGlobals:76 - Set McuFinderConnectedMode to true
2026-02-24 20:10:20,025 [INFO] MultiScanPanel:200 - Auto-refresh data requested => check proxy status ongoing
2026-02-24 20:10:20,025 [INFO] FinderPluginLoader:96 - Searching for filters in installed packs
2026-02-24 20:10:20,786 [INFO] LoadUrlFilesThread:185 - End of LoadServerUrlFiles without Thread
2026-02-24 20:10:20,786 [INFO] DetailPanel:341 - Set advertising image to C:/Users/Ovi/STM32Cube/Repository/\en.prom-stm32cubeaistudio-0226.png
2026-02-24 20:10:42,952 [INFO] ApiDb:581 - Connected to CubeFinder SQLite database (C:\Users\Ovi\.stmcufinder\plugins\mcufinder\mcu\cube-finder-db.db)
2026-02-24 20:12:00,246 [INFO] MainUpdater:2872 - connection check result : 10
2026-02-24 20:12:00,246 [INFO] MainUpdater:2872 - connection check result : 10
2026-02-24 20:12:00,498 [INFO] MicroXplorer:468 - Change Database Path : 
2026-02-24 20:12:00,498 [INFO] MicroXplorer:498 - Change Database Version : DB.6.0.150
2026-02-24 20:12:00,509 [ERROR] ProjectManagerView:395 - 
java.lang.NullPointerException: Cannot invoke "javax.swing.JTextField.getText()" because the return value of "java.util.List.get(int)" is null
	at com.st.microxplorer.plugins.projectmanager.gui.ProjectChoiceTab$9.caretUpdate(ProjectChoiceTab.java:2706) ~[filemanager.jar:?]
	at javax.swing.text.JTextComponent.fireCaretUpdate(JTextComponent.java:408) ~[?:?]
	at javax.swing.text.JTextComponent$MutableCaretEvent.fire(JTextComponent.java:4484) ~[?:?]
	at javax.swing.text.JTextComponent$MutableCaretEvent.stateChanged(JTextComponent.java:4506) ~[?:?]
	at javax.swing.text.DefaultCaret.fireStateChanged(DefaultCaret.java:857) ~[?:?]
	at javax.swing.text.DefaultCaret.changeCaretPosition(DefaultCaret.java:1343) ~[?:?]
	at javax.swing.text.DefaultCaret.handleSetDot(DefaultCaret.java:1242) ~[?:?]
	at javax.swing.text.DefaultCaret.setDot(DefaultCaret.java:1223) ~[?:?]
	at javax.swing.text.DefaultCaret$Handler.insertUpdate(DefaultCaret.java:1819) ~[?:?]
	at javax.swing.text.AbstractDocument.fireInsertUpdate(AbstractDocument.java:227) ~[?:?]
	at javax.swing.text.AbstractDocument.handleInsertString(AbstractDocument.java:781) ~[?:?]
	at javax.swing.text.AbstractDocument.insertString(AbstractDocument.java:740) ~[?:?]
	at javax.swing.text.PlainDocument.insertString(PlainDocument.java:131) ~[?:?]
	at javax.swing.text.AbstractDocument.replace(AbstractDocument.java:699) ~[?:?]
	at javax.swing.text.JTextComponent.setText(JTextComponent.java:1725) ~[?:?]
	at com.st.microxplorer.plugins.projectmanager.gui.ProjectChoiceTab.createHeapStackFields(ProjectChoiceTab.java:993) ~[filemanager.jar:?]
	at com.st.microxplorer.plugins.projectmanager.gui.ProjectChoiceTab.buildLinkSettingsPanel(ProjectChoiceTab.java:3813) ~[filemanager.jar:?]
	at com.st.microxplorer.plugins.projectmanager.gui.ProjectChoiceTab.defineWindowsFields(ProjectChoiceTab.java:1987) ~[filemanager.jar:?]
	at com.st.microxplorer.plugins.projectmanager.gui.ProjectChoiceTab.updateSettings(ProjectChoiceTab.java:558) ~[filemanager.jar:?]
	at com.st.microxplorer.plugins.projectmanager.gui.ProjectSettingsPanel.UpdateDialog(ProjectSettingsPanel.java:247) ~[filemanager.jar:?]
	at com.st.microxplorer.plugins.projectmanager.ProjectManagerView.propertyChange(ProjectManagerView.java:392) ~[filemanager.jar:?]
	at java.beans.PropertyChangeSupport.fire(PropertyChangeSupport.java:343) ~[?:?]
	at java.beans.PropertyChangeSupport.firePropertyChange(PropertyChangeSupport.java:335) ~[?:?]
	at java.beans.PropertyChangeSupport.firePropertyChange(PropertyChangeSupport.java:268) ~[?:?]
	at com.st.microxplorer.util.MXPropertyChangeSupport.firePropertyChange(MXPropertyChangeSupport.java:54) ~[STM32CubeMX.jar:?]
	at com.st.microxplorer.mxsystem.MxSystem.closeConfig(MxSystem.java:899) ~[STM32CubeMX.jar:?]
	at com.st.microxplorer.maingui.MainPanel.closeConfig(MainPanel.java:792) ~[STM32CubeMX.jar:?]
	at com.st.microxplorer.plugins.filemanager.engine.OpenFileManager.loadConfigurationFile(OpenFileManager.java:288) ~[filemanager.jar:?]
	at com.st.microxplorer.plugins.filemanager.engine.MainFileManager.userLoadConfig(MainFileManager.java:364) ~[filemanager.jar:?]
	at com.st.microxplorer.plugins.filemanager.engine.MainFileManager.userLoadConfig(MainFileManager.java:342) ~[filemanager.jar:?]
	at com.st.microxplorer.plugins.filemanager.FileManagerView.getSpecificTask(FileManagerView.java:264) ~[filemanager.jar:?]
	at com.st.stm32cube.common.mx.editor.CubeMxEditor.getMxTabbedPaneInstance(CubeMxEditor.java:1198) ~[com.st.stm32cube.common.mx_6.15.0.202507011659/:?]
	at com.st.stm32cube.common.mx.editor.CubeMxEditor$12$1.createSwingComponent(CubeMxEditor.java:1068) ~[com.st.stm32cube.common.mx_6.15.0.202507011659/:?]
	at com.st.stm32cube.common.mx.oss.core.awtswtbridge.EmbeddedSwingComposite.doComponentCreation(EmbeddedSwingComposite.java:492) ~[com.st.stm32cube.common.mx.oss_6.15.0.202507011659/:?]
	at com.st.stm32cube.common.mx.oss.core.awtswtbridge.EmbeddedSwingComposite$4.run(EmbeddedSwingComposite.java:291) ~[com.st.stm32cube.common.mx.oss_6.15.0.202507011659/:?]
	at com.st.stm32cube.common.mx.oss.core.awtswtbridge.AwtEnvironment$2.run(AwtEnvironment.java:166) ~[com.st.stm32cube.common.mx.oss_6.15.0.202507011659/:?]
	at java.awt.event.InvocationEvent.dispatch(InvocationEvent.java:318) ~[?:?]
	at java.awt.EventQueue.dispatchEventImpl(EventQueue.java:773) ~[?:?]
	at java.awt.EventQueue$4.run(EventQueue.java:720) ~[?:?]
	at java.awt.EventQueue$4.run(EventQueue.java:714) ~[?:?]
	at java.security.AccessController.doPrivileged(AccessController.java:400) ~[?:?]
	at java.security.ProtectionDomain$JavaSecurityAccessImpl.doIntersectionPrivilege(ProtectionDomain.java:87) ~[?:?]
	at java.awt.EventQueue.dispatchEvent(EventQueue.java:742) ~[?:?]
	at java.awt.EventDispatchThread.pumpOneEventForFilters(EventDispatchThread.java:203) ~[?:?]
	at java.awt.EventDispatchThread.pumpEventsForFilter(EventDispatchThread.java:124) ~[?:?]
	at java.awt.EventDispatchThread.pumpEventsForHierarchy(EventDispatchThread.java:113) ~[?:?]
	at java.awt.EventDispatchThread.pumpEvents(EventDispatchThread.java:109) ~[?:?]
	at java.awt.EventDispatchThread.pumpEvents(EventDispatchThread.java:101) ~[?:?]
	at java.awt.EventDispatchThread.run(EventDispatchThread.java:90) ~[?:?]
2026-02-24 20:12:00,511 [WARN] ThirdParty:871 - waiting for thirdparty lock release [close project]
2026-02-24 20:12:00,512 [INFO] ThirdParty:873 - entering critical section [close project]
2026-02-24 20:12:00,512 [INFO] ThirdParty:883 - exiting critical section [close project]
2026-02-24 20:12:00,513 [INFO] PinOutPanel:1589 - setPackage(No Configuration,No Configuration)
2026-02-24 20:12:00,518 [INFO] UtilMem:75 - Begin LoadConfig() Used Memory: 827998880 Bytes (1073741824)
2026-02-24 20:12:00,518 [INFO] MicroXplorer:468 - Change Database Path : 
2026-02-24 20:12:00,518 [INFO] MicroXplorer:498 - Change Database Version : DB.6.0.150
2026-02-24 20:12:00,519 [INFO] OpenFileManager:355 - Change cursor
2026-02-24 20:12:00,553 [INFO] RulesReader:64 - Compatibility file has been processed (317 Rules)
2026-02-24 20:12:00,556 [INFO] Mcu:2029 - Initializing MCU STM32F103C8Tx STM32F103C8Tx STM32F103C8T6
2026-02-24 20:12:01,062 [INFO] Context:786 - Trying to add GPIOservice into a context  which must be forbidden
2026-02-24 20:12:01,250 [INFO] ImportTextPane:234 - (OptionalMessage_ERROR) Unable to find key (Mcu.ThirdPartyNb) in loaded IOC file
2026-02-24 20:12:01,250 [INFO] ImportTextPane:234 - (OptionalMessage_ERROR) Unable to find key (Mcu.PinsNb) in loaded IOC file
2026-02-24 20:12:01,251 [INFO] ImportTextPane:234 - (OptionalMessage_ERROR) Pin0 (VP_RIF_VS_RIF1) cannot be retrieved for this MCU
2026-02-24 20:12:01,251 [INFO] ImportTextPane:234 - (OptionalMessage_ERROR) Unable to find key (Mcu.IPNb) in loaded IOC file
2026-02-24 20:12:01,376 [INFO] RtosManager:558 - Registered RTOS mode: class=CMSIS, group=RTOS, mode=CMSIS_V1, owner=FREERTOS
2026-02-24 20:12:01,376 [INFO] RtosManager:558 - Registered RTOS mode: class=CMSIS, group=RTOS2, mode=CMSIS_V2, owner=FREERTOS
2026-02-24 20:12:01,376 [INFO] RtosManager:558 - Registered RTOS mode: class=RTOS, group=Core, mode=CMSIS_V1, owner=FREERTOS
2026-02-24 20:12:01,376 [INFO] RtosManager:558 - Registered RTOS mode: class=RTOS, group=Core, mode=CMSIS_V2, owner=FREERTOS
2026-02-24 20:12:01,376 [WARN] ModelIntegratedComponent:184 - Missing modes for component STMicroelectronics:FreeRTOS:0.0.1:STMicroelectronics:RTOS:FreeRTOS:Core:::10.2.0:
2026-02-24 20:12:01,383 [WARN] ModelIntegratedComponent:63 - No mode defined for component null
2026-02-24 20:12:01,383 [WARN] ModelIntegratedComponent:63 - No mode defined for component null
2026-02-24 20:12:01,383 [WARN] ModelIntegratedComponent:63 - No mode defined for component null
2026-02-24 20:12:01,383 [WARN] ModelIntegratedComponent:63 - No mode defined for component null
2026-02-24 20:12:01,383 [WARN] ModelIntegratedComponent:63 - No mode defined for component null
2026-02-24 20:12:01,383 [WARN] ModelIntegratedComponent:63 - No mode defined for component null
2026-02-24 20:12:01,384 [WARN] ModelIntegratedComponent:63 - No mode defined for component null
2026-02-24 20:12:01,384 [WARN] ModelIntegratedComponent:63 - No mode defined for component null
2026-02-24 20:12:01,384 [WARN] ModelIntegratedComponent:63 - No mode defined for component null
2026-02-24 20:12:01,384 [WARN] ModelIntegratedComponent:63 - No mode defined for component null
2026-02-24 20:12:01,384 [WARN] ModelIntegratedComponent:63 - No mode defined for component null
2026-02-24 20:12:01,384 [WARN] ModelIntegratedComponent:63 - No mode defined for component null
2026-02-24 20:12:01,384 [WARN] ModelIntegratedComponent:63 - No mode defined for component null
2026-02-24 20:12:01,384 [WARN] ModelIntegratedComponent:63 - No mode defined for component null
2026-02-24 20:12:01,384 [WARN] ModelIntegratedComponent:63 - No mode defined for component null
2026-02-24 20:12:01,384 [WARN] ModelIntegratedComponent:63 - No mode defined for component null
2026-02-24 20:12:01,384 [WARN] ModelIntegratedComponent:63 - No mode defined for component null
2026-02-24 20:12:01,384 [WARN] ModelIntegratedComponent:63 - No mode defined for component null
2026-02-24 20:12:01,384 [WARN] ModelIntegratedComponent:63 - No mode defined for component null
2026-02-24 20:12:01,384 [WARN] ModelIntegratedComponent:63 - No mode defined for component null
2026-02-24 20:12:01,384 [WARN] ModelIntegratedComponent:63 - No mode defined for component null
2026-02-24 20:12:01,384 [WARN] ModelIntegratedComponent:63 - No mode defined for component null
2026-02-24 20:12:01,384 [WARN] ModelIntegratedComponent:63 - No mode defined for component null
2026-02-24 20:12:01,384 [WARN] ModelIntegratedComponent:63 - No mode defined for component null
2026-02-24 20:12:01,385 [WARN] ModelIntegratedComponent:63 - No mode defined for component null
2026-02-24 20:12:01,385 [WARN] ModelIntegratedComponent:63 - No mode defined for component null
2026-02-24 20:12:01,385 [WARN] ModelIntegratedComponent:63 - No mode defined for component null
2026-02-24 20:12:01,385 [WARN] ModelIntegratedComponent:63 - No mode defined for component null
2026-02-24 20:12:01,385 [WARN] ModelIntegratedComponent:63 - No mode defined for component null
2026-02-24 20:12:01,385 [WARN] ModelIntegratedComponent:63 - No mode defined for component null
2026-02-24 20:12:01,385 [WARN] ModelIntegratedComponent:63 - No mode defined for component null
2026-02-24 20:12:01,385 [WARN] ModelIntegratedComponent:63 - No mode defined for component null
2026-02-24 20:12:01,385 [WARN] ModelIntegratedComponent:63 - No mode defined for component null
2026-02-24 20:12:01,385 [WARN] ModelIntegratedComponent:63 - No mode defined for component null
2026-02-24 20:12:01,385 [WARN] ModelIntegratedComponent:63 - No mode defined for component null
2026-02-24 20:12:01,385 [WARN] ModelPack:524 - Component already loaded: STMicroelectronics:HAL Drivers:0.0.0:STMicroelectronics:Device:STMicro_Driver:XSPI:HAL::0.0.1:HAL_XSPI
2026-02-24 20:12:01,408 [INFO] ThirdPartyModel:298 - Start build external matchings
2026-02-24 20:12:02,074 [INFO] ThirdPartyModel:316 - End build external matchings
2026-02-24 20:12:02,324 [INFO] UtilMem:75 - End LoadConfig() Used Memory: 900491032 Bytes (1073741824)
2026-02-24 20:12:02,350 [WARN] ThirdParty:833 - waiting for thirdparty lock release [change project]
2026-02-24 20:12:02,350 [INFO] ThirdParty:835 - entering critical section [change project]
2026-02-24 20:12:02,350 [INFO] ThirdParty:1030 - CMSIS Pack Vendor :STMicroelectronics X-CUBE-PM33A1 1.0.0
2026-02-24 20:12:02,350 [INFO] ThirdParty:1030 - CMSIS Pack Vendor :STMicroelectronics USBPD 4.1
2026-02-24 20:12:02,350 [INFO] ThirdParty:1030 - CMSIS Pack Vendor :STMicroelectronics X-CUBE-NFC9 1.0.0
2026-02-24 20:12:02,350 [INFO] ThirdParty:1030 - CMSIS Pack Vendor :STMicroelectronics USB_HOST 2.0.0
2026-02-24 20:12:02,350 [INFO] ThirdParty:1030 - CMSIS Pack Vendor :STMicroelectronics FP-SNS-MOTENVWB1 1.4.0
2026-02-24 20:12:02,350 [INFO] ThirdParty:1030 - CMSIS Pack Vendor :STMicroelectronics X-CUBE-AZRTOS-F4 1.1.0
2026-02-24 20:12:02,350 [INFO] ThirdParty:1030 - CMSIS Pack Vendor :STMicroelectronics LIBJPEG 8.0.0
2026-02-24 20:12:02,350 [INFO] ThirdParty:1030 - CMSIS Pack Vendor :STMicroelectronics FP-ATR-ASTRA1 2.0.2
2026-02-24 20:12:02,350 [INFO] ThirdParty:1030 - CMSIS Pack Vendor :wolfSSL I-CUBE-wolfSSL 5.8.2
2026-02-24 20:12:02,350 [INFO] ThirdParty:1030 - CMSIS Pack Vendor :STMicroelectronics X-CUBE-BLE1 7.1.0
2026-02-24 20:12:02,350 [INFO] ThirdParty:1030 - CMSIS Pack Vendor :STMicroelectronics X-CUBE-SMBUS 2.1.0
2026-02-24 20:12:02,350 [INFO] ThirdParty:1030 - CMSIS Pack Vendor :wolfSSL I-CUBE-wolfMQTT 1.19.2
2026-02-24 20:12:02,350 [INFO] ThirdParty:1030 - CMSIS Pack Vendor :STMicroelectronics USB_DEVICE 3.0.0
2026-02-24 20:12:02,350 [INFO] ThirdParty:1030 - CMSIS Pack Vendor :STMicroelectronics X-CUBE-ISPU 2.1.0
2026-02-24 20:12:02,351 [INFO] ThirdParty:1030 - CMSIS Pack Vendor :STMicroelectronics X-CUBE-FREERTOS 1.4.0
2026-02-24 20:12:02,351 [INFO] ThirdParty:1030 - CMSIS Pack Vendor :STMicroelectronics X-CUBE-EEPRMA1 5.2.0
2026-02-24 20:12:02,351 [INFO] ThirdParty:1030 - CMSIS Pack Vendor :STMicroelectronics X-CUBE-IPS 3.2.0
2026-02-24 20:12:02,351 [INFO] ThirdParty:1030 - CMSIS Pack Vendor :STMicroelectronics X-CUBE-BLEMGR 4.1.0
2026-02-24 20:12:02,351 [INFO] ThirdParty:1030 - CMSIS Pack Vendor :STMicroelectronics X-CUBE-AZRTOS-WB 2.0.0
2026-02-24 20:12:02,351 [INFO] ThirdParty:1030 - CMSIS Pack Vendor :Cesanta I-CUBE-Mongoose 7.20.0
2026-02-24 20:12:02,351 [INFO] ThirdParty:1030 - CMSIS Pack Vendor :STMicroelectronics X-CUBE-NFC12 1.0.0
2026-02-24 20:12:02,351 [INFO] ThirdParty:1030 - CMSIS Pack Vendor :STMicroelectronics X-CUBE-AZRTOS-F7 1.1.0
2026-02-24 20:12:02,351 [INFO] ThirdParty:1030 - CMSIS Pack Vendor :STMicroelectronics X-CUBE-AZRTOS-L5 2.0.0
2026-02-24 20:12:02,351 [INFO] ThirdParty:1030 - CMSIS Pack Vendor :STMicroelectronics USB_DEVICE 2.0.0
2026-02-24 20:12:02,351 [INFO] ThirdParty:1030 - CMSIS Pack Vendor :STMicroelectronics X-CUBE-NFC6 3.1.0
2026-02-24 20:12:02,351 [INFO] ThirdParty:1030 - CMSIS Pack Vendor :STMicroelectronics X-CUBE-ST67W61 1.1.0
2026-02-24 20:12:02,351 [INFO] ThirdParty:1030 - CMSIS Pack Vendor :quantropi X-CUBE-qispace-sdk-base 2.1.0
2026-02-24 20:12:02,351 [INFO] ThirdParty:1030 - CMSIS Pack Vendor :STMicroelectronics X-CUBE-MEMS1 12.0.0
2026-02-24 20:12:02,351 [INFO] ThirdParty:1030 - CMSIS Pack Vendor :STMicroelectronics X-CUBE-STSE01 2.0.0
2026-02-24 20:12:02,351 [INFO] ThirdParty:1030 - CMSIS Pack Vendor :STMicroelectronics FP-SNS-MOTENV1 5.1.0
2026-02-24 20:12:02,351 [INFO] ThirdParty:1030 - CMSIS Pack Vendor :STMicroelectronics FreeRTOS 0.0.1
2026-02-24 20:12:02,351 [INFO] ThirdParty:1030 - CMSIS Pack Vendor :STMicroelectronics X-CUBE-AZRTOS-G0 1.1.0
2026-02-24 20:12:02,351 [INFO] ThirdParty:1030 - CMSIS Pack Vendor :STMicroelectronics X-CUBE-NFC4 3.0.0
2026-02-24 20:12:02,351 [INFO] ThirdParty:1030 - CMSIS Pack Vendor :STMicroelectronics X-CUBE-SUBG2 5.0.0
2026-02-24 20:12:02,351 [INFO] ThirdParty:1030 - CMSIS Pack Vendor :STMicroelectronics STM32_WPAN 1.0.0
2026-02-24 20:12:02,351 [INFO] ThirdParty:1030 - CMSIS Pack Vendor :EmbeddedOffice I-CUBE-FS-RTOS 1.0.1
2026-02-24 20:12:02,351 [INFO] ThirdParty:1030 - CMSIS Pack Vendor :STMicroelectronics lwIP 2.0.3
2026-02-24 20:12:02,351 [INFO] ThirdParty:1030 - CMSIS Pack Vendor :WES I-CUBE-Cesium 1.4.0
2026-02-24 20:12:02,351 [INFO] ThirdParty:1030 - CMSIS Pack Vendor :STMicroelectronics USB_HOST 1.0.0
2026-02-24 20:12:02,351 [INFO] ThirdParty:1030 - CMSIS Pack Vendor :STMicroelectronics X-CUBE-AZRTOS-G4 2.0.0
2026-02-24 20:12:02,351 [INFO] ThirdParty:1030 - CMSIS Pack Vendor :STMicroelectronics X-CUBE-WB05N 2.0.0
2026-02-24 20:12:02,351 [INFO] ThirdParty:1030 - CMSIS Pack Vendor :STMicroelectronics PDM2PCM 3.1.0
2026-02-24 20:12:02,351 [INFO] ThirdParty:1030 - CMSIS Pack Vendor :STMicroelectronics PDM2PCM 3.3.0
2026-02-24 20:12:02,351 [INFO] ThirdParty:1030 - CMSIS Pack Vendor :wolfSSL I-CUBE-wolfTPM 3.8.0
2026-02-24 20:12:02,352 [INFO] ThirdParty:1030 - CMSIS Pack Vendor :STMicroelectronics X-CUBE-AZRTOS-H7 3.4.0
2026-02-24 20:12:02,352 [INFO] ThirdParty:1030 - CMSIS Pack Vendor :STMicroelectronics X-CUBE-DISPLAY 3.0.0
2026-02-24 20:12:02,352 [INFO] ThirdParty:1030 - CMSIS Pack Vendor :wolfSSL I-CUBE-wolfSSH 1.4.20
2026-02-24 20:12:02,352 [INFO] ThirdParty:1030 - CMSIS Pack Vendor :STMicroelectronics X-CUBE-NFC7 2.0.0
2026-02-24 20:12:02,352 [INFO] ThirdParty:1030 - CMSIS Pack Vendor :STMicroelectronics FP-SNS-MOTENVWB1 1.5.0
2026-02-24 20:12:02,352 [INFO] ThirdParty:1030 - CMSIS Pack Vendor :STMicroelectronics X-CUBE-TCPP 4.2.0
2026-02-24 20:12:02,352 [INFO] ThirdParty:1030 - CMSIS Pack Vendor :RealThread X-CUBE-RT-Thread_Nano 4.1.1
2026-02-24 20:12:02,352 [INFO] ThirdParty:1030 - CMSIS Pack Vendor :STMicroelectronics FP-ATR-SIGFOX1 3.2.0
2026-02-24 20:12:02,352 [INFO] ThirdParty:1030 - CMSIS Pack Vendor :STMicroelectronics X-CUBE-NFC10 1.0.0
2026-02-24 20:12:02,352 [INFO] ThirdParty:1030 - CMSIS Pack Vendor :STMicroelectronics HAL Drivers 0.0.0
2026-02-24 20:12:02,352 [INFO] ThirdParty:1030 - CMSIS Pack Vendor :STMicroelectronics MBEDTLS 2.16.2
2026-02-24 20:12:02,352 [INFO] ThirdParty:1030 - CMSIS Pack Vendor :STMicroelectronics X-CUBE-ST60 1.1.0
2026-02-24 20:12:02,352 [INFO] ThirdParty:1030 - CMSIS Pack Vendor :STMicroelectronics X-CUBE-ALS 1.0.2
2026-02-24 20:12:02,352 [INFO] ThirdParty:1030 - CMSIS Pack Vendor :emotas I-CUBE-CANOPEN 1.3.0
2026-02-24 20:12:02,352 [INFO] ThirdParty:1030 - CMSIS Pack Vendor :STMicroelectronics MBEDTLS 2.14.1
2026-02-24 20:12:02,352 [INFO] ThirdParty:1030 - CMSIS Pack Vendor :STMicroelectronics X-CUBE-GNSS1 7.1.0
2026-02-24 20:12:02,352 [INFO] ThirdParty:1030 - CMSIS Pack Vendor :ITTIA_DB I-CUBE-ITTIADB 8.9.0
2026-02-24 20:12:02,353 [INFO] ThirdParty:1030 - CMSIS Pack Vendor :STMicroelectronics X-CUBE-TOUCHGFX 4.26.0
2026-02-24 20:12:02,353 [INFO] ThirdParty:1030 - CMSIS Pack Vendor :STMicroelectronics X-CUBE-STSE01 1.0.0
2026-02-24 20:12:02,353 [INFO] ThirdParty:1030 - CMSIS Pack Vendor :STMicroelectronics X-CUBE-NFC6 3.2.0
2026-02-24 20:12:02,353 [INFO] ThirdParty:1030 - CMSIS Pack Vendor :STMicroelectronics FP-SNS-STBOX1 2.1.0
2026-02-24 20:12:02,353 [INFO] ThirdParty:1030 - CMSIS Pack Vendor :STMicroelectronics X-CUBE-AI 10.2.0
2026-02-24 20:12:02,353 [INFO] ThirdParty:1030 - CMSIS Pack Vendor :STMicroelectronics FP-SNS-STAIOTCFT 1.0.0
2026-02-24 20:12:02,353 [INFO] ThirdParty:1030 - CMSIS Pack Vendor :STMicroelectronics ThreadX 1.0.0
2026-02-24 20:12:02,353 [INFO] ThirdParty:1030 - CMSIS Pack Vendor :STMicroelectronics FP-SNS-SMARTAG2 1.2.0
2026-02-24 20:12:02,353 [INFO] ThirdParty:1030 - CMSIS Pack Vendor :STMicroelectronics FP-SNS-FLIGHT1 5.1.0
2026-02-24 20:12:02,353 [INFO] ThirdParty:1030 - CMSIS Pack Vendor :STMicroelectronics X-CUBE-AZRTOS-WL 2.0.0
2026-02-24 20:12:02,353 [INFO] ThirdParty:1030 - CMSIS Pack Vendor :SEGGER I-CUBE-embOS 1.3.1
2026-02-24 20:12:02,353 [INFO] ThirdParty:1030 - CMSIS Pack Vendor :STMicroelectronics X-CUBE-ALGOBUILD 1.4.0
2026-02-24 20:12:02,353 [INFO] ThirdParty:1030 - CMSIS Pack Vendor :STMicroelectronics X-CUBE-DPower 1.3.0
2026-02-24 20:12:02,353 [INFO] ThirdParty:1030 - CMSIS Pack Vendor :STMicroelectronics USB_DEVICE 1.0.0
2026-02-24 20:12:02,353 [INFO] ThirdParty:1030 - CMSIS Pack Vendor :STMicroelectronics X-CUBE-AZRTOS-H7RS 1.2.0
2026-02-24 20:12:02,353 [INFO] ThirdParty:1030 - CMSIS Pack Vendor :STMicroelectronics X-CUBE-AZRTOS-L4 2.0.0
2026-02-24 20:12:02,353 [INFO] ThirdParty:1030 - CMSIS Pack Vendor :STMicroelectronics ThreadX 0.0.2
2026-02-24 20:12:02,353 [INFO] ThirdParty:1030 - CMSIS Pack Vendor :STMicroelectronics lwIP 2.1.2
2026-02-24 20:12:02,353 [INFO] ThirdParty:1030 - CMSIS Pack Vendor :STMicroelectronics X-CUBE-SFXS2LP1 4.0.0
2026-02-24 20:12:02,353 [INFO] ThirdParty:1030 - CMSIS Pack Vendor :STMicroelectronics X-CUBE-BLE2 3.3.0
2026-02-24 20:12:02,353 [INFO] ThirdParty:1030 - CMSIS Pack Vendor :Avnet-IOTCONNECT X-CUBE-iotc-st67-sdk 1.0.0
2026-02-24 20:12:02,354 [INFO] ThirdParty:1030 - CMSIS Pack Vendor :STMicroelectronics X-CUBE-TOF1 3.4.3
2026-02-24 20:12:02,354 [INFO] ThirdParty:1030 - CMSIS Pack Vendor :Infineon AIROC-Wi-Fi-Bluetooth-STM32 1.8.0
2026-02-24 20:12:02,354 [INFO] ThirdParty:1030 - CMSIS Pack Vendor :STMicroelectronics PDM2PCM 3.2.0
2026-02-24 20:12:02,354 [INFO] ThirdParty:1030 - CMSIS Pack Vendor :STMicroelectronics X-CUBE-ST67W61 1.2.0
2026-02-24 20:12:02,354 [INFO] ThirdParty:841 - exiting critical section [change project]
2026-02-24 20:12:02,521 [INFO] PinOutPanel:1589 - setPackage(No Configuration,No Configuration)
2026-02-24 20:12:02,522 [INFO] PinOutPanel:1589 - setPackage(STM32F103C8Tx,LQFP48)
2026-02-24 20:12:02,888 [INFO] UtilMem:75 - Before build in PCC Used Memory: 738486840 Bytes (1073741824)
2026-02-24 20:12:03,173 [INFO] UtilMem:75 - After build in PCC Used Memory: 781478456 Bytes (1073741824)
2026-02-24 20:12:03,189 [INFO] IPUIPlugin:80 - create IPUIPlugin
2026-02-24 20:12:03,189 [INFO] IPUIPlugin:80 - create IPUIPlugin
2026-02-24 20:12:03,190 [INFO] IPUIPlugin:80 - create IPUIPlugin
2026-02-24 20:12:03,190 [INFO] IPUIPlugin:80 - create IPUIPlugin
2026-02-24 20:12:03,190 [INFO] IPUIPlugin:80 - create IPUIPlugin
2026-02-24 20:12:03,190 [INFO] IPUIPlugin:80 - create IPUIPlugin
2026-02-24 20:12:03,190 [INFO] IPUIPlugin:80 - create IPUIPlugin
2026-02-24 20:12:03,190 [INFO] IPUIPlugin:80 - create IPUIPlugin
2026-02-24 20:12:03,190 [INFO] IPUIPlugin:80 - create IPUIPlugin
2026-02-24 20:12:03,190 [INFO] IPUIPlugin:80 - create IPUIPlugin
2026-02-24 20:12:03,191 [INFO] IPUIPlugin:80 - create IPUIPlugin
2026-02-24 20:12:03,191 [INFO] IPUIPlugin:80 - create IPUIPlugin
2026-02-24 20:12:03,191 [INFO] IPUIPlugin:80 - create IPUIPlugin
2026-02-24 20:12:03,191 [INFO] IPUIPlugin:80 - create IPUIPlugin
2026-02-24 20:12:03,191 [INFO] IPUIPlugin:80 - create IPUIPlugin
2026-02-24 20:12:03,192 [INFO] IPUIPlugin:80 - create IPUIPlugin
2026-02-24 20:12:03,192 [INFO] IPUIPlugin:80 - create IPUIPlugin
2026-02-24 20:12:03,192 [INFO] IPUIPlugin:80 - create IPUIPlugin
2026-02-24 20:12:03,192 [INFO] IPUIPlugin:80 - create IPUIPlugin
2026-02-24 20:12:03,192 [INFO] IPUIPlugin:80 - create IPUIPlugin
2026-02-24 20:12:03,192 [INFO] IPUIPlugin:80 - create IPUIPlugin
2026-02-24 20:12:03,192 [INFO] IPUIPlugin:80 - create IPUIPlugin
2026-02-24 20:12:03,193 [INFO] IPUIPlugin:80 - create IPUIPlugin
2026-02-24 20:12:03,193 [INFO] IPUIPlugin:80 - create IPUIPlugin
2026-02-24 20:12:03,193 [INFO] IPUIPlugin:80 - create IPUIPlugin
2026-02-24 20:12:03,193 [INFO] IPUIPlugin:80 - create IPUIPlugin
2026-02-24 20:12:03,194 [INFO] IPUIPlugin:80 - create IPUIPlugin
2026-02-24 20:12:03,218 [INFO] CADModel:165 - CPN selected for project levelSTM32F103C8T6
2026-02-24 20:12:03,218 [INFO] CADModel:114 - Register for checkConnection events
2026-02-24 20:12:03,274 [INFO] OpenFileManager:386 - Restore cursor
2026-02-24 20:12:03,528 [INFO] UtilMem:75 - End SaveConfig() Used Memory: 837254504 Bytes (1073741824)
2026-02-24 20:13:48,444 [INFO] McuFinderGlobals:76 - Set McuFinderConnectedMode to true
2026-02-24 20:13:48,733 [INFO] ApiDb:448 - Save user favorites file C:\Users\Ovi/.stm32cubeide/favorites.mcus.txt: 0 item(s)
2026-02-24 20:13:48,733 [INFO] ApiDb:452 - User favorites MCUs=[]
2026-02-24 20:15:08,194 [INFO] MainUpdater:2872 - connection check result : 10
2026-02-24 20:15:08,258 [INFO] MainUpdater:3604 - Updater definition file requires update
2026-02-24 20:15:08,504 [INFO] ServerAccessManage:452 - Complete download http(s) 200
2026-02-24 20:15:08,505 [INFO] ServerAccessManage:509 - Download File updaters.zip
2026-02-24 20:15:08,622 [INFO] FileExtend:248 - Unzip File : updaters.zip
2026-02-24 20:15:08,622 [INFO] FileExtend:263 - Standard Zip Deflate
2026-02-24 20:15:09,359 [INFO] ServerAccessManage:452 - Complete download http(s) 200
2026-02-24 20:15:09,359 [INFO] ServerAccessManage:509 - Download File PacksControlFlags.xml
2026-02-24 20:15:09,573 [INFO] ServerAccessManage:452 - Complete download http(s) 200
2026-02-24 20:15:09,573 [INFO] ServerAccessManage:509 - Download File cubemx.pidx
2026-02-24 20:15:09,769 [INFO] ThirdPartyModel:298 - Start build external matchings
2026-02-24 20:15:10,963 [ERROR] CheckServerUpdateThread:123 - Unexpected exception CheckServer ThreadAttempted to use a closed object.

You're trying to call a method of a closed object. Usually, it happens when you
call the `close()` method of an object (or its owner) prior to calling methods
of that object.

Another common cause of this exception is working with cached DOM or JavaScript
objects. For example, if you navigate to another web page and try to call
a method of a DOM or a JavaScript object from the previous page, you will get
this exception.

It's also possible that the native Chromium process has crashed. In that case,
all the objects that belong to that process are closed automatically.

The following article explains this exception in detail: https://links.teamdev.com/jxbrowser-object-closed-exception

2026-02-24 20:15:11,553 [INFO] ThirdPartyModel:316 - End build external matchings
2026-02-24 20:15:11,563 [INFO] LoadServerUpdatesThread:375 - End of LoadServerUpdate Thread
2026-02-24 20:15:23,750 [INFO] MainUpdater:2872 - connection check result : 10
2026-02-24 20:15:23,903 [ERROR] CheckServerUpdateThread:123 - Unexpected exception CheckServer ThreadAttempted to use a closed object.

You're trying to call a method of a closed object. Usually, it happens when you
call the `close()` method of an object (or its owner) prior to calling methods
of that object.

Another common cause of this exception is working with cached DOM or JavaScript
objects. For example, if you navigate to another web page and try to call
a method of a DOM or a JavaScript object from the previous page, you will get
this exception.

It's also possible that the native Chromium process has crashed. In that case,
all the objects that belong to that process are closed automatically.

The following article explains this exception in detail: https://links.teamdev.com/jxbrowser-object-closed-exception

2026-02-24 20:16:30,599 [INFO] MainUpdater:2872 - connection check result : 10
2026-02-24 20:16:30,762 [ERROR] CheckServerUpdateThread:123 - Unexpected exception CheckServer ThreadAttempted to use a closed object.

You're trying to call a method of a closed object. Usually, it happens when you
call the `close()` method of an object (or its owner) prior to calling methods
of that object.

Another common cause of this exception is working with cached DOM or JavaScript
objects. For example, if you navigate to another web page and try to call
a method of a DOM or a JavaScript object from the previous page, you will get
this exception.

It's also possible that the native Chromium process has crashed. In that case,
all the objects that belong to that process are closed automatically.

The following article explains this exception in detail: https://links.teamdev.com/jxbrowser-object-closed-exception

2026-02-24 20:24:41,642 [INFO] MainUpdater:2872 - connection check result : 10
2026-02-24 20:24:41,806 [ERROR] CheckServerUpdateThread:123 - Unexpected exception CheckServer ThreadAttempted to use a closed object.

You're trying to call a method of a closed object. Usually, it happens when you
call the `close()` method of an object (or its owner) prior to calling methods
of that object.

Another common cause of this exception is working with cached DOM or JavaScript
objects. For example, if you navigate to another web page and try to call
a method of a DOM or a JavaScript object from the previous page, you will get
this exception.

It's also possible that the native Chromium process has crashed. In that case,
all the objects that belong to that process are closed automatically.

The following article explains this exception in detail: https://links.teamdev.com/jxbrowser-object-closed-exception

